code_barre,url
8437023818046,https://www.zooplus.fr/shop/chiens/pathologies_canines/croquettes_boites_chien_sterilise_castre/9980041672
4260488281087,https://www.zooplus.fr/shop/chiens/friandises_chien/friandises_sans_cereales_chien/9980062320
4060629100761,https://www.zooplus.fr/shop/chiens/friandises_chien/chiens_ages/9980012265
4260488284514,https://www.zooplus.fr/shop/chiens/friandises_chien/friandises_sans_cereales_chien/9980062238
9120100970018,https://www.zooplus.fr/shop/chiens/croquettes_chien/adulte/9980002969
4260697462178,https://www.zooplus.fr/shop/chiens/croquettes_chien/adulte/9980063654
52742865201,https://www.zooplus.fr/shop/chiens/croquettes_chien_races/races_moyennes/9980009725
5012113002982,https://www.zooplus.fr/shop/chiens/croquettes_chien/adulte/9980002411
3700469697823,https://www.zooplus.fr/shop/chiens/friandises_chien/bois_corne_sabot/9980000201
4062911059474,https://www.zooplus.fr/shop/chiens/croquettes_chien/rocco_croquettes/a_decouvrir/2402401
4260697462666,https://www.zooplus.fr/shop/chiens/friandises_chien/biscuit_gateau_sec_friandises_chien/9980064452
4260488282220,https://www.zooplus.fr/shop/chiens/friandises_chien/friandises_sans_cereales_chien/9980062302
4262500460081,https://www.zooplus.fr/shop/chiens/croquettes_chien/adulte/9980063450
3664499000377,https://www.zooplus.fr/shop/chiens/complements_alimentaires_chien/mp_labo/9980012702
3760368528529,https://www.zooplus.fr/shop/chiens/friandises_chien/petites_friandises/9980011312
4260275024439,https://www.zooplus.fr/shop/chiens/boites_sachets_barquettes_chien/fleischeslust/9980008296
3182550748315,https://www.zooplus.fr/shop/chiens/croquettes_chien/royal_canin_veterinary_diet/reins_voies_urinaires_chien_croquettes_royal_canin/2557030
4260361031594,https://www.zooplus.fr/shop/chiens/friandises_chien/chiens_ages/9980012296
4260488280356,https://www.zooplus.fr/shop/chiens/friandises_chien/friandises_sans_cereales_chien/9980062285
4032326019288,https://www.zooplus.fr/shop/chiens/complements_alimentaires_chien/luposan_complements_alimentaires_chien/complement_chien_luposan/1373851
8425402749814,https://www.zooplus.fr/shop/chiens/friandises_chien/9980010527
5000166159463,https://www.zooplus.fr/shop/chiens/croquettes_chien/james_wellbeloved_croquettes_chiens/sans_cereales/589889
3700469699087,https://www.zooplus.fr/shop/chiens/friandises_chien/bois_corne_sabot/9980000198
4062911013377,https://www.zooplus.fr/shop/chiens/boites_sachets_barquettes_chien/rocco_boites_chien/offres_essai_rocco/214222
3770000461701,https://www.zooplus.fr/shop/chiens/friandises_chien/9980052300
8021680751909,https://www.zooplus.fr/shop/chiens/complements_alimentaires_chien/complements_alimentaires_chien_huile_liquide/9980015178
4062911039209,https://www.zooplus.fr/shop/chiens/boites_sachets_barquettes_chien/rocco_boites_chien/offres_essai_rocco/1746340
52742038797,https://www.zooplus.fr/shop/chiens/croquettes_chien_races/races_moyennes/9980010559
4260748897539,https://www.zooplus.fr/shop/chiens/croquettes_chien/adulte/9980180073
3561963600135,https://www.zooplus.fr/shop/chiens/croquettes_chien/virbac_vet_hpm/9980006832
3770034356226,https://www.zooplus.fr/shop/chiens/complements_alimentaires_chien/ossature_articulations_chien/9980178270
4260697462833,https://www.zooplus.fr/shop/chiens/croquettes_chien/adulte/9980063441
8413037331702,https://www.zooplus.fr/shop/chiens/croquettes_chien_races/races_moyennes/9980065921
4250078971108,https://www.zooplus.fr/shop/chiens/friandises_chien/chiens_ages/9980006557
8683769638442,https://www.zooplus.fr/shop/chiens/friandises_chien/friandises_chien_bandes/9980050112
9120063682720,https://www.zooplus.fr/shop/chiens/boites_sachets_barquettes_chien/dogs_love/1851851
4060629153750,https://www.zooplus.fr/shop/chiens/friandises_chien/chiens_ages/9980012293
64992525170,https://www.zooplus.fr/shop/chiens/croquettes_chien/9980002812
4060629157086,https://www.zooplus.fr/shop/chiens/friandises_chien/petites_friandises/9980064706
8010276036643,https://www.zooplus.fr/shop/chiens/croquettes_chien/adulte/9980066641
64992714772,https://www.zooplus.fr/shop/chiens/croquettes_chien/adulte/9980002080
8011391069813,https://www.zooplus.fr/shop/chiens/friandises_chien/lyophilisees/9980061690
3700469699766,https://www.zooplus.fr/shop/chiens/friandises_chien/bois_corne_sabot/9980055904
0052742041711,https://www.zooplus.fr/shop/chiens/croquettes_chien_races/races_moyennes/9980010571
4250078980605,https://www.zooplus.fr/shop/chiens/boites_sachets_barquettes_chien/petit_chien/9980064491
4260688856559,https://www.zooplus.fr/shop/chiens/boites_sachets_barquettes_chien/purbello/1861483
4262500460937,https://www.zooplus.fr/shop/chiens/croquettes_chien/riche_en_viande/9980063661
4260756991236,https://www.zooplus.fr/shop/chiens/boites_sachets_barquettes_chien/adulte/9980003097
3760401052691,https://www.zooplus.fr/shop/chiens/friandises_chien/bois_corne_sabot/9980012996
4260748893555,https://www.zooplus.fr/shop/chiens/boites_sachets_barquettes_chien/petit_chien/9980180110
3666639118690,https://www.zooplus.fr/shop/chiens/friandises_chien/bois_corne_sabot/9980067300
4260578754330,https://www.zooplus.fr/shop/chiens/friandises_chien/friandises_chien_bandes/snacks/2188526
3760401051281,https://www.zooplus.fr/shop/chiens/friandises_chien/9980012953
4260496590218,https://www.zooplus.fr/shop/chiens/friandises_chien/petites_friandises/9980000342
52742048123,https://www.zooplus.fr/shop/chiens/croquettes_chien_races/races_moyennes/9980013873
4060629099843,https://www.zooplus.fr/shop/chiens/friandises_chien/chiens_ages/9980012203
5012113001312,https://www.zooplus.fr/shop/chiens/croquettes_chien/adulte/9980002151
8721551681334,https://www.zooplus.fr/shop/chiens/friandises_chien/bois_corne_sabot/9980073671
3700469699773,https://www.zooplus.fr/shop/chiens/friandises_chien/bois_corne_sabot/9980063098
4260697461812,https://www.zooplus.fr/shop/chiens/friandises_chien/petites_friandises/9980063494
3401144846504,https://www.zooplus.fr/shop/chiens/complements_alimentaires_chien/mp_labo/9980007085
3700469698301,https://www.zooplus.fr/shop/chiens/friandises_chien/bois_corne_sabot/9980000199
5060481898652,https://www.zooplus.fr/shop/chiens/boites_sachets_barquettes_chien/applaws_boites_chien/sachets_chien_applaws/1317173
4260488282251,https://www.zooplus.fr/shop/chiens/friandises_chien/friandises_sans_cereales_chien/9980062307
3701451008672,https://www.zooplus.fr/shop/chiens/friandises_chien/friandises_chien_volaille/9980005212
3666639124691,https://www.zooplus.fr/shop/chiens/friandises_chien/bois_corne_sabot/9980067294
3182550815505,https://www.zooplus.fr/shop/chiens/croquettes_chien/adulte/9980007057
8010690207711,https://www.zooplus.fr/shop/chiens/friandises_chien/friandises_batonnet_chien/batonnets_vegetariens/1924583
9120063684120,https://www.zooplus.fr/shop/chiens/complements_alimentaires_chien/complements_alimentaires_chien_huile_liquide/9980049539
4260697460457,https://www.zooplus.fr/shop/chiens/friandises_chien/friandises_os_chien/9980000460
4260488283449,https://www.zooplus.fr/shop/chiens/friandises_chien/friandises_sans_cereales_chien/9980062368
0656272115500,https://www.zooplus.fr/shop/chiens/croquettes_chien/9980048639
4047459009907,https://www.zooplus.fr/shop/chiens/boites_sachets_barquettes_chien/adulte/9980066629
5430003157800,https://www.zooplus.fr/shop/chiens/boites_sachets_barquettes_chien/petit_chien/9980001126
4260697460907,https://www.zooplus.fr/shop/chiens/friandises_chien/friandises_os_chien/9980000703
8020245712836,https://www.zooplus.fr/shop/chiens/boites_sachets_barquettes_chien/forza10_boites_chien/boites_forza10_maintenance_chien/2212771
8010276033628,https://www.zooplus.fr/shop/chiens/croquettes_chien/croquettes/9980066318
4260496590058,https://www.zooplus.fr/shop/chiens/complements_alimentaires_chien/pelage_peau_chien/9980001045
3561963603211,https://www.zooplus.fr/shop/chiens/croquettes_chien/virbac_vet_hpm/9980006890
5701170111316,https://www.zooplus.fr/shop/chiens/croquettes_chien/adulte/9980006874
7350118550663,https://www.zooplus.fr/shop/chiens/croquettes_chien/adulte/9980066693
4260488284088,https://www.zooplus.fr/shop/chiens/friandises_chien/friandises_sans_cereales_chien/9980062290
4060629081381,https://www.zooplus.fr/shop/chiens/friandises_chien/chiens_ages/9980012239
5400585200119,https://www.zooplus.fr/shop/chiens/friandises_chien/petites_friandises/9980005652
3700545300531,https://www.zooplus.fr/shop/chiens/complements_alimentaires_chien/complements_alimentaires_chien_huile_liquide/9980006788
3760401050284,https://www.zooplus.fr/shop/chiens/croquettes_chien/adulte/9980048725
8010276033291,https://www.zooplus.fr/shop/chiens/croquettes_chien/adulte/9980066570
3700971800094,https://www.zooplus.fr/shop/chiens/croquettes_chien/adulte/9980066895
3336024829530,https://www.zooplus.fr/shop/chiens/friandises_chien/petites_friandises/9980063485
0064992502201,https://www.zooplus.fr/shop/chiens/croquettes_chien/9980002805
4260748894637,https://www.zooplus.fr/shop/chiens/boites_sachets_barquettes_chien/petit_chien/9980180117
4062911039032,https://www.zooplus.fr/shop/chiens/friandises_chien/briantos_fitbites/1976484
6430032290546,https://www.zooplus.fr/shop/chiens/complements_alimentaires_chien/pelage_peau_chien/9980066573
3336024826638,https://www.zooplus.fr/shop/chiens/friandises_chien/petites_friandises/9980005606
3700525905480,https://www.zooplus.fr/shop/chiens/complements_alimentaires_chien/complements_alimentaires_chien_huile_liquide/9980000765
3700454504112,https://www.zooplus.fr/shop/chiens/complements_alimentaires_chien/complements_alimentaires_chien_huile_liquide/9980006904
3700525917308,https://www.zooplus.fr/shop/chiens/complements_alimentaires_chien/complements_alimentaires_chien_huile_liquide/9980000749
4260697461478,https://www.zooplus.fr/shop/chiens/friandises_chien/petites_friandises/9980063837
8011391601006,https://www.zooplus.fr/shop/chiens/croquettes_chien/adulte/9980061701
5430001795561,https://www.zooplus.fr/shop/chiens/friandises_chien/friandises_sans_cereales_chien/9980005513
4260488283753,https://www.zooplus.fr/shop/chiens/friandises_chien/friandises_sans_cereales_chien/9980062343
3336024828601,https://www.zooplus.fr/shop/chiens/friandises_chien/petites_friandises/9980005557
4270001670397,https://www.zooplus.fr/shop/chiens/croquettes_chien/riche_en_viande/9980001229
3760401051212,https://www.zooplus.fr/shop/chiens/friandises_chien/9980012981
4260488285122,https://www.zooplus.fr/shop/chiens/friandises_chien/friandises_sans_cereales_chien/9980062223
4260488286006,https://www.zooplus.fr/shop/chiens/friandises_chien/friandises_sans_cereales_chien/9980062233
3700469698264,https://www.zooplus.fr/shop/chiens/complements_alimentaires_chien/complements_alimentaires_chien_huile_liquide/9980000320
8429037030088,https://www.zooplus.fr/shop/chiens/boites_sachets_barquettes_chien/adulte/9980014615
4060629149852,https://www.zooplus.fr/shop/chiens/friandises_chien/chiens_ages/9980012205
8683769632136,https://www.zooplus.fr/shop/chiens/friandises_chien/friandises_chien_bandes/9980049604
8011391681121,https://www.zooplus.fr/shop/chiens/croquettes_chien/adulte/9980061696
8020997011812,https://www.zooplus.fr/shop/chiens/croquettes_chien/adulte/9980011319
4260488280585,https://www.zooplus.fr/shop/chiens/friandises_chien/friandises_sans_cereales_chien/9980062279
3760404050403,https://www.zooplus.fr/shop/chiens/croquettes_chien/adulte/9980013808
5430001795035,https://www.zooplus.fr/shop/chiens/croquettes_chien/adulte/9980003153
4260697461690,https://www.zooplus.fr/shop/chiens/friandises_chien/petites_friandises/9980061295
4260488282770,https://www.zooplus.fr/shop/chiens/friandises_chien/friandises_sans_cereales_chien/9980062197
52742042237,https://www.zooplus.fr/shop/chiens/croquettes_chien_races/races_moyennes/9980013380
3760337660311,https://www.zooplus.fr/shop/chiens/croquettes_chien/adulte/9980006391
4260606718242,https://www.zooplus.fr/shop/chiens/complements_alimentaires_chien/complements_alimentaires_chien_poudre_farine/autres_produits/1991652
3760022740373,https://www.zooplus.fr/shop/chiens/complements_alimentaires_chien/complements_alimentaires_chien_huile_liquide/9980065841
3760337664487,https://www.zooplus.fr/shop/chiens/croquettes_chien/adulte/9980055101
4260488281742,https://www.zooplus.fr/shop/chiens/friandises_chien/friandises_sans_cereales_chien/9980062251
8010276025227,https://www.zooplus.fr/shop/chiens/croquettes_chien/adulte/9980066220
7350021301222,https://www.zooplus.fr/shop/chiens/complements_alimentaires_chien/estomac_intestin_chien/9980012647
3701730400999,https://www.zooplus.fr/shop/chiens/complements_alimentaires_chien/ossature_articulations_chien/9980064537
5701170110616,https://www.zooplus.fr/shop/chiens/croquettes_chien/senior/9980006968
4060629097429,https://www.zooplus.fr/shop/chiens/friandises_chien/chiens_ages/9980012279
9003579006191,https://www.zooplus.fr/shop/chiens/boites_sachets_barquettes_chien/royal_canin_boites_chien/9980052238
5400585293364,https://www.zooplus.fr/shop/chiens/friandises_chien/friandises_chien_volaille/9980003843
3760368523722,https://www.zooplus.fr/shop/chiens/friandises_chien/petites_friandises/9980010515
8683769642005,https://www.zooplus.fr/shop/chiens/friandises_chien/friandises_chien_bandes/9980050884
8606014105513,https://www.zooplus.fr/shop/chiens/boites_sachets_barquettes_chien/nourriture_humide/9980066252
4262375560152,https://www.zooplus.fr/shop/chiens/complements_alimentaires_chien/pelage_peau_chien/9980001200
64992562120,https://www.zooplus.fr/shop/chiens/croquettes_chien/9980002806
4060629154528,https://www.zooplus.fr/shop/chiens/boites_sachets_barquettes_chien/adulte/9980069072
3561963603327,https://www.zooplus.fr/shop/chiens/croquettes_chien/virbac_vet_hpm/9980052286
5905342292876,https://www.zooplus.fr/shop/chiens/croquettes_chien/wiejska_zagroda/1925825
4260578754279,https://www.zooplus.fr/shop/chiens/friandises_chien/friandises_chien_bandes/snacks/2182336
5056273602811,https://www.zooplus.fr/shop/chiens/croquettes_chien_races/races_moyennes/9980065749
5430002585185,https://www.zooplus.fr/shop/chiens/croquettes_chien/adulte/9980005481
5012113001541,https://www.zooplus.fr/shop/chiens/croquettes_chien/adulte/9980000715
3701730400036,https://www.zooplus.fr/shop/chiens/friandises_chien/petites_friandises/9980014588
4260541814726,https://www.zooplus.fr/shop/chiens/friandises_chien/chiens_ages/9980012219
4260650920356,https://www.zooplus.fr/shop/chiens/complements_alimentaires_chien/pelage_peau_chien/9980010712
0742174098086,https://www.zooplus.fr/shop/chiens/friandises_chien/friandises_batonnet_chien/9980050007
4250078906063,https://www.zooplus.fr/shop/chiens/friandises_chien/petites_friandises/9980014751
742174094033,https://www.zooplus.fr/shop/chiens/friandises_chien/friandises_batonnet_chien/9980050030
18456202,https://www.zooplus.fr/shop/chiens/complements_alimentaires_chien/ossature_articulations_chien/9980013876
4002633525161,https://www.zooplus.fr/shop/chiens/complements_alimentaires_chien/ossature_articulations_chien/9980048686
3760368524071,https://www.zooplus.fr/shop/chiens/friandises_chien/petites_friandises/9980052412
64992561123,https://www.zooplus.fr/shop/chiens/croquettes_chien/9980002816
4022858131619,https://www.zooplus.fr/shop/chiens/friandises_chien/bois_corne_sabot/9980008122
3760080532873,https://www.zooplus.fr/shop/chiens/croquettes_chien/adulte/9980014582
4060629079500,https://www.zooplus.fr/shop/chiens/friandises_chien/chiens_ages/9980012275
3760368527201,https://www.zooplus.fr/shop/chiens/friandises_chien/petites_friandises/9980060088
4260488284941,https://www.zooplus.fr/shop/chiens/friandises_chien/friandises_sans_cereales_chien/9980062362
816551001317,https://www.zooplus.fr/shop/chiens/croquettes_chien/adulte/9980066546
8032766976918,https://www.zooplus.fr/shop/chiens/friandises_chien/lyophilisees/9980048687
742174098550,https://www.zooplus.fr/shop/chiens/friandises_chien/friandises_batonnet_chien/9980049969
4060629096897,https://www.zooplus.fr/shop/chiens/friandises_chien/chiens_ages/9980012210
5902921382294,https://www.zooplus.fr/shop/chiens/boites_sachets_barquettes_chien/dolina_noteci/1991361
4260488282909,https://www.zooplus.fr/shop/chiens/friandises_chien/friandises_sans_cereales_chien/9980062312
4062911059573,https://www.zooplus.fr/shop/chiens/croquettes_chien/rocco_croquettes/a_decouvrir/2402920
8683769631757,https://www.zooplus.fr/shop/chiens/friandises_chien/friandises_chien_bandes/9980049653
3760401050833,https://www.zooplus.fr/shop/chiens/friandises_chien/9980012944
8606014105612,https://www.zooplus.fr/shop/chiens/boites_sachets_barquettes_chien/nourriture_humide/9980066255
5023308000966,https://www.zooplus.fr/shop/chiens/boites_sachets_barquettes_chien/petit_chien/9980064698
4260697461959,https://www.zooplus.fr/shop/chiens/friandises_chien/petites_friandises/9980063498
8711231124589,https://www.zooplus.fr/shop/chiens/complements_alimentaires_chien/pelage_peau_chien/9980006748
4062911034235,https://www.zooplus.fr/shop/chiens/friandises_chien/friandises_os_chien/os_boeuf_chien/489976
9120100970513,https://www.zooplus.fr/shop/chiens/croquettes_chien/adulte/9980002847
4260541817970,https://www.zooplus.fr/shop/chiens/friandises_chien/chiens_ages/9980012220
8015579035218,https://www.zooplus.fr/shop/chiens/croquettes_chien/prolife/1991219
4262500460906,https://www.zooplus.fr/shop/chiens/croquettes_chien/croquettes/9980063659
0052742665603,https://www.zooplus.fr/shop/chiens/croquettes_chien_races/races_moyennes/9980065771
8683769633386,https://www.zooplus.fr/shop/chiens/complements_alimentaires_chien/complements_alimentaires_chien_huile_liquide/9980049633
3760401053476,https://www.zooplus.fr/shop/chiens/croquettes_chien/adulte/9980012966
3760185060752,https://www.zooplus.fr/shop/chiens/croquettes_chien/senior/9980065564
4260512870447,https://www.zooplus.fr/shop/chiens/boites_sachets_barquettes_chien/mjamjam/9980008492
4005784030126,https://www.zooplus.fr/shop/chiens/friandises_chien/friandises_batonnet_chien/9980007960
5060481898553,https://www.zooplus.fr/shop/chiens/pathologies_canines/low_fat/9980066332
3336024828649,https://www.zooplus.fr/shop/chiens/friandises_chien/friandises_soin_dentaire_chien/9980005628
4262500460661,https://www.zooplus.fr/shop/chiens/croquettes_chien/adulte/9980063486
8424160027707,https://www.zooplus.fr/shop/chiens/friandises_chien/friandises_chien_volaille/9980002975
4047459008207,https://www.zooplus.fr/shop/chiens/boites_sachets_barquettes_chien/herrmanns_bio_boites_chien/menu_sensitive/677894
3605874615328,https://www.zooplus.fr/shop/chiens/complements_alimentaires_chien/complements_alimentaires_chien_huile_liquide/9980013998
8002754003049,https://www.zooplus.fr/shop/chiens/croquettes_chien/adulte/9980173837
8011391683477,https://www.zooplus.fr/shop/chiens/croquettes_chien/9980061689
4250078905288,https://www.zooplus.fr/shop/chiens/friandises_chien/petites_friandises/9980014750
5012113001275,https://www.zooplus.fr/shop/chiens/croquettes_chien/adulte/9980000711
3336024826560,https://www.zooplus.fr/shop/chiens/friandises_chien/petites_friandises/9980005578
64992560119,https://www.zooplus.fr/shop/chiens/croquettes_chien/9980002794
3760337660120,https://www.zooplus.fr/shop/chiens/croquettes_chien/adulte/9980006399
4260756991151,https://www.zooplus.fr/shop/chiens/friandises_chien/bois_corne_sabot/9980010393
4260697463618,https://www.zooplus.fr/shop/chiens/croquettes_chien/adulte/9980052742
3700545300425,https://www.zooplus.fr/shop/chiens/complements_alimentaires_chien/complements_alimentaires_chien_huile_liquide/9980007032
4060629154115,https://www.zooplus.fr/shop/chiens/boites_sachets_barquettes_chien/adulte/9980069080
8595602557530,https://www.zooplus.fr/shop/chiens/boites_sachets_barquettes_chien/brit/1746874
3760401050970,https://www.zooplus.fr/shop/chiens/friandises_chien/friandises_chien_agneau/9980012951
4003572911176,https://www.zooplus.fr/shop/chiens/boites_sachets_barquettes_chien/bestnature/1906487
3666639124646,https://www.zooplus.fr/shop/chiens/friandises_chien/bois_corne_sabot/9980067302
656272010881,https://www.zooplus.fr/shop/chiens/croquettes_chien/9980048690
656272106645,https://www.zooplus.fr/shop/chiens/croquettes_chien/9980048703
742174990588,https://www.zooplus.fr/shop/chiens/friandises_chien/friandises_batonnet_chien/9980049540
3182550771719,https://www.zooplus.fr/shop/chiens/croquettes_chien/adulte/9980052283
8429037001019,https://www.zooplus.fr/shop/chiens/croquettes_chien/adulte/9980009490
742174095047,https://www.zooplus.fr/shop/chiens/friandises_chien/friandises_os_chien/9980049542
4006538017486,https://www.zooplus.fr/shop/chiens/friandises_chien/friandises_comprimes_chien/friandises_diverses_chien/104199
4060629108408,https://www.zooplus.fr/shop/chiens/friandises_chien/chiens_ages/9980012234
52742045245,https://www.zooplus.fr/shop/chiens/croquettes_chien_races/races_moyennes/9980013889
8683769640704,https://www.zooplus.fr/shop/chiens/complements_alimentaires_chien/complements_alimentaires_chien_huile_liquide/9980050811
8683769630149,https://www.zooplus.fr/shop/chiens/friandises_chien/9980049431
3760329472434,https://www.zooplus.fr/shop/chiens/boites_sachets_barquettes_chien/adulte/9980061298
8015579035164,https://www.zooplus.fr/shop/chiens/croquettes_chien/prolife/1991218
8010276042019,https://www.zooplus.fr/shop/chiens/croquettes_chien/croquettes/9980066229
3760443280076,https://www.zooplus.fr/shop/chiens/complements_alimentaires_chien/complements_alimentaires_chien_huile_liquide/9980066010
4060629154641,https://www.zooplus.fr/shop/chiens/boites_sachets_barquettes_chien/adulte/9980069077
3283021703960,https://www.zooplus.fr/shop/chiens/complements_alimentaires_chien/9980005772
7350033856284,https://www.zooplus.fr/shop/chiens/boites_sachets_barquettes_chien/magnusson/1943727
5400585278286,https://www.zooplus.fr/shop/chiens/friandises_chien/friandises_chien_volaille/9980005368
4032254770992,https://www.zooplus.fr/shop/chiens/boites_sachets_barquettes_chien/josera_boites_chien/1242163
4060629079432,https://www.zooplus.fr/shop/chiens/friandises_chien/chiens_ages/9980012237
4011905317045,https://www.zooplus.fr/shop/chiens/friandises_chien/friandises_chien_volaille/9980005586
5060978814462,https://www.zooplus.fr/shop/chiens/complements_alimentaires_chien/ossature_articulations_chien/9980003049
4260488282282,https://www.zooplus.fr/shop/chiens/friandises_chien/friandises_sans_cereales_chien/9980062259
4260101760845,https://www.zooplus.fr/shop/chiens/friandises_chien/bois_corne_sabot/9980008546
8011391600177,https://www.zooplus.fr/shop/chiens/croquettes_chien/adulte/9980061693
8785307392011,https://www.zooplus.fr/shop/chiens/friandises_chien/petites_friandises/9980061328
4260697462048,https://www.zooplus.fr/shop/chiens/friandises_chien/petites_friandises/9980063651
8606014105520,https://www.zooplus.fr/shop/chiens/boites_sachets_barquettes_chien/nourriture_humide/9980066323
4260361031341,https://www.zooplus.fr/shop/chiens/friandises_chien/chiens_ages/9980012243
8010276041036,https://www.zooplus.fr/shop/chiens/croquettes_chien/croquettes/9980066297
3700525917407,https://www.zooplus.fr/shop/chiens/complements_alimentaires_chien/complements_alimentaires_chien_huile_liquide/9980000764
4260488280578,https://www.zooplus.fr/shop/chiens/friandises_chien/friandises_sans_cereales_chien/9980062347
3428170007334,https://www.zooplus.fr/shop/chiens/friandises_chien/friandises_batonnet_chien/9980001093
7311030412323,https://www.zooplus.fr/shop/chiens/croquettes_chien/bozita_croquettes_chien/bozita_croquettes_chien_adulte/525594
4030769504057,https://www.zooplus.fr/shop/chiens/friandises_chien/vegetarien/9980048619
742174259623,https://www.zooplus.fr/shop/chiens/friandises_chien/friandises_batonnet_chien/9980049545
4060629157031,https://www.zooplus.fr/shop/chiens/friandises_chien/chiens_ages/9980064705
3605874118843,https://www.zooplus.fr/shop/chiens/complements_alimentaires_chien/complements_alimentaires_chien_huile_liquide/9980006918
4047459009969,https://www.zooplus.fr/shop/chiens/boites_sachets_barquettes_chien/adulte/9980066630
8683769631863,https://www.zooplus.fr/shop/chiens/friandises_chien/friandises_chien_bandes/9980049673
4262500461033,https://www.zooplus.fr/shop/chiens/croquettes_chien/riche_en_viande/9980064482
4262437741802,https://www.zooplus.fr/shop/chiens/friandises_chien/chewies_friandises/2167925
4260488285269,https://www.zooplus.fr/shop/chiens/friandises_chien/friandises_sans_cereales_chien/9980062255
52742069401,https://www.zooplus.fr/shop/chiens/friandises_chien/friandises_batonnet_chien/9980065187
3760240682134,https://www.zooplus.fr/shop/chiens/friandises_chien/friandises_chien_agneau/9980006067
3700525918114,https://www.zooplus.fr/shop/chiens/complements_alimentaires_chien/complements_alimentaires_chien_huile_liquide/9980000730
3770026453094,https://www.zooplus.fr/shop/chiens/complements_alimentaires_chien/hygiene_dentaire_chien/9980013411
4260541814900,https://www.zooplus.fr/shop/chiens/friandises_chien/chiens_ages/9980012222
4262500460500,https://www.zooplus.fr/shop/chiens/friandises_chien/viande_de_cerf/9980063660
4260650920769,https://www.zooplus.fr/shop/chiens/complements_alimentaires_chien/complements_alimentaires_chien_huile_liquide/9980001238
4260748893623,https://www.zooplus.fr/shop/chiens/boites_sachets_barquettes_chien/petit_chien/9980180067
4260488285344,https://www.zooplus.fr/shop/chiens/friandises_chien/friandises_sans_cereales_chien/9980062348
3605874367470,https://www.zooplus.fr/shop/chiens/complements_alimentaires_chien/complements_alimentaires_chien_huile_liquide/9980014580
0064992541118,https://www.zooplus.fr/shop/chiens/croquettes_chien/9980002801
8021680751329,https://www.zooplus.fr/shop/chiens/friandises_chien/9980015231
5400585214611,https://www.zooplus.fr/shop/chiens/friandises_chien/friandises_chien_volaille/9980005607
8683769688720,https://www.zooplus.fr/shop/chiens/complements_alimentaires_chien/complements_alimentaires_chien_huile_liquide/9980056149
64992512118,https://www.zooplus.fr/shop/chiens/croquettes_chien/adulte/9980066194
3336024823620,https://www.zooplus.fr/shop/chiens/friandises_chien/petites_friandises/9980057794
4060629153941,https://www.zooplus.fr/shop/chiens/boites_sachets_barquettes_chien/adulte/9980069067
5906679369200,https://www.zooplus.fr/shop/chiens/complements_alimentaires_chien/complements_alimentaires_chien_huile_liquide/9980000208
3561963600050,https://www.zooplus.fr/shop/chiens/croquettes_chien/virbac_vet_hpm/9980006751
8002754002233,https://www.zooplus.fr/shop/chiens/croquettes_chien/croquettes/9980012315
4260488284378,https://www.zooplus.fr/shop/chiens/friandises_chien/friandises_sans_cereales_chien/9980062293
3700454550430,https://www.zooplus.fr/shop/chiens/complements_alimentaires_chien/complements_alimentaires_chien_huile_liquide/9980013860
4027941362291,https://www.zooplus.fr/shop/chiens/friandises_chien/friandises_os_chien/os_chien/642634
8410650626901,https://www.zooplus.fr/shop/chiens/boites_sachets_barquettes_chien/boites_chien_trainer_fitness_nova_foods/trainer_natural/2463248
3700469698226,https://www.zooplus.fr/shop/chiens/friandises_chien/petites_friandises/9980000185
4060629098662,https://www.zooplus.fr/shop/chiens/friandises_chien/chiens_ages/9980012254
4260496594322,https://www.zooplus.fr/shop/chiens/friandises_chien/petites_friandises/9980000705
8021680751978,https://www.zooplus.fr/shop/chiens/complements_alimentaires_chien/complements_alimentaires_chien_huile_liquide/9980015171
3666639133181,https://www.zooplus.fr/shop/chiens/friandises_chien/bois_corne_sabot/9980069169
3700454505911,https://www.zooplus.fr/shop/chiens/complements_alimentaires_chien/complements_alimentaires_chien_huile_liquide/9980006731
3701730400647,https://www.zooplus.fr/shop/chiens/friandises_chien/lyophilisees/9980059623
5012113002845,https://www.zooplus.fr/shop/chiens/croquettes_chien/adulte/9980000709
4260697463663,https://www.zooplus.fr/shop/chiens/croquettes_chien/adulte/9980001704
5012113002753,https://www.zooplus.fr/shop/chiens/croquettes_chien/adulte/9980000717
4260488282527,https://www.zooplus.fr/shop/chiens/friandises_chien/autruche/9980062337
3700062705178,https://www.zooplus.fr/shop/chiens/friandises_chien/biscuit_gateau_sec_friandises_chien/9980062489
0064992184209,https://www.zooplus.fr/shop/chiens/croquettes_chien/adulte/9980002081
5425039486277,https://www.zooplus.fr/shop/chiens/croquettes_chien/edgard_cooper/9980002567
6152655660673,https://www.zooplus.fr/shop/chiens/friandises_chien/petites_friandises/9980061321
8010276040084,https://www.zooplus.fr/shop/chiens/croquettes_chien/adulte/9980066390
8023222272682,https://www.zooplus.fr/shop/chiens/friandises_chien/friandises_batonnet_chien/9980001939
3561963600418,https://www.zooplus.fr/shop/chiens/croquettes_chien/virbac_vet_hpm/9980052261
4060629079234,https://www.zooplus.fr/shop/chiens/friandises_chien/chiens_ages/9980012238
4015598013376,https://www.zooplus.fr/shop/chiens/croquettes_chien/adulte/9980007966
5400585289909,https://www.zooplus.fr/shop/chiens/friandises_chien/friandises_chien_volaille/9980005545
4260697460518,https://www.zooplus.fr/shop/chiens/friandises_chien/friandises_os_chien/9980000702
8859387701084,https://www.zooplus.fr/shop/chiens/friandises_chien/petites_friandises/9980066637
4751008430356,https://www.zooplus.fr/shop/chiens/complements_alimentaires_chien/pelage_peau_chien/9980066843
8002754002301,https://www.zooplus.fr/shop/chiens/croquettes_chien/adulte/9980002548
4060629153996,https://www.zooplus.fr/shop/chiens/boites_sachets_barquettes_chien/adulte/9980069065
5430003157442,https://www.zooplus.fr/shop/chiens/friandises_chien/petites_friandises/9980001709
742174946158,https://www.zooplus.fr/shop/chiens/friandises_chien/friandises_batonnet_chien/9980049543
4017721829434,https://www.zooplus.fr/shop/chiens/boites_sachets_barquettes_chien/animonda_boites_chien/animonda_grancarno_boites_chien/1971410
4260650920141,https://www.zooplus.fr/shop/chiens/complements_alimentaires_chien/chien_croissance_performance/9980010713
8425402687451,https://www.zooplus.fr/shop/chiens/croquettes_chien/natural_woodland/2123081
4260488282534,https://www.zooplus.fr/shop/chiens/friandises_chien/friandises_sans_cereales_chien/9980062299
4260488285054,https://www.zooplus.fr/shop/chiens/friandises_chien/friandises_sans_cereales_chien/9980062221
8021680755396,https://www.zooplus.fr/shop/chiens/friandises_chien/lyophilisees/9980048624
3770012332327,https://www.zooplus.fr/shop/chiens/croquettes_chien/allergies_intolerance_alimentaires_chien/9980002129
4260488284880,https://www.zooplus.fr/shop/chiens/friandises_chien/friandises_sans_cereales_chien/9980062243
8021680751589,https://www.zooplus.fr/shop/chiens/friandises_chien/friandises_chien_bandes/9980015182
4060629152074,https://www.zooplus.fr/shop/chiens/boites_sachets_barquettes_chien/adulte/9980069060
3700525919012,https://www.zooplus.fr/shop/chiens/complements_alimentaires_chien/complements_alimentaires_chien_huile_liquide/9980000737
4260361033765,https://www.zooplus.fr/shop/chiens/friandises_chien/chiens_ages/9980012261
5430003157176,https://www.zooplus.fr/shop/chiens/croquettes_chien/adulte/9980001119
3700469699698,https://www.zooplus.fr/shop/chiens/friandises_chien/bois_corne_sabot/9980000197
3666639124707,https://www.zooplus.fr/shop/chiens/friandises_chien/bois_corne_sabot/9980067268
4260488281292,https://www.zooplus.fr/shop/chiens/friandises_chien/autruche/9980062244
4260541818090,https://www.zooplus.fr/shop/chiens/friandises_chien/chiens_ages/9980012270
8720589738508,https://www.zooplus.fr/shop/chiens/complements_alimentaires_chien/complements_alimentaires_chien_huile_liquide/9980000332
8435458400737,https://www.zooplus.fr/shop/chiens/friandises_chien/friandises_soin_dentaire_chien/soins_dents_chien_friandise/784502
0052742025902,https://www.zooplus.fr/shop/chiens/croquettes_chien_races/races_moyennes/9980010542
4060629097078,https://www.zooplus.fr/shop/chiens/friandises_chien/chiens_ages/9980012244
4060629033649,https://www.zooplus.fr/shop/chiens/friandises_chien/chiens_ages/9980012294
3760401052462,https://www.zooplus.fr/shop/chiens/friandises_chien/friandises_chien_poisson/9980013038
3760404050045,https://www.zooplus.fr/shop/chiens/croquettes_chien/adulte/9980013802
656272051426,https://www.zooplus.fr/shop/chiens/croquettes_chien/9980048680
4260488284224,https://www.zooplus.fr/shop/chiens/friandises_chien/friandises_sans_cereales_chien/9980062216
3700654000018,https://www.zooplus.fr/shop/chiens/croquettes_chien/adulte/9980002761
4260488286365,https://www.zooplus.fr/shop/chiens/friandises_chien/friandises_sans_cereales_chien/9980062211
4060629079593,https://www.zooplus.fr/shop/chiens/friandises_chien/chiens_ages/9980012288
8683769641817,https://www.zooplus.fr/shop/chiens/complements_alimentaires_chien/complements_alimentaires_chien_huile_liquide/9980050671
4260650920165,https://www.zooplus.fr/shop/chiens/complements_alimentaires_chien/estomac_intestin_chien/9980001249
5391533250945,https://www.zooplus.fr/shop/chiens/complements_alimentaires_chien/complements_alimentaires_chien_huile_liquide/9980006975
3336024823163,https://www.zooplus.fr/shop/chiens/friandises_chien/9980005237
5060481898690,https://www.zooplus.fr/shop/chiens/pathologies_canines/sensitive/9980066264
4062911009509,https://www.zooplus.fr/shop/chiens/boites_sachets_barquettes_chien/boites_rosies_farm/rosiesfarm_adult/1013476
5400585336320,https://www.zooplus.fr/shop/chiens/friandises_chien/friandises_chien_volaille/9980064784
4060629004380,https://www.zooplus.fr/shop/chiens/friandises_chien/chiens_ages/9980012214
4260165204163,https://www.zooplus.fr/shop/chiens/boites_sachets_barquettes_chien/granatapet_boites_chien/1991201
3770011878215,https://www.zooplus.fr/shop/chiens/croquettes_chien/adulte/9980002070
3701451001833,https://www.zooplus.fr/shop/chiens/friandises_chien/friandises_chien_boeuf/9980005559
4260361030405,https://www.zooplus.fr/shop/chiens/friandises_chien/chiens_ages/9980012231
3182550710923,https://www.zooplus.fr/shop/chiens/croquettes_chien/adulte/9980006951
8410650557502,https://www.zooplus.fr/shop/chiens/croquettes_chien/affinity_libra/1880611
8683769638480,https://www.zooplus.fr/shop/chiens/friandises_chien/friandises_chien_bandes/9980050165
4060629099430,https://www.zooplus.fr/shop/chiens/friandises_chien/chiens_ages/9980012263
4262422871118,https://www.zooplus.fr/shop/chiens/croquettes_chien/doggy_dog/2158278
8010276038807,https://www.zooplus.fr/shop/chiens/croquettes_chien/riche_en_viande/9980066381
0052742071480,https://www.zooplus.fr/shop/chiens/croquettes_chien_races/races_moyennes/9980065188
3760151730023,https://www.zooplus.fr/shop/chiens/complements_alimentaires_chien/complements_alimentaires_chien_huile_liquide/9980006923
4260697462215,https://www.zooplus.fr/shop/chiens/croquettes_chien/adulte/9980063835
8410650208558,https://www.zooplus.fr/shop/chiens/friandises_chien/friandises_batonnet_chien/9980007054
4000819005803,https://www.zooplus.fr/shop/chiens/friandises_chien/friandises_chien_gibier/elan_lapin/2098235
8595237034260,https://www.zooplus.fr/shop/chiens/croquettes_chien/fitmin/1990983
4260535818136,https://www.zooplus.fr/shop/chiens/boites_sachets_barquettes_chien/wolf_of_wilderness/lots_economiques/698765
8005852280510,https://www.zooplus.fr/shop/chiens/boites_sachets_barquettes_chien/adulte/9980063320
4060629080414,https://www.zooplus.fr/shop/chiens/friandises_chien/chiens_ages/9980012233
3182550736060,https://www.zooplus.fr/shop/chiens/croquettes_chien/royal_canin_breed_croquettes_chien/rottweiler_croquettes_royal_canin/207057
4062911046924,https://www.zooplus.fr/shop/chiens/croquettes_chien/rosies_farm/2316622
5023308001543,https://www.zooplus.fr/shop/chiens/boites_sachets_barquettes_chien/petit_chien/9980064699
5998274312606,https://www.zooplus.fr/shop/chiens/croquettes_chien/julius_k9/1996002
3760368524736,https://www.zooplus.fr/shop/chiens/friandises_chien/petites_friandises/9980010517
5701170110319,https://www.zooplus.fr/shop/chiens/croquettes_chien/adulte/9980052255
3760240681038,https://www.zooplus.fr/shop/chiens/croquettes_chien/adulte/9980006066
4260677550147,https://www.zooplus.fr/shop/chiens/complements_alimentaires_chien/complements_alimentaires_chien_huile_liquide/9980050380
5023308001567,https://www.zooplus.fr/shop/chiens/boites_sachets_barquettes_chien/petit_chien/9980064704
4751008431735,https://www.zooplus.fr/shop/chiens/complements_alimentaires_chien/estomac_intestin_chien/9980066847
4060629090789,https://www.zooplus.fr/shop/chiens/friandises_chien/chiens_ages/9980012229
5400585247763,https://www.zooplus.fr/shop/chiens/friandises_chien/friandises_chien_volaille/9980003655
4062911049192,https://www.zooplus.fr/shop/chiens/friandises_chien/friandises_comprimes_chien/wolf_of_wilderness/681485
4011905276120,https://www.zooplus.fr/shop/chiens/friandises_chien/friandises_chien_trixie/os_a_macher/2471056
8683769639500,https://www.zooplus.fr/shop/chiens/complements_alimentaires_chien/complements_alimentaires_chien_huile_liquide/9980050166
3700971801763,https://www.zooplus.fr/shop/chiens/boites_sachets_barquettes_chien/petit_chien/9980066905
3760337664159,https://www.zooplus.fr/shop/chiens/croquettes_chien/adulte/9980014068
3336024823316,https://www.zooplus.fr/shop/chiens/friandises_chien/9980005594
3700062705116,https://www.zooplus.fr/shop/chiens/friandises_chien/biscuit_gateau_sec_friandises_chien/9980013853
3760401051687,https://www.zooplus.fr/shop/chiens/friandises_chien/bois_corne_sabot/9980012968
0064992521172,https://www.zooplus.fr/shop/chiens/croquettes_chien/9980002809
4260704280498,https://www.zooplus.fr/shop/chiens/friandises_chien/friandises_batonnet_chien/batonnets_soins_dentaires/2284071
3182550895057,https://www.zooplus.fr/shop/chiens/croquettes_chien/royal_canin_care_nutrition/digestive_care/15474
4048422152538,https://www.zooplus.fr/shop/chiens/friandises_chien/friandises_comprimes_chien/snacks_recompense_8in1_delights_minis/1418222
3666639132986,https://www.zooplus.fr/shop/chiens/friandises_chien/bois_corne_sabot/9980069137
4060629081695,https://www.zooplus.fr/shop/chiens/friandises_chien/chiens_ages/9980012230
052742040554,https://www.zooplus.fr/shop/chiens/croquettes_chien/croquettes_chien_hills_prescription_diet/troubles_intestinaux_chien_hills/594484
5905342292814,https://www.zooplus.fr/shop/chiens/croquettes_chien/wiejska_zagroda/1925713
3760401051250,https://www.zooplus.fr/shop/chiens/friandises_chien/9980013017
8595602546008,https://www.zooplus.fr/shop/chiens/croquettes_chien/carnilove/9980002550
5414970060677,https://www.zooplus.fr/shop/chiens/croquettes_chien/arion/1991359
052742025551,https://www.zooplus.fr/shop/chiens/croquettes_chien/hills_science_plan_croquettes_chien/lots_economiques_croquettes_chien_hills/283618
4011905276243,https://www.zooplus.fr/shop/chiens/friandises_chien/friandises_chien_boeuf/9980057986
4262437747934,https://www.zooplus.fr/shop/chiens/friandises_chien/friandisepourchienluckyjim/2415103
3770012332563,https://www.zooplus.fr/shop/chiens/croquettes_chien/adulte/9980002052
9003579000755,https://www.zooplus.fr/shop/chiens/boites_sachets_barquettes_chien/royal_canin_boites_chien/9980013366
4260697462628,https://www.zooplus.fr/shop/chiens/boites_sachets_barquettes_chien/adulte/9980063836
5701170120707,https://www.zooplus.fr/shop/chiens/boites_sachets_barquettes_chien/adulte/9980010499
8908012564867,https://www.zooplus.fr/shop/chiens/croquettes_chien/9980066624
5056273601739,https://www.zooplus.fr/shop/chiens/croquettes_chien/lilys_kitchen/9980003841
4270000033568,https://www.zooplus.fr/shop/chiens/friandises_chien/petites_friandises/9980000700
4062911023833,https://www.zooplus.fr/shop/chiens/boites_sachets_barquettes_chien/lukullus_boites_chiens/sans_cereales/1663628
4260488281193,https://www.zooplus.fr/shop/chiens/croquettes_chien/adulte/9980062294
4260578754453,https://www.zooplus.fr/shop/chiens/friandises_chien/friandises_batonnet_chien/batonnets_soins_dentaires/2188983
052742070155,https://www.zooplus.fr/shop/chiens/boites_sachets_barquettes_chien/hills_science_plan_boites_chien/boites_hillsscienceplan/15435
4260077045359,https://www.zooplus.fr/shop/chiens/boites_sachets_barquettes_chien/rocco_boites_chien/rocco_junior_boites_chien/75033
4000158917423,https://www.zooplus.fr/shop/chiens/friandises_chien/friandises_comprimes_chien/rinti/544704
4003572911251,https://www.zooplus.fr/shop/chiens/boites_sachets_barquettes_chien/bestnature/2229646
8445290950079,https://www.zooplus.fr/shop/chiens/croquettes_chien/friskies/2108093
4008429006296,https://www.zooplus.fr/shop/chiens/boites_sachets_barquettes_chien/cesar_boites_chiens/barquettes_les_classiques/2105375
3666639133020,https://www.zooplus.fr/shop/chiens/friandises_chien/bois_corne_sabot/9980069165
8710255174730,https://www.zooplus.fr/shop/chiens/croquettes_chien/eukanuba_special_breed_croquettes_chien/eukanuba_special_care_croquettes_chien/2594913
4000158921321,https://www.zooplus.fr/shop/chiens/boites_sachets_barquettes_chien/rinti_boites_chien/rinti_boites_patee_sensible_chien/1419052
8495390982494,https://www.zooplus.fr/shop/chiens/friandises_chien/bois_corne_sabot/9980010533
4032254798224,https://www.zooplus.fr/shop/chiens/boites_sachets_barquettes_chien/josera_boites_chien/1242235
3760401052615,https://www.zooplus.fr/shop/chiens/croquettes_chien/adulte/9980049059
8410650152363,https://www.zooplus.fr/shop/chiens/croquettes_chien/affinity_advance_veterinary_diets/troubles_gastro_intestinaux/390652
3428170007365,https://www.zooplus.fr/shop/chiens/friandises_chien/friandises_batonnet_chien/9980001076
4262422871170,https://www.zooplus.fr/shop/chiens/croquettes_chien/doggy_dog/2158296
4062911053649,https://www.zooplus.fr/shop/chiens/boites_sachets_barquettes_chien/boites_chien_purizon/boites_purizon_adulte/2242817
4062911019898,https://www.zooplus.fr/shop/chiens/croquettes_chien/greenwoods/chien_adulte/932431
9120100970162,https://www.zooplus.fr/shop/chiens/friandises_chien/semi_humide/9980002841
4260488282138,https://www.zooplus.fr/shop/chiens/friandises_chien/friandises_sans_cereales_chien/9980062322
4260697460556,https://www.zooplus.fr/shop/chiens/friandises_chien/friandises_os_chien/9980000701
4260748894880,https://www.zooplus.fr/shop/chiens/boites_sachets_barquettes_chien/petit_chien/9980180078
4062911066946,https://www.zooplus.fr/shop/chiens/croquettes_chien/lukullus_croquettes_chiens/adulte/2051905
8718475569329,https://www.zooplus.fr/shop/chiens/croquettes_chien/adulte/9980052204
8594031442868,https://www.zooplus.fr/shop/chiens/complements_alimentaires_chien/complements_alimentaires_chien_huile_liquide/complements_alimentaires_chien_huile_peau_pelage/1991653
8413037372064,https://www.zooplus.fr/shop/chiens/croquettes_chien_races/races_moyennes/9980065963
4060629152692,https://www.zooplus.fr/shop/chiens/boites_sachets_barquettes_chien/adulte/9980069075
3760401050819,https://www.zooplus.fr/shop/chiens/friandises_chien/friandises_chien_poisson/9980012985
8010276040176,https://www.zooplus.fr/shop/chiens/croquettes_chien/adulte/9980066249
8718627752760,https://www.zooplus.fr/shop/chiens/friandises_chien/petites_friandises/9980010465
8410650173566,https://www.zooplus.fr/shop/chiens/croquettes_chien/affinity_advance/lots_economiques/396479
8710255121918,https://www.zooplus.fr/shop/chiens/croquettes_chien/eukanuba_special_breed_croquettes_chien/lots_economiques_croquettes_chien_eukanuba/332821
4000158911759,https://www.zooplus.fr/shop/chiens/croquettes_chien/rinti_canine/max_i_mum/2205781
4062911017962,https://www.zooplus.fr/shop/chiens/croquettes_chien/rocco_croquettes/diet_care/1886624
3561963601217,https://www.zooplus.fr/shop/chiens/croquettes_chien/virbac_vet_hpm/9980007059
4260488280080,https://www.zooplus.fr/shop/chiens/friandises_chien/friandises_sans_cereales_chien/9980062265
07613287220585,https://www.zooplus.fr/shop/chiens/croquettes_chien/bonzo/1746458
3182550940566,https://www.zooplus.fr/shop/chiens/croquettes_chien/royal_canin_veterinary_diet/allergies_intolerance_alimentaires_chien/566845
52742067216,https://www.zooplus.fr/shop/chiens/boites_sachets_barquettes_chien/hills_science_plan_boites_chien/boites_hillsscienceplan/1981381
4260488283715,https://www.zooplus.fr/shop/chiens/friandises_chien/friandises_sans_cereales_chien/9980062352
9120063681679,https://www.zooplus.fr/shop/chiens/boites_sachets_barquettes_chien/wow/1991239
8413037331610,https://www.zooplus.fr/shop/chiens/croquettes_chien_races/races_moyennes/9980065923
4260488284835,https://www.zooplus.fr/shop/chiens/friandises_chien/friandises_sans_cereales_chien/9980062344
4032254787907,https://www.zooplus.fr/shop/chiens/croquettes_chien/josera_croquettes_chien/chien_adulte/2413786
7640154285767,https://www.zooplus.fr/shop/chiens/friandises_chien/friandises_delibest/autres_friandises/2327331
4260358510835,https://www.zooplus.fr/shop/chiens/croquettes_chien/briantos/chiot_junior/527890
4062911066267,https://www.zooplus.fr/shop/chiens/friandises_chien/wolf_of_wilderness/a_decouvrir/2470823
3182550925334,https://www.zooplus.fr/shop/chiens/croquettes_chien/adulte/9980048817
4062911038332,https://www.zooplus.fr/shop/chiens/croquettes_chien/croquettes_chien_purizon/croquettes_chien_purizon_lot_eco/555740
5701170120738,https://www.zooplus.fr/shop/chiens/boites_sachets_barquettes_chien/adulte/9980006642
052742063133,https://www.zooplus.fr/shop/chiens/croquettes_chien/croquettes_chien_hills_prescription_diet/2326612
5011792009503,https://www.zooplus.fr/shop/chiens/boites_sachets_barquettes_chien/butchers_boites_chien/1910121
4040056018952,https://www.zooplus.fr/shop/chiens/complements_alimentaires_chien/hygiene_dentaire_chien/2266974
52742038599,https://www.zooplus.fr/shop/chiens/croquettes_chien/hills_science_plan_croquettes_chien/hills_science_plan_junior_croquettes_chien/15199
4062911047181,https://www.zooplus.fr/shop/chiens/boites_sachets_barquettes_chien/wolf_of_wilderness/expedition/1908822
3760401051021,https://www.zooplus.fr/shop/chiens/friandises_chien/9980013027
4060629152630,https://www.zooplus.fr/shop/chiens/boites_sachets_barquettes_chien/adulte/9980069073
4060629089363,https://www.zooplus.fr/shop/chiens/friandises_chien/chiens_ages/9980012217
3760401050802,https://www.zooplus.fr/shop/chiens/friandises_chien/9980012964
4008239582614,https://www.zooplus.fr/shop/chiens/friandises_chien/friandise_chien_vitakraft/2364372
4000158923455,https://www.zooplus.fr/shop/chiens/boites_sachets_barquettes_chien/rinti_boites_chien/rinti_boites_patee_sensible_chien/16219
0052742282206,https://www.zooplus.fr/shop/chiens/croquettes_chien_races/races_moyennes/9980010466
64992182601,https://www.zooplus.fr/shop/chiens/croquettes_chien/adulte/9980002077
5900718311946,https://www.zooplus.fr/shop/chiens/boites_sachets_barquettes_chien/rafi/1990743
8410650156163,https://www.zooplus.fr/shop/chiens/croquettes_chien/brekkies_croquettes_chien/865719
8054329516638,https://www.zooplus.fr/shop/chiens/croquettes_chien/oasycroquetteschien/2601520
5407009646881,https://www.zooplus.fr/shop/chiens/friandises_chien/friandises_comprimes_chien/friandises_diverses_chien/1599641
8010276021601,https://www.zooplus.fr/shop/chiens/croquettes_chien/farmina/grainfree/1747012
8410650597829,https://www.zooplus.fr/shop/chiens/croquettes_chien/natures_variety/selected/1077709
3182550915656,https://www.zooplus.fr/shop/chiens/croquettes_chien/royal_canin_veterinary_diet/reins_voies_urinaires_chien_croquettes_royal_canin/1966189
52742042459,https://www.zooplus.fr/shop/chiens/croquettes_chien_races/races_moyennes/9980054642
8710255206820,https://www.zooplus.fr/shop/chiens/croquettes_chien/eukanuba_croquettes_chien/eukanuba_chien_adulte_grande_race/1940485
4062911047631,https://www.zooplus.fr/shop/chiens/friandises_chien/friandises_chien_lukullus/vegan/1990830
8410650172910,https://www.zooplus.fr/shop/chiens/friandises_chien/biscuit_gateau_sec_friandises_chien/advance/402534
3760401051069,https://www.zooplus.fr/shop/chiens/friandises_chien/friandises_chien_volaille/9980013056
7613038104133,https://www.zooplus.fr/shop/chiens/friandises_chien/friandises_batonnet_chien/batonnets_soins_dentaires/982876
4008239582935,https://www.zooplus.fr/shop/chiens/friandises_chien/friandise_chien_vitakraft/friandises_vitakraft_chicken/2364613
8716811030809,https://www.zooplus.fr/shop/chiens/boites_sachets_barquettes_chien/trovet/2359954
052742064901,https://www.zooplus.fr/shop/chiens/boites_sachets_barquettes_chien/boites_chien_hills_prescription_diet/troubles_intestinaux/1861724
5430003885628,https://www.zooplus.fr/shop/chiens/complements_alimentaires_chien/estomac_intestin_chien/9980064484
4262500461019,https://www.zooplus.fr/shop/chiens/friandises_chien/viande_de_cerf/9980063493
8410650626994,https://www.zooplus.fr/shop/chiens/boites_sachets_barquettes_chien/boites_chien_trainer_fitness_nova_foods/trainer_natural/1991461
8595237034079,https://www.zooplus.fr/shop/chiens/croquettes_chien/fitmin/1991524
3336024828328,https://www.zooplus.fr/shop/chiens/friandises_chien/friandises_chien_boeuf/9980005604
3597133064537,https://www.zooplus.fr/shop/chiens/complements_alimentaires_chien/complements_alimentaires_chien_huile_liquide/9980006674
3760401051014,https://www.zooplus.fr/shop/chiens/friandises_chien/9980012960
8721551680634,https://www.zooplus.fr/shop/chiens/friandises_chien/bois_corne_sabot/9980080943
4062911038295,https://www.zooplus.fr/shop/chiens/croquettes_chien/croquettes_chien_purizon/single_meat/555653
052742025278,https://www.zooplus.fr/shop/chiens/croquettes_chien/hills_science_plan_croquettes_chien/hills_science_plan_senior_croquettes_chien/15638
5902921305552,https://www.zooplus.fr/shop/chiens/croquettes_chien/rafi/1991122
0656272190156,https://www.zooplus.fr/shop/chiens/croquettes_chien/9980048748
8005852143037,https://www.zooplus.fr/shop/chiens/croquettes_chien_races/races_moyennes/9980065639
8011391069035,https://www.zooplus.fr/shop/chiens/friandises_chien/bois_corne_sabot/9980061691
3770000461718,https://www.zooplus.fr/shop/chiens/friandises_chien/9980052262
4260488286358,https://www.zooplus.fr/shop/chiens/friandises_chien/friandises_sans_cereales_chien/9980062224
3770034666110,https://www.zooplus.fr/shop/chiens/friandises_chien/friandises_batonnet_chien/9980010037
4260488283111,https://www.zooplus.fr/shop/chiens/friandises_chien/friandises_sans_cereales_chien/9980062231
4041489012555,https://www.zooplus.fr/shop/chiens/complements_alimentaires_chien/vitamines_chien/2392042
4062911019812,https://www.zooplus.fr/shop/chiens/croquettes_chien/rosies_farm/2316453
3182550793001,https://www.zooplus.fr/shop/chiens/croquettes_chien/royal_canin_size_croquettes_chien/royal_canin_size_mini_croquettes_chien/15472
8595602520152,https://www.zooplus.fr/shop/chiens/croquettes_chien/brit/junior/1746556
4062911048225,https://www.zooplus.fr/shop/chiens/friandises_chien/briantos_fitbites/dogbiski/2000785
4017721829977,https://www.zooplus.fr/shop/chiens/croquettes_chien/animonda_croquettes_chien/2094785
4032254770732,https://www.zooplus.fr/shop/chiens/croquettes_chien/josera_croquettes_chien/chien_profiline/2168749
3701730400128,https://www.zooplus.fr/shop/chiens/friandises_chien/petites_friandises/9980049406
8710255206639,https://www.zooplus.fr/shop/chiens/croquettes_chien/eukanuba_croquettes_chien/eukanuba_junior_croquettes_chien/2468112
3182550853583,https://www.zooplus.fr/shop/chiens/croquettes_chien/adulte/9980006896
4062911031203,https://www.zooplus.fr/shop/chiens/croquettes_chien/wolf_of_wilderness/wolf_of_wilddreness_adulte_croquettes/1605517
3182550802734,https://www.zooplus.fr/shop/chiens/croquettes_chien/royal_canin_size_croquettes_chien/royal_canin_size_medium_croquettes_chien/345862
4060629156461,https://www.zooplus.fr/shop/chiens/friandises_chien/petites_friandises/9980073911
8010276042323,https://www.zooplus.fr/shop/chiens/croquettes_chien/croquettes_small_mini_breed/9980066258
4032254785163,https://www.zooplus.fr/shop/chiens/croquettes_chien/josera_croquettes_chien/chien_junior_chiot/2416040
8020245707955,https://www.zooplus.fr/shop/chiens/croquettes_chien/forza10_croquettes_chien/active_line/2138724
052742060903,https://www.zooplus.fr/shop/chiens/croquettes_chien/hills_science_plan_croquettes_chien/hills_science_plan_soin_special_croquettes_chien/1704310
8721551680375,https://www.zooplus.fr/shop/chiens/friandises_chien/bois_corne_sabot/9980073483
4066736009065,https://www.zooplus.fr/shop/chiens/boites_sachets_barquettes_chien/terra_canis_boites_chien/terra_canis_menu/1948312
4048422190875,https://www.zooplus.fr/shop/chiens/complements_alimentaires_chien/vitamines_chien/comprimes_taurine_vitamines_chien/192392
052742044088,https://www.zooplus.fr/shop/chiens/croquettes_chien/hills_science_plan_croquettes_chien/hills_science_plan_soin_special_croquettes_chien/1099036
4260488280233,https://www.zooplus.fr/shop/chiens/friandises_chien/friandises_sans_cereales_chien/9980062268
4000158914279,https://www.zooplus.fr/shop/chiens/friandises_chien/friandises_comprimes_chien/rinti/1383224
4062911009288,https://www.zooplus.fr/shop/chiens/friandises_chien/friandises_comprimes_chien/petite_friandises_purizon/1060424
8410650271477,https://www.zooplus.fr/shop/chiens/croquettes_chien/adulte/9980052284
4260488285986,https://www.zooplus.fr/shop/chiens/friandises_chien/friandises_sans_cereales_chien/9980062236
4260109620516,https://www.zooplus.fr/shop/chiens/boites_sachets_barquettes_chien/terra_canis_boites_chien/terra_canis_sans_cereales/2613315
5907783961045,https://www.zooplus.fr/shop/chiens/complements_alimentaires_chien/complements_alimentaires_chien_huile_liquide/9980001428
4255634606302,https://www.zooplus.fr/shop/chiens/boites_sachets_barquettes_chien/mjamjam/1991250
4016598065341,https://www.zooplus.fr/shop/chiens/friandises_chien/friandises_chien_poisson/peau/2130334
8425402400500,https://www.zooplus.fr/shop/chiens/croquettes_chien/natural_greatness/1746481
3760297070083,https://www.zooplus.fr/shop/chiens/complements_alimentaires_chien/complements_alimentaires_chien_huile_liquide/9980013765
8020245104112,https://www.zooplus.fr/shop/chiens/croquettes_chien/forza10_croquettes_chien/active_line/1991557
3182550933001,https://www.zooplus.fr/shop/chiens/croquettes_chien/royal_canin_veterinary_diet/problemes_articulaires_royal_canin_veterinary_diet/301226
8712695209928,https://www.zooplus.fr/shop/chiens/friandises_chien/friandises_beeztees/2283671
4060629081633,https://www.zooplus.fr/shop/chiens/friandises_chien/chiens_ages/9980012285
5900718311755,https://www.zooplus.fr/shop/chiens/boites_sachets_barquettes_chien/rafi/2512362
8410650598901,https://www.zooplus.fr/shop/chiens/croquettes_chien/affinity_advance_veterinary_diets/troubles_gastro_intestinaux/2159351
4062911056114,https://www.zooplus.fr/shop/chiens/boites_sachets_barquettes_chien/briantos/briantos_delicious_pate/2203768
52742008189,https://www.zooplus.fr/shop/chiens/croquettes_chien/hills_science_plan_croquettes_chien/hills_science_plan_adulte_croquettes_chien/790980
8718444638605,https://www.zooplus.fr/shop/chiens/friandises_chien/friandises_batonnet_chien/batonnets_enrobes/1344428
5400585201901,https://www.zooplus.fr/shop/chiens/friandises_chien/friandises_chien_volaille/9980005582
3760404050069,https://www.zooplus.fr/shop/chiens/croquettes_chien/adulte/9980013758
4262500460609,https://www.zooplus.fr/shop/chiens/croquettes_chien/adulte/9980063488
8011391600153,https://www.zooplus.fr/shop/chiens/croquettes_chien/adulte/9980061695
0074198614325,https://www.zooplus.fr/shop/chiens/croquettes_chien_races/races_moyennes/9980065579
3182551055849,https://www.zooplus.fr/shop/chiens/croquettes_chien/royal_canin_size_croquettes_chien/royal_canin_size_medium_croquettes_chien/1995880
4260697461584,https://www.zooplus.fr/shop/chiens/croquettes_chien/riche_en_viande/9980001191
4000819008453,https://www.zooplus.fr/shop/chiens/complements_alimentaires_chien/vitamines_chien/poudre_flocons_vitamines_chien/524475
8710255206844,https://www.zooplus.fr/shop/chiens/croquettes_chien/eukanuba_croquettes_chien/eukanuba_chien_adulte_grande_race/1940797
3605877345659,https://www.zooplus.fr/shop/chiens/complements_alimentaires_chien/complements_alimentaires_chien_huile_liquide/9980007116
0816551001249,https://www.zooplus.fr/shop/chiens/croquettes_chien/adulte/9980066535
3770034666127,https://www.zooplus.fr/shop/chiens/friandises_chien/bois_corne_sabot/9980010510
7350055513387,https://www.zooplus.fr/shop/chiens/complements_alimentaires_chien/complements_alimentaires_chien_huile_liquide/9980012644
8429037014651,https://www.zooplus.fr/shop/chiens/croquettes_chien/adulte/9980049933
4032326012951,https://www.zooplus.fr/shop/chiens/complements_alimentaires_chien/complements_alimentaires_chien_comprimes/complements_alimentaires_chien_pelage_peau/781728
4066736007238,https://www.zooplus.fr/shop/chiens/friandises_chien/friandises_comprimes_chien/friandises_diverses_chien/592702
4260697461546,https://www.zooplus.fr/shop/chiens/croquettes_chien/adulte/9980001075
4062911006713,https://www.zooplus.fr/shop/chiens/croquettes_chien/greenwoods/chien_adulte/932428
8015699006549,https://www.zooplus.fr/shop/chiens/croquettes_chien/croquettes_chien_trainer_natural_nova_foods/croquettes_petit_chien_trainer_natural_nova_foods/2157758
4260704280474,https://www.zooplus.fr/shop/chiens/friandises_chien/friandises_batonnet_chien/batonnets_vegetariens/2284106
8714265974915,https://www.zooplus.fr/shop/chiens/friandises_chien/petites_friandises/9980002570
8683769970887,https://www.zooplus.fr/shop/chiens/complements_alimentaires_chien/complements_alimentaires_chien_huile_liquide/9980053177
3182551063592,https://www.zooplus.fr/shop/chiens/friandises_chien/friandises_chien_royal_canin/royal_canin_supplements/2227750
4032254787945,https://www.zooplus.fr/shop/chiens/croquettes_chien/josera_croquettes_chien/chien_adulte/2401372
8710255196534,https://www.zooplus.fr/shop/chiens/croquettes_chien/eukanuba_special_breed_croquettes_chien/eukanuba_special_care_croquettes_chien/1370827
4262500460210,https://www.zooplus.fr/shop/chiens/boites_sachets_barquettes_chien/adulte/9980063724
8435117814066,https://www.zooplus.fr/shop/chiens/boites_sachets_barquettes_chien/arquivetnourriturehumidepourchien/2598225
4062911057227,https://www.zooplus.fr/shop/chiens/boites_sachets_barquettes_chien/lukullus_boites_chiens/2186593
4270001672858,https://www.zooplus.fr/shop/chiens/croquettes_chien/adulte/9980000780
4032254789536,https://www.zooplus.fr/shop/chiens/croquettes_chien/green_petfood/2416323
8710255201986,https://www.zooplus.fr/shop/chiens/croquettes_chien/eukanuba_croquettes_chien/eukanubapremiumnutrition/2387655
3700593400221,https://www.zooplus.fr/shop/chiens/complements_alimentaires_chien/complements_alimentaires_chien_huile_liquide/9980006658
5400585247107,https://www.zooplus.fr/shop/chiens/friandises_chien/friandises_chien_volaille/9980005231
0064992572129,https://www.zooplus.fr/shop/chiens/croquettes_chien/9980002793
8020245713888,https://www.zooplus.fr/shop/chiens/croquettes_chien/forza10_croquettes_chien/active_line/2139377
4060629098280,https://www.zooplus.fr/shop/chiens/friandises_chien/chiens_ages/9980012289
8424160024744,https://www.zooplus.fr/shop/chiens/croquettes_chien/senior/9980000183
8710255201702,https://www.zooplus.fr/shop/chiens/croquettes_chien/eukanuba_croquettes_chien/eukanubapremiumnutrition/2399823
4060629081664,https://www.zooplus.fr/shop/chiens/friandises_chien/chiens_ages/9980012204
4260198350028,https://www.zooplus.fr/shop/chiens/friandises_chien/pate_creme/274380
4260275027461,https://www.zooplus.fr/shop/chiens/boites_sachets_barquettes_chien/fleischeslust/2470720
4260541814559,https://www.zooplus.fr/shop/chiens/friandises_chien/chiens_ages/9980012221
4251276200571,https://www.zooplus.fr/shop/chiens/friandises_chien/friandises_chien_bandes/dokas/153578
3222270146173,https://www.zooplus.fr/shop/chiens/croquettes_chien/friskies/2102366
3760080531401,https://www.zooplus.fr/shop/chiens/croquettes_chien/nutrivet/premium_master/2535368
4032254785217,https://www.zooplus.fr/shop/chiens/croquettes_chien/josera_croquettes_chien/chien_adulte/2413748
0052742039879,https://www.zooplus.fr/shop/chiens/croquettes_chien_races/races_moyennes/9980010561
5430003157237,https://www.zooplus.fr/shop/chiens/complements_alimentaires_chien/ossature_articulations_chien/9980001128
2001001000011,https://www.zooplus.fr/shop/chiens/croquettes_chien/adulte/9980066542
3700469698721,https://www.zooplus.fr/shop/chiens/friandises_chien/friandises_batonnet_chien/9980000203
5060184240727,https://www.zooplus.fr/shop/chiens/croquettes_chien/lilys_kitchen/2200203
4048422110668,https://www.zooplus.fr/shop/chiens/friandises_chien/friandises_os_chien/os_boeuf_fourres_chien/218949
4751008431643,https://www.zooplus.fr/shop/chiens/complements_alimentaires_chien/ossature_articulations_chien/9980066189
4260541814818,https://www.zooplus.fr/shop/chiens/friandises_chien/chiens_ages/9980012264
052742067827,https://www.zooplus.fr/shop/chiens/boites_sachets_barquettes_chien/hills_science_plan_boites_chien/boites_hillsscienceplan/2310132
4262437744865,https://www.zooplus.fr/shop/chiens/friandises_chien/friandises_chien_bandes/autres_bandes_macher/571015
8424160027394,https://www.zooplus.fr/shop/chiens/friandises_chien/friandises_chien_porc/9980000181
052742067193,https://www.zooplus.fr/shop/chiens/boites_sachets_barquettes_chien/hills_science_plan_boites_chien/boites_hillsscienceplan/1981415
4260677550222,https://www.zooplus.fr/shop/chiens/complements_alimentaires_chien/complements_alimentaires_chien_huile_liquide/9980050400
8005852150127,https://www.zooplus.fr/shop/chiens/croquettes_chien/schesir/2111642
4260708714098,https://www.zooplus.fr/shop/chiens/friandises_chien/friandises_comprimes_chien/friandises_diverses_chien/1991207
9003579008447,https://www.zooplus.fr/shop/chiens/boites_sachets_barquettes_chien/royal_canin_boites_chien/maxi/697262
4008239585851,https://www.zooplus.fr/shop/chiens/friandises_chien/friandises_chien_bandes/vitakraft/784644
052742044170,https://www.zooplus.fr/shop/chiens/croquettes_chien/hills_science_plan_croquettes_chien/hills_science_plan_soin_special_croquettes_chien/1099038
4260488280837,https://www.zooplus.fr/shop/chiens/friandises_chien/friandises_sans_cereales_chien/9980062318
8011259003157,https://www.zooplus.fr/shop/chiens/croquettes_chien/exclusion_croquettes_chien/663787
8595602521081,https://www.zooplus.fr/shop/chiens/croquettes_chien/brit/besoins_specifiques/1746456
5906679369217,https://www.zooplus.fr/shop/chiens/complements_alimentaires_chien/complements_alimentaires_chien_huile_liquide/9980000207
8908012564850,https://www.zooplus.fr/shop/chiens/croquettes_chien/9980066676
0064992543204,https://www.zooplus.fr/shop/chiens/croquettes_chien/9980002795
3760404050472,https://www.zooplus.fr/shop/chiens/croquettes_chien/adulte/9980013878
8595706701198,https://www.zooplus.fr/shop/chiens/croquettes_chien/calibra/1907805
4000158916310,https://www.zooplus.fr/shop/chiens/friandises_chien/friandises_batonnet_chien/batonnets_enrobes/1885464
5902921394099,https://www.zooplus.fr/shop/chiens/boites_sachets_barquettes_chien/dolina_noteci/1990845
4060629071566,https://www.zooplus.fr/shop/chiens/friandises_chien/chiens_ages/9980012280
3182550801003,https://www.zooplus.fr/shop/chiens/croquettes_chien/adulte/9980006792
4014719103446,https://www.zooplus.fr/shop/chiens/friandises_chien/friandises_chien_volaille/2160239
1234565,https://www.zooplus.fr/shop/chiens/complements_alimentaires_chien/pelage_peau_chien/9980010807
8011391690833,https://www.zooplus.fr/shop/chiens/boites_sachets_barquettes_chien/adulte/9980061702
4062911059412,https://www.zooplus.fr/shop/chiens/croquettes_chien/rocco_croquettes/a_decouvrir/2392941
3182550908443,https://www.zooplus.fr/shop/chiens/croquettes_chien/royal_canin_breed_croquettes_chien/spitz_nain/999616
8683769675164,https://www.zooplus.fr/shop/chiens/friandises_chien/lyophilisees/9980050650
3700543086994,https://www.zooplus.fr/shop/chiens/complements_alimentaires_chien/estomac_intestin_chien/9980002607
4060629149869,https://www.zooplus.fr/shop/chiens/friandises_chien/chiens_ages/9980012276
4260488284583,https://www.zooplus.fr/shop/chiens/friandises_chien/friandises_sans_cereales_chien/9980062311
8683769637865,https://www.zooplus.fr/shop/chiens/complements_alimentaires_chien/complements_alimentaires_chien_huile_liquide/9980049838
8683769644085,https://www.zooplus.fr/shop/chiens/complements_alimentaires_chien/complements_alimentaires_chien_huile_liquide/9980050589
4260697461805,https://www.zooplus.fr/shop/chiens/boites_sachets_barquettes_chien/petit_chien/9980061288
4011905315362,https://www.zooplus.fr/shop/chiens/friandises_chien/friandises_chien_volaille/9980003848
5000166161299,https://www.zooplus.fr/shop/chiens/croquettes_chien/james_wellbeloved_croquettes_chiens/james_wellbeloved_adult_croquettes_chiens/589942
4260165183802,https://www.zooplus.fr/shop/chiens/boites_sachets_barquettes_chien/granatapet_boites_chien/1991063
8424160024386,https://www.zooplus.fr/shop/chiens/croquettes_chien/adulte/9980000148
8001154124309,https://www.zooplus.fr/shop/chiens/boites_sachets_barquettes_chien/almo_nature_boites_chien/almo_nature_classic/430724
5025730005779,https://www.zooplus.fr/shop/chiens/croquettes_chien/natures_variety/aliment_lyophilise/1920574
3760401050123,https://www.zooplus.fr/shop/chiens/friandises_chien/bois_corne_sabot/9980013034
4260730710853,https://www.zooplus.fr/shop/chiens/complements_alimentaires_chien/vitamines_chien/poudre_flocons_vitamines_chien/1746080
052742282206,https://www.zooplus.fr/shop/chiens/croquettes_chien/hills_science_plan_croquettes_chien/hills_science_plan_adulte_croquettes_chien/583173
4000158914156,https://www.zooplus.fr/shop/chiens/friandises_chien/friandise_chien_rinti/chicko_plus/2540820
4060629081596,https://www.zooplus.fr/shop/chiens/friandises_chien/chiens_ages/9980012209
8710255172019,https://www.zooplus.fr/shop/chiens/croquettes_chien/adulte/9980006851
9003579009376,https://www.zooplus.fr/shop/chiens/boites_sachets_barquettes_chien/royal_canin_care_nutrition/1965935
8429037014736,https://www.zooplus.fr/shop/chiens/croquettes_chien/adulte/9980049931
3760368528413,https://www.zooplus.fr/shop/chiens/friandises_chien/petites_friandises/9980063870
3700494579972,https://www.zooplus.fr/shop/chiens/complements_alimentaires_chien/complements_alimentaires_chien_huile_liquide/9980062162
8595602556793,https://www.zooplus.fr/shop/chiens/croquettes_chien/carnilove/9980004139
8720589738591,https://www.zooplus.fr/shop/chiens/complements_alimentaires_chien/complements_alimentaires_chien_huile_liquide/9980000333
8410650278131,https://www.zooplus.fr/shop/chiens/boites_sachets_barquettes_chien/natures_variety/1112626
8020245712355,https://www.zooplus.fr/shop/chiens/boites_sachets_barquettes_chien/forza10_boites_chien/1991118
4260488280806,https://www.zooplus.fr/shop/chiens/friandises_chien/friandises_sans_cereales_chien/9980062202
4032314030370,https://www.zooplus.fr/shop/chiens/croquettes_chien/luposan_croquettes_chien/lupo_sensitiv/303042
5430003157091,https://www.zooplus.fr/shop/chiens/friandises_chien/petites_friandises/9980001715
8410650152349,https://www.zooplus.fr/shop/chiens/croquettes_chien/affinity_advance_veterinary_diets/diabete/390655
8445290852915,https://www.zooplus.fr/shop/chiens/boites_sachets_barquettes_chien/friskies/2184567
5391475003647,https://www.zooplus.fr/shop/chiens/complements_alimentaires_chien/complements_alimentaires_chien_comprimes/complements_alimentaires_chien_pelage_peau/2127584
3182550402316,https://www.zooplus.fr/shop/chiens/croquettes_chien/royal_canin_size_croquettes_chien/royal_canin_size_maxi_croquettes_chien/15464
4751008432015,https://www.zooplus.fr/shop/chiens/complements_alimentaires_chien/pelage_peau_chien/9980066845
4032254787921,https://www.zooplus.fr/shop/chiens/croquettes_chien/josera_croquettes_chien/chien_adulte/2451463
4270001670380,https://www.zooplus.fr/shop/chiens/croquettes_chien/adulte/9980000781
4260578753999,https://www.zooplus.fr/shop/chiens/friandises_chien/friandises_chien_bandes/snacks/2188743
4060629153477,https://www.zooplus.fr/shop/chiens/boites_sachets_barquettes_chien/adulte/9980073907
4038374160804,https://www.zooplus.fr/shop/chiens/friandises_chien/friandises_batonnet_chien/batonnets_soins_dentaires/2230226
4011905315324,https://www.zooplus.fr/shop/chiens/friandises_chien/friandises_chien_volaille/9980003834
4032254786399,https://www.zooplus.fr/shop/chiens/croquettes_chien/josera_croquettes_chien/chien_adulte/2413803
4062911010857,https://www.zooplus.fr/shop/chiens/croquettes_chien/wolf_of_wilderness/besoins_specifiques/1045712
8437013127936,https://www.zooplus.fr/shop/chiens/croquettes_chien/natura_diet/1746890
4060629152920,https://www.zooplus.fr/shop/chiens/croquettes_chien/adulte/9980069064
4002633512444,https://www.zooplus.fr/shop/chiens/boites_sachets_barquettes_chien/belcando/2176831
8683769638206,https://www.zooplus.fr/shop/chiens/complements_alimentaires_chien/complements_alimentaires_chien_huile_liquide/9980050221
0052742043821,https://www.zooplus.fr/shop/chiens/croquettes_chien_races/races_moyennes/9980009738
3701730400159,https://www.zooplus.fr/shop/chiens/friandises_chien/entrainement_training/9980014754
4060629037234,https://www.zooplus.fr/shop/chiens/friandises_chien/chiens_ages/9980012206
8413037332105,https://www.zooplus.fr/shop/chiens/croquettes_chien_races/races_moyennes/9980065947
5907489324106,https://www.zooplus.fr/shop/chiens/friandises_chien/friandises_batonnet_chien/autres_batonnets_viande/1991276
8714265000331,https://www.zooplus.fr/shop/chiens/croquettes_chien/yarrah_croquettes_chien/9980012302
3700059340016,https://www.zooplus.fr/shop/chiens/complements_alimentaires_chien/complements_alimentaires_chien_huile_liquide/9980006887
8595602508914,https://www.zooplus.fr/shop/chiens/croquettes_chien/carnilove/9980006662
4032326012517,https://www.zooplus.fr/shop/chiens/complements_alimentaires_chien/ossature_articulations_chien/farine_poudre_ossature_articulations_chien/742685
8721551680153,https://www.zooplus.fr/shop/chiens/friandises_chien/bois_corne_sabot/9980073743
3760368527980,https://www.zooplus.fr/shop/chiens/friandises_chien/petites_friandises/9980010513
3336024823521,https://www.zooplus.fr/shop/chiens/friandises_chien/petites_friandises/9980053789
4260379442993,https://www.zooplus.fr/shop/chiens/boites_sachets_barquettes_chien/adulte/9980008493
4011905313221,https://www.zooplus.fr/shop/chiens/friandises_chien/friandises_os_chien/9980008316
4255825700154,https://www.zooplus.fr/shop/chiens/boites_sachets_barquettes_chien/fleischeslust/2476824
4062911064607,https://www.zooplus.fr/shop/chiens/croquettes_chien/concept_for_life_dogs/large_grandes_tailles/559625
8721551680610,https://www.zooplus.fr/shop/chiens/friandises_chien/bois_corne_sabot/9980080941
5060084772427,https://www.zooplus.fr/shop/chiens/croquettes_chien/burns_chien/burns_chien_adulte/137854
3182550758307,https://www.zooplus.fr/shop/chiens/croquettes_chien/adulte/9980006950
4060629079296,https://www.zooplus.fr/shop/chiens/friandises_chien/chiens_ages/9980012286
5000166161282,https://www.zooplus.fr/shop/chiens/croquettes_chien/james_wellbeloved_croquettes_chiens/james_wellbeloved_adult_croquettes_chiens/589943
5701170111019,https://www.zooplus.fr/shop/chiens/croquettes_chien/adulte/9980007118
3700494579965,https://www.zooplus.fr/shop/chiens/complements_alimentaires_chien/complements_alimentaires_chien_huile_liquide/9980062158
4262500460692,https://www.zooplus.fr/shop/chiens/croquettes_chien/adulte/9980063487
6420612233339,https://www.zooplus.fr/shop/chiens/croquettes_chien/golden_eagle/1991391
4062911056541,https://www.zooplus.fr/shop/chiens/aliments_specifiques_therapeutiques_chien/plaque_dentaire_tartre/2450622
5701170110340,https://www.zooplus.fr/shop/chiens/croquettes_chien/specific_veterinary_diet/lots_eco_specific_veterinary/453996
4060629150780,https://www.zooplus.fr/shop/chiens/croquettes_chien/adulte/9980073910
4062911056954,https://www.zooplus.fr/shop/chiens/friandises_chien/friandises_chien_purizon/2353965
8410136024207,https://www.zooplus.fr/shop/chiens/boites_sachets_barquettes_chien/cesar_boites_chiens/sachets/1333835
4262375560190,https://www.zooplus.fr/shop/chiens/complements_alimentaires_chien/pelage_peau_chien/9980001199
8433872067789,https://www.zooplus.fr/shop/chiens/croquettes_chien/nutriplus/2198864
4260488284613,https://www.zooplus.fr/shop/chiens/friandises_chien/friandises_sans_cereales_chien/9980062272
4260488286211,https://www.zooplus.fr/shop/chiens/friandises_chien/friandises_sans_cereales_chien/9980062295
4260488285047,https://www.zooplus.fr/shop/chiens/friandises_chien/friandises_sans_cereales_chien/9980062201
8594062087151,https://www.zooplus.fr/shop/chiens/croquettes_chien/calibra_veterinary_diet/1909686
52742805504,https://www.zooplus.fr/shop/chiens/croquettes_chien_races/races_moyennes/9980061218
8010276033208,https://www.zooplus.fr/shop/chiens/croquettes_chien/adulte/9980066377
8009470011174,https://www.zooplus.fr/shop/chiens/croquettes_chien/monge/1991242
3760401053070,https://www.zooplus.fr/shop/chiens/croquettes_chien/adulte/9980048701
4262437747644,https://www.zooplus.fr/shop/chiens/friandises_chien/friandisepourchienluckyjim/2415318
4260345750329,https://www.zooplus.fr/shop/chiens/boites_sachets_barquettes_chien/248542/2317428
8436020787270,https://www.zooplus.fr/shop/chiens/complements_alimentaires_chien/vitamines_chien/comprimes_taurine_vitamines_chien/1746445
8721551680139,https://www.zooplus.fr/shop/chiens/friandises_chien/bois_corne_sabot/9980073265
8683769633072,https://www.zooplus.fr/shop/chiens/friandises_chien/9980050183
5400585177107,https://www.zooplus.fr/shop/chiens/friandises_chien/9980004582
4260488284422,https://www.zooplus.fr/shop/chiens/friandises_chien/friandises_sans_cereales_chien/9980062230
4260165188166,https://www.zooplus.fr/shop/chiens/complements_alimentaires_chien/pelage_peau_chien/pelage_peau_complement_liquide__huile_chien/520893
0052742335414,https://www.zooplus.fr/shop/chiens/croquettes_chien_races/races_moyennes/9980009719
4062911054240,https://www.zooplus.fr/shop/chiens/croquettes_chien/croquettes_chien_purizon/single_meat/2124226
5998749125625,https://www.zooplus.fr/shop/chiens/friandises_chien/friandises_comprimes_chien/friandises_pedigree_chien/447986
3770036703127,https://www.zooplus.fr/shop/chiens/friandises_chien/petites_friandises/9980002552
4260488280325,https://www.zooplus.fr/shop/chiens/friandises_chien/friandises_sans_cereales_chien/9980062346
4060629061482,https://www.zooplus.fr/shop/chiens/friandises_chien/chiens_ages/9980012212
4260730710730,https://www.zooplus.fr/shop/chiens/complements_alimentaires_chien/vitamines_chien/poudre_flocons_vitamines_chien/1746079
5902921306184,https://www.zooplus.fr/shop/chiens/friandises_chien/friandises_comprimes_chien/friandises_diverses_chien/2129310
4260488284866,https://www.zooplus.fr/shop/chiens/friandises_chien/friandises_sans_cereales_chien/9980062273
74198614462,https://www.zooplus.fr/shop/chiens/croquettes_chien/croquettes_chien_taste_of_the_wild/croquettes_taste_of_the_wild_chien/1928873
8001154002737,https://www.zooplus.fr/shop/chiens/croquettes_chien/almo_nature_holistic_croquettes_chien/almo_nature_holistic_small_croquettes_chien/1884742
4260677550352,https://www.zooplus.fr/shop/chiens/complements_alimentaires_chien/complements_alimentaires_chien_huile_liquide/9980050421
4062911048126,https://www.zooplus.fr/shop/chiens/boites_sachets_barquettes_chien/wolf_of_wilderness/senior/650914
8005852261076,https://www.zooplus.fr/shop/chiens/croquettes_chien/schesir/2116671
4260379443044,https://www.zooplus.fr/shop/chiens/friandises_chien/friandises_batonnet_chien/batonnets_soins_dentaires/617070
4060629016093,https://www.zooplus.fr/shop/chiens/friandises_chien/chiens_ages/9980012282
4011905315355,https://www.zooplus.fr/shop/chiens/friandises_chien/friandises_chien_volaille/9980005539
52742025582,https://www.zooplus.fr/shop/chiens/croquettes_chien/hills_science_plan_croquettes_chien/hills_science_plan_junior_croquettes_chien/15198
5060560754299,https://www.zooplus.fr/shop/chiens/complements_alimentaires_chien/vitamines_chien/comprimes_taurine_vitamines_chien/2001206
52742064963,https://www.zooplus.fr/shop/chiens/boites_sachets_barquettes_chien/boites_chien_hills_prescription_diet/troubles_intestinaux/465788
4250078974765,https://www.zooplus.fr/shop/chiens/friandises_chien/bois_corne_sabot/9980001938
8015699006617,https://www.zooplus.fr/shop/chiens/croquettes_chien/croquettes_chien_trainer_natural_nova_foods/croquettes_petit_chien_trainer_natural_nova_foods/458477
4260101763396,https://www.zooplus.fr/shop/chiens/friandises_chien/friandises_comprimes_chien/friandises_drop_snack_chien_chewies/455593
5998749139851,https://www.zooplus.fr/shop/chiens/friandises_chien/friandises_os_chien/os_boeuf_fourres_chien/360827
8413037331665,https://www.zooplus.fr/shop/chiens/croquettes_chien_races/races_moyennes/9980065889
3701730400470,https://www.zooplus.fr/shop/chiens/croquettes_chien/adulte/9980052219
052742069425,https://www.zooplus.fr/shop/chiens/friandises_chien/biscuit_gateau_sec_friandises_chien/biscuits_hills/760131
3700525923613,https://www.zooplus.fr/shop/chiens/complements_alimentaires_chien/complements_alimentaires_chien_huile_liquide/9980000769
3770000461664,https://www.zooplus.fr/shop/chiens/friandises_chien/9980052476
4260488280370,https://www.zooplus.fr/shop/chiens/croquettes_chien/adulte/9980062305
3561963600388,https://www.zooplus.fr/shop/chiens/croquettes_chien/virbac_vet_hpm/9980052227
8710255153919,https://www.zooplus.fr/shop/chiens/croquettes_chien/iams_croquettes_chien/lot_economique_croquettes_iams/456697
4062911017917,https://www.zooplus.fr/shop/chiens/croquettes_chien/concept_for_life_dogs/large_grandes_tailles/559626
8021680757925,https://www.zooplus.fr/shop/chiens/friandises_chien/lyophilisees/9980048653
3760401051731,https://www.zooplus.fr/shop/chiens/friandises_chien/bois_corne_sabot/9980013039
3760401050192,https://www.zooplus.fr/shop/chiens/friandises_chien/bois_corne_sabot/9980013006
3760443280090,https://www.zooplus.fr/shop/chiens/complements_alimentaires_chien/pelage_peau_chien/9980066001
4037901106001,https://www.zooplus.fr/shop/chiens/friandises_chien/friandises_chien_bandes/cookies_delikatess/113987
52742024783,https://www.zooplus.fr/shop/chiens/croquettes_chien_races/races_moyennes/9980010551
3182550778725,https://www.zooplus.fr/shop/chiens/croquettes_chien/royal_canin_size_croquettes_chien/royal_canin_size_medium_croquettes_chien/207053
4260109623807,https://www.zooplus.fr/shop/chiens/boites_sachets_barquettes_chien/terra_canis_boites_chien/boites_chien_terra_canis_lots_econmiques/577015
0000000149426,https://www.zooplus.fr/shop/chiens/complements_alimentaires_chien/complements_alimentaires_chien_huile_liquide/9980012312
4032314030547,https://www.zooplus.fr/shop/chiens/croquettes_chien/markus_muehle_croquettes_chien/black_angus/379499
8595602581924,https://www.zooplus.fr/shop/chiens/croquettes_chien/carnilove/chien_adulte/2590092
7336014497509,https://www.zooplus.fr/shop/chiens/croquettes_chien/friskies/723214
4017721828604,https://www.zooplus.fr/shop/chiens/friandises_chien/friandises_comprimes_chien/friandises_diverses_chien/2161025
8595602583591,https://www.zooplus.fr/shop/chiens/aliments_sans_cereales/carnilove/friandises/2590393
4062911059535,https://www.zooplus.fr/shop/chiens/croquettes_chien/rocco_croquettes/a_decouvrir/2392299
8059149432144,https://www.zooplus.fr/shop/chiens/croquettes_chien/croquettes_chien_trainer_natural_nova_foods/croquettes_grand_chien_trainer_fitness/1990751
8015262031367,https://www.zooplus.fr/shop/chiens/complements_alimentaires_chien/complements_alimentaires_chien_huile_liquide/9980013784
4009272008321,https://www.zooplus.fr/shop/chiens/friandises_chien/friandises_batonnet_chien/autres_batonnets_viande/2228485
4260541818175,https://www.zooplus.fr/shop/chiens/friandises_chien/chiens_ages/9980012246
3760240681045,https://www.zooplus.fr/shop/chiens/croquettes_chien/adulte/9980005517
4260488284705,https://www.zooplus.fr/shop/chiens/friandises_chien/friandises_sans_cereales_chien/9980062283
3760080539506,https://www.zooplus.fr/shop/chiens/friandises_chien/friandises_chien_boeuf/autres_friandises_boeuf/2100531
3760401053131,https://www.zooplus.fr/shop/chiens/friandises_chien/bois_corne_sabot/9980013011
8032644300095,https://www.zooplus.fr/shop/chiens/complements_alimentaires_chien/complements_alimentaires_chien_huile_liquide/9980007111
8425402749852,https://www.zooplus.fr/shop/chiens/friandises_chien/9980010531
8413037331849,https://www.zooplus.fr/shop/chiens/croquettes_chien_races/races_moyennes/9980065956
8410650168180,https://www.zooplus.fr/shop/chiens/croquettes_chien/affinity_advance_veterinary_diets/problemes_articulaires/390653
3770011878802,https://www.zooplus.fr/shop/chiens/croquettes_chien/senior/9980002072
4060629152005,https://www.zooplus.fr/shop/chiens/friandises_chien/chiens_ages/9980012225
4260488284255,https://www.zooplus.fr/shop/chiens/friandises_chien/friandises_sans_cereales_chien/9980062217
4260109624156,https://www.zooplus.fr/shop/chiens/boites_sachets_barquettes_chien/terra_canis_boites_chien/terra_canis_menu/594354
4260730711492,https://www.zooplus.fr/shop/chiens/complements_alimentaires_chien/paws_patch/2196078
4062911053885,https://www.zooplus.fr/shop/chiens/croquettes_chien/lukullus_croquettes_chiens/lukullus_vitality/2119291
0052742047256,https://www.zooplus.fr/shop/chiens/croquettes_chien_races/races_moyennes/9980053982
4262422873785,https://www.zooplus.fr/shop/chiens/boites_sachets_barquettes_chien/doggydogboiteschiens/2158490
8425402749654,https://www.zooplus.fr/shop/chiens/friandises_chien/bois_corne_sabot/9980010399
8721551680245,https://www.zooplus.fr/shop/chiens/friandises_chien/bois_corne_sabot/9980073331
3182550813242,https://www.zooplus.fr/shop/chiens/croquettes_chien/royal_canin_breed_croquettes_chien/bichon_frise_croquettes_royal_canin/352891
9120100971541,https://www.zooplus.fr/shop/chiens/friandises_chien/friandises_batonnet_chien/9980063975
8020245091351,https://www.zooplus.fr/shop/chiens/croquettes_chien/forza10_croquettes_chien/forza10_bio_croquettes_chien/1991270
3760080532903,https://www.zooplus.fr/shop/chiens/croquettes_chien/adulte/9980014585
5060978814455,https://www.zooplus.fr/shop/chiens/complements_alimentaires_chien/pelage_peau_chien/9980003038
3770036703134,https://www.zooplus.fr/shop/chiens/friandises_chien/petites_friandises/9980002553
3700454550423,https://www.zooplus.fr/shop/chiens/complements_alimentaires_chien/complements_alimentaires_chien_huile_liquide/9980013814
9120063682898,https://www.zooplus.fr/shop/chiens/friandises_chien/friandises_chien_volaille/2317819
3760404050182,https://www.zooplus.fr/shop/chiens/croquettes_chien/adulte/9980013796
3760401051519,https://www.zooplus.fr/shop/chiens/friandises_chien/friandises_chien_boeuf/9980012930
4032254786078,https://www.zooplus.fr/shop/chiens/croquettes_chien/josera_croquettes_chien/chien_adulte/2414872
5400585146875,https://www.zooplus.fr/shop/chiens/friandises_chien/friandises_chien_volaille/9980003833
8410650009346,https://www.zooplus.fr/shop/chiens/croquettes_chien/affinity_advance/affinity_advance_adulte_toutes_races/607861
4015598018487,https://www.zooplus.fr/shop/chiens/croquettes_chien/bosch_croquettes_chien/bosch_adulte_croquettes_petit_chien/2296057
3760401052950,https://www.zooplus.fr/shop/chiens/friandises_chien/friandises_chien_boeuf/9980012949
8721551680023,https://www.zooplus.fr/shop/chiens/friandises_chien/bois_corne_sabot/9980073621
74198613397,https://www.zooplus.fr/shop/chiens/boites_sachets_barquettes_chien/taste_of_the_wild/totw_boites_chien/480128
4260275021810,https://www.zooplus.fr/shop/chiens/friandises_chien/friandises_chien_boeuf/autres_friandises_boeuf/2469071
0064992542603,https://www.zooplus.fr/shop/chiens/croquettes_chien/croquettes/9980066200
5902921383574,https://www.zooplus.fr/shop/chiens/boites_sachets_barquettes_chien/dolina_noteci/1990750
8435117892774,https://www.zooplus.fr/shop/chiens/croquettes_chien/arquivet/2227164
3700469698066,https://www.zooplus.fr/shop/chiens/friandises_chien/friandises_batonnet_chien/9980000784
3182550703079,https://www.zooplus.fr/shop/chiens/croquettes_chien/royal_canin_size_croquettes_chien/royal_canin_size_geant_croquettes_chien/15567
7350033850206,https://www.zooplus.fr/shop/chiens/croquettes_chien/magnussons/1991558
4251276201264,https://www.zooplus.fr/shop/chiens/friandises_chien/friandises_batonnet_chien/batonnets_enrobes/580911
4262500460333,https://www.zooplus.fr/shop/chiens/boites_sachets_barquettes_chien/adulte/9980063652
4260748896945,https://www.zooplus.fr/shop/chiens/boites_sachets_barquettes_chien/petit_chien/9980180105
8020245202740,https://www.zooplus.fr/shop/chiens/croquettes_chien/forza10_croquettes_chien/active_line/1991142
3182550782043,https://www.zooplus.fr/shop/chiens/croquettes_chien/royal_canin_veterinary_diet/chiens_ages/2145773
4262437747699,https://www.zooplus.fr/shop/chiens/friandises_chien/friandisepourchienluckyjim/2410358
4260697462680,https://www.zooplus.fr/shop/chiens/croquettes_chien/croquettes_small_mini_breed/9980064451
4260748893166,https://www.zooplus.fr/shop/chiens/boites_sachets_barquettes_chien/petit_chien/9980180095
5060978814424,https://www.zooplus.fr/shop/chiens/complements_alimentaires_chien/complements_alimentaires_chien_huile_liquide/9980003028
0074198614370,https://www.zooplus.fr/shop/chiens/croquettes_chien_races/races_moyennes/9980065747
4260488280462,https://www.zooplus.fr/shop/chiens/friandises_chien/friandises_sans_cereales_chien/9980062291
52742021386,https://www.zooplus.fr/shop/chiens/boites_sachets_barquettes_chien/boites_chien_hills_prescription_diet/problemes_renaux_urinaires/754159
3605874428539,https://www.zooplus.fr/shop/chiens/complements_alimentaires_chien/complements_alimentaires_chien_huile_liquide/9980013847
0052742209807,https://www.zooplus.fr/shop/chiens/croquettes_chien_races/races_moyennes/9980010572
8410650172248,https://www.zooplus.fr/shop/chiens/croquettes_chien/bon_menu/2102014
4260697462314,https://www.zooplus.fr/shop/chiens/boites_sachets_barquettes_chien/adulte/9980063650
5701170120684,https://www.zooplus.fr/shop/chiens/boites_sachets_barquettes_chien/chiot/9980006924
5701170121209,https://www.zooplus.fr/shop/chiens/boites_sachets_barquettes_chien/adulte/9980063313
4062911039551,https://www.zooplus.fr/shop/chiens/friandises_chien/briantos_fitbites/meat_rolls_strips/2204976
5060122494076,https://www.zooplus.fr/shop/chiens/croquettes_chien/applaws/naturelles/354936
4260077046677,https://www.zooplus.fr/shop/chiens/boites_sachets_barquettes_chien/rocco_boites_chien/boites_chien_tour_du_monde_rocco/314994
5701170111842,https://www.zooplus.fr/shop/chiens/croquettes_chien/adulte/9980007034
8595602537723,https://www.zooplus.fr/shop/chiens/boites_sachets_barquettes_chien/petit_chien/9980002515
4260496596371,https://www.zooplus.fr/shop/chiens/friandises_chien/petites_friandises/9980000327
8595602581177,https://www.zooplus.fr/shop/chiens/croquettes_chien/carnilove/chien_adulte/2588822
4260488284637,https://www.zooplus.fr/shop/chiens/friandises_chien/friandises_sans_cereales_chien/9980062361
4066736010788,https://www.zooplus.fr/shop/chiens/boites_sachets_barquettes_chien/terra_canis_boites_chien/terra_canis_chiots/1000468
8435117891050,https://www.zooplus.fr/shop/chiens/croquettes_chien/croquettesarquivet/2227256
3182550894388,https://www.zooplus.fr/shop/chiens/croquettes_chien/royal_canin_care_nutrition/dental_care/775992
8683769633164,https://www.zooplus.fr/shop/chiens/friandises_chien/lyophilisees/9980050109
8710255196466,https://www.zooplus.fr/shop/chiens/croquettes_chien/eukanuba_special_breed_croquettes_chien/eukanuba_special_care_croquettes_chien/1370823
5902811742627,https://www.zooplus.fr/shop/chiens/croquettes_chien/4vets/1991212
5400585130669,https://www.zooplus.fr/shop/chiens/friandises_chien/friandiseflamingo/2321505
8594062087236,https://www.zooplus.fr/shop/chiens/croquettes_chien/calibra_veterinary_diet/1909580
4260488282657,https://www.zooplus.fr/shop/chiens/friandises_chien/friandises_sans_cereales_chien/9980062225
742174850066,https://www.zooplus.fr/shop/chiens/friandises_chien/friandises_batonnet_chien/9980049989
52742025926,https://www.zooplus.fr/shop/chiens/croquettes_chien_races/races_moyennes/9980010549
4260697461058,https://www.zooplus.fr/shop/chiens/friandises_chien/petites_friandises/9980064462
7311030444331,https://www.zooplus.fr/shop/chiens/croquettes_chien/bozita_robur_croquettes_chien/bozita_robur_croquettes_chiot/2311867
52742067292,https://www.zooplus.fr/shop/chiens/boites_sachets_barquettes_chien/hills_science_plan_boites_chien/boites_hillsscienceplan/1958939
8025767623530,https://www.zooplus.fr/shop/chiens/complements_alimentaires_chien/estomac_intestin_chien/estomac_intestin_comprimes_chien/1991111
3760080532880,https://www.zooplus.fr/shop/chiens/croquettes_chien/adulte/9980014581
035585361871,https://www.zooplus.fr/shop/chiens/friandises_chien/friandises_kong/2190726
3666639133013,https://www.zooplus.fr/shop/chiens/friandises_chien/bois_corne_sabot/9980069131
3182550848442,https://www.zooplus.fr/shop/chiens/croquettes_chien/royal_canin_breed_croquettes_chien/shih_tzu_croquettes_royal_canin/207065
5430003157701,https://www.zooplus.fr/shop/chiens/boites_sachets_barquettes_chien/petit_chien/9980001121
4040056014404,https://www.zooplus.fr/shop/chiens/complements_alimentaires_chien/autres_marques/2273062
8015699006754,https://www.zooplus.fr/shop/chiens/croquettes_chien/croquettes_chien_trainer_natural_nova_foods/croquettes_moyen_chien_trainer_fitness/212882
5400585057232,https://www.zooplus.fr/shop/chiens/friandises_chien/friandises_chien_volaille/9980005564
8001154125542,https://www.zooplus.fr/shop/chiens/croquettes_chien/almo_nature_holistic_croquettes_chien/lots_economiques_croquettes_almo_nature/456467
3182550894050,https://www.zooplus.fr/shop/chiens/croquettes_chien/royal_canin_care_nutrition/exigent/262305
4000158916297,https://www.zooplus.fr/shop/chiens/friandises_chien/friandises_batonnet_chien/batonnets_enrobes/1885597
8009722000895,https://www.zooplus.fr/shop/chiens/complements_alimentaires_chien/complements_alimentaires_chien_huile_liquide/9980006733
8413037378172,https://www.zooplus.fr/shop/chiens/croquettes_chien/optimova_croquettes_chien/besoins_specifiques/453781
3760401052783,https://www.zooplus.fr/shop/chiens/friandises_chien/9980012946
4032254785842,https://www.zooplus.fr/shop/chiens/croquettes_chien/josera_croquettes_chien/chien_adulte/2414731
4060629080667,https://www.zooplus.fr/shop/chiens/friandises_chien/chiens_ages/9980012292
0742174095061,https://www.zooplus.fr/shop/chiens/friandises_chien/friandises_batonnet_chien/9980050003
4260756991175,https://www.zooplus.fr/shop/chiens/friandises_chien/bois_corne_sabot/9980010389
4062911001343,https://www.zooplus.fr/shop/chiens/croquettes_chien/wolf_of_wilderness/elements/759779
3182551102253,https://www.zooplus.fr/shop/chiens/croquettes_chien/royal_canin_breed_croquettes_chien/berger_allemand_croquettes_royal_canin/962744
8010276025425,https://www.zooplus.fr/shop/chiens/croquettes_chien/adulte/9980066353
4062911053311,https://www.zooplus.fr/shop/chiens/croquettes_chien/croquettes_chien_purizon/purizon_puppy/2113100
4015598017763,https://www.zooplus.fr/shop/chiens/croquettes_chien/bosch_croquettes_chien/bosch_bio_croquettes_chien/63057
4062911011854,https://www.zooplus.fr/shop/chiens/croquettes_chien/concept_for_life_dogs/mini/559542
4260748893272,https://www.zooplus.fr/shop/chiens/boites_sachets_barquettes_chien/petit_chien/9980180114
3701730400463,https://www.zooplus.fr/shop/chiens/friandises_chien/petites_friandises/9980052428
3760235630423,https://www.zooplus.fr/shop/chiens/complements_alimentaires_chien/complements_alimentaires_chien_huile_liquide/9980054665
052742282701,https://www.zooplus.fr/shop/chiens/croquettes_chien/hills_science_plan_croquettes_chien/hills_science_plan_senior_croquettes_chien/41469
5425039486208,https://www.zooplus.fr/shop/chiens/croquettes_chien/edgard_cooper/9980014000
3760404050717,https://www.zooplus.fr/shop/chiens/complements_alimentaires_chien/complements_alimentaires_chien_huile_liquide/9980182307
6420612235203,https://www.zooplus.fr/shop/chiens/croquettes_chien/golden_eagle/1991120
052742052823,https://www.zooplus.fr/shop/chiens/croquettes_chien/hills_science_plan_croquettes_chien/perfect_weight/1333455
7640154284913,https://www.zooplus.fr/shop/chiens/friandises_chien/friandises_delibest/autres_friandises/2223500
9375777109074,https://www.zooplus.fr/shop/chiens/boites_sachets_barquettes_chien/chiot/9980055130
8606014105551,https://www.zooplus.fr/shop/chiens/boites_sachets_barquettes_chien/nourriture_humide/9980066253
4260488285092,https://www.zooplus.fr/shop/chiens/friandises_chien/friandises_sans_cereales_chien/9980062234
4260748897065,https://www.zooplus.fr/shop/chiens/croquettes_chien/adulte/9980180081
5902921399469,https://www.zooplus.fr/shop/chiens/croquettes_chien/dolina_noteci/1991257
5900951015908,https://www.zooplus.fr/shop/chiens/boites_sachets_barquettes_chien/pedigree_pur_boites_chien/lots_economiques_pedigree/561681
3182550940351,https://www.zooplus.fr/shop/chiens/croquettes_chien/royal_canin_veterinary_diet/allergies_intolerance_alimentaires_chien/566763
5391475003562,https://www.zooplus.fr/shop/chiens/complements_alimentaires_chien/complements_alimentaires_chien_comprimes/estomac_intestin_complement_chien/2119742
4032326012357,https://www.zooplus.fr/shop/chiens/complements_alimentaires_chien/ossature_articulations_chien/farine_poudre_ossature_articulations_chien/742691
3401166555644,https://www.zooplus.fr/shop/chiens/complements_alimentaires_chien/complements_alimentaires_chien_huile_liquide/9980006762
4048422190905,https://www.zooplus.fr/shop/chiens/complements_alimentaires_chien/vitamines_chien/comprimes_taurine_vitamines_chien/192389
4062911016392,https://www.zooplus.fr/shop/chiens/croquettes_chien/concept_for_life_veterinary_diet/lots_economiques/789200
4000158940391,https://www.zooplus.fr/shop/chiens/boites_sachets_barquettes_chien/rinti_boites_chien/rinti_boites_viande_pure_chien/460098
8413037372033,https://www.zooplus.fr/shop/chiens/croquettes_chien_races/races_moyennes/9980065939
4060629154092,https://www.zooplus.fr/shop/chiens/boites_sachets_barquettes_chien/adulte/9980069051
8437013576109,https://www.zooplus.fr/shop/chiens/friandises_chien/friandises_os_chien/os_chien/555697
5060084774100,https://www.zooplus.fr/shop/chiens/boites_sachets_barquettes_chien/burns_patee_chien/1997758
8010276021823,https://www.zooplus.fr/shop/chiens/croquettes_chien/farmina/grainfree/1991452
3760443010185,https://www.zooplus.fr/shop/chiens/alimentation_barf/9980065169
4262459380829,https://www.zooplus.fr/shop/chiens/friandises_chien/friandiseschiengeorgeandbob/2421381
8595602539949,https://www.zooplus.fr/shop/chiens/friandises_chien/brit/1747070
4000158914316,https://www.zooplus.fr/shop/chiens/friandises_chien/friandises_comprimes_chien/rinti/659246
4032326023889,https://www.zooplus.fr/shop/chiens/croquettes_chien/markus_muehle_croquettes_chien/2320217
5905342295877,https://www.zooplus.fr/shop/chiens/boites_sachets_barquettes_chien/wiejska_zagroda/1901726
8710255168883,https://www.zooplus.fr/shop/chiens/croquettes_chien/adulte/9980006860
7613038131320,https://www.zooplus.fr/shop/chiens/friandises_chien/friandises_batonnet_chien/9980008505
3760337663336,https://www.zooplus.fr/shop/chiens/croquettes_chien/adulte/9980014149
4251276205613,https://www.zooplus.fr/shop/chiens/friandises_chien/friandises_batonnet_chien/batonnets_enrobes/2098150
4260535818365,https://www.zooplus.fr/shop/chiens/boites_sachets_barquettes_chien/rocco_boites_chien/offres_essai_rocco/750433
3182550725507,https://www.zooplus.fr/shop/chiens/croquettes_chien/royal_canin_breed_croquettes_chien/labrador_croquettes_royal_canin/207152
3760401050918,https://www.zooplus.fr/shop/chiens/friandises_chien/9980013024
8436586310196,https://www.zooplus.fr/shop/chiens/croquettes_chien/alpha_spirit/semi_humides/555691
5701170339260,https://www.zooplus.fr/shop/chiens/boites_sachets_barquettes_chien/adulte/9980006938
8424160024447,https://www.zooplus.fr/shop/chiens/boites_sachets_barquettes_chien/adulte/9980000158
4260488283524,https://www.zooplus.fr/shop/chiens/friandises_chien/friandises_sans_cereales_chien/9980062358
4260704280672,https://www.zooplus.fr/shop/chiens/croquettes_chien/bugbell/2220436
4260650920851,https://www.zooplus.fr/shop/chiens/complements_alimentaires_chien/complements_alimentaires_chien_huile_liquide/9980001246
4062911118140,https://www.zooplus.fr/shop/chiens/boites_sachets_barquettes_chien/rocco_boites_chien/diet_care/1889534
4062911022485,https://www.zooplus.fr/shop/chiens/boites_sachets_barquettes_chien/wolf_of_wilderness/boites_wolf_of_wilderness/1364764
4032254786696,https://www.zooplus.fr/shop/chiens/croquettes_chien/josera_croquettes_chien/chien_adulte/2414899
5430003157862,https://www.zooplus.fr/shop/chiens/boites_sachets_barquettes_chien/petit_chien/9980001131
4062911021563,https://www.zooplus.fr/shop/chiens/croquettes_chien/wolf_of_wilderness/elements/1405999
3182550771740,https://www.zooplus.fr/shop/chiens/croquettes_chien/royal_canin_veterinary_diet/problemes_hepatiques_chien_royal_canin_veterinary/301229
8710255201627,https://www.zooplus.fr/shop/chiens/croquettes_chien/eukanuba_croquettes_chien/eukanubapremiumnutrition/2385238
4062911063655,https://www.zooplus.fr/shop/chiens/croquettes_chien/wolf_of_wilderness/senior/650913
8595602558650,https://www.zooplus.fr/shop/chiens/croquettes_chien/brit/adulte/1585213
8001154121926,https://www.zooplus.fr/shop/chiens/croquettes_chien/almo_nature_holistic_croquettes_chien/almo_nature_holistic_small_croquettes_chien/137717
8410650221595,https://www.zooplus.fr/shop/chiens/croquettes_chien/ultima_croquettes_chien/croquettes/436888
4000158910363,https://www.zooplus.fr/shop/chiens/boites_sachets_barquettes_chien/rinti_boites_chien/rinti_boites_chien/449251
4260354160430,https://www.zooplus.fr/shop/chiens/complements_alimentaires_chien/complements_alimentaires_chien_huile_liquide/9980179893
3666639118638,https://www.zooplus.fr/shop/chiens/friandises_chien/bois_corne_sabot/9980067193
8710255199689,https://www.zooplus.fr/shop/chiens/croquettes_chien/iams_croquettes_chien/puppy_junior/494093
4017721824361,https://www.zooplus.fr/shop/chiens/boites_sachets_barquettes_chien/animonda_boites_chien/grancarno_superfoods/982059
8710255202143,https://www.zooplus.fr/shop/chiens/croquettes_chien/eukanuba_croquettes_chien/eukanubapremiumnutrition/2384921
4260748894545,https://www.zooplus.fr/shop/chiens/boites_sachets_barquettes_chien/petit_chien/9980180093
8683769634888,https://www.zooplus.fr/shop/chiens/complements_alimentaires_chien/complements_alimentaires_chien_huile_liquide/9980049855
52742042244,https://www.zooplus.fr/shop/chiens/croquettes_chien_races/races_moyennes/9980010553
3666639116054,https://www.zooplus.fr/shop/chiens/friandises_chien/bois_corne_sabot/9980064855
6152633688668,https://www.zooplus.fr/shop/chiens/friandises_chien/petites_friandises/9980059403
4008429151651,https://www.zooplus.fr/shop/chiens/boites_sachets_barquettes_chien/james_wellbeloved/chiot/2225925
5425039486079,https://www.zooplus.fr/shop/chiens/croquettes_chien/edgard_cooper/adulte/1599636
8710255188331,https://www.zooplus.fr/shop/chiens/boites_sachets_barquettes_chien/eukanuba_boites_chien/2610088
4062911007628,https://www.zooplus.fr/shop/chiens/boites_sachets_barquettes_chien/rocco_boites_chien/rocco_menu_boites_chien/990248
4000819008507,https://www.zooplus.fr/shop/chiens/complements_alimentaires_chien/complements_alimentaires_chien_poudre_farine/chien_poudre_farine_croissance_performance/2158630
4260165191524,https://www.zooplus.fr/shop/chiens/boites_sachets_barquettes_chien/granatapet_boites_chien/2233957
4016598065365,https://www.zooplus.fr/shop/chiens/friandises_chien/friandises_chien_bandes/autres_bandes_macher/2130253
0074198614264,https://www.zooplus.fr/shop/chiens/croquettes_chien_races/races_moyennes/9980065691
3700525917322,https://www.zooplus.fr/shop/chiens/complements_alimentaires_chien/complements_alimentaires_chien_huile_liquide/9980000754
742174990717,https://www.zooplus.fr/shop/chiens/friandises_chien/friandises_batonnet_chien/9980049544
4060629074048,https://www.zooplus.fr/shop/chiens/friandises_chien/chiens_ages/9980012281
8020997011577,https://www.zooplus.fr/shop/chiens/croquettes_chien/adulte/9980009995
3700469698257,https://www.zooplus.fr/shop/chiens/complements_alimentaires_chien/complements_alimentaires_chien_huile_liquide/9980000318
8424160024379,https://www.zooplus.fr/shop/chiens/croquettes_chien/adulte/9980000175
8410650541600,https://www.zooplus.fr/shop/chiens/complements_alimentaires_chien/pelage_peau_chien/607873
4062911043688,https://www.zooplus.fr/shop/chiens/friandises_chien/friandises_chien_bandes/rocco/619800
8595602581337,https://www.zooplus.fr/shop/chiens/croquettes_chien/carnilove/chien_adulte/2589461
8683769631900,https://www.zooplus.fr/shop/chiens/friandises_chien/friandises_chien_bandes/9980049623
4260488284170,https://www.zooplus.fr/shop/chiens/friandises_chien/friandises_sans_cereales_chien/9980062250
3182550905695,https://www.zooplus.fr/shop/chiens/croquettes_chien/royal_canin_veterinary_diet/troubles_intestinaux_chien_royal_canin_veterinary/301228
5407009646911,https://www.zooplus.fr/shop/chiens/friandises_chien/petites_friandises/9980002516
4260488284217,https://www.zooplus.fr/shop/chiens/friandises_chien/friandises_sans_cereales_chien/9980062304
8001154000269,https://www.zooplus.fr/shop/chiens/croquettes_chien/almo_nature_holistic_croquettes_chien/2568022
4260697461645,https://www.zooplus.fr/shop/chiens/friandises_chien/petites_friandises/9980061291
4251276205941,https://www.zooplus.fr/shop/chiens/friandises_chien/friandises_chien_dokas/autres_friandises/2344245
52742865805,https://www.zooplus.fr/shop/chiens/croquettes_chien_races/races_moyennes/9980009708
5012113002371,https://www.zooplus.fr/shop/chiens/croquettes_chien/adulte/9980002412
8594062088905,https://www.zooplus.fr/shop/chiens/croquettes_chien/calibra/1747084
3760311004032,https://www.zooplus.fr/shop/chiens/friandises_chien/petites_friandises/9980005398
4260488282046,https://www.zooplus.fr/shop/chiens/friandises_chien/friandises_sans_cereales_chien/9980062261
74198613663,https://www.zooplus.fr/shop/chiens/croquettes_chien/croquettes_chien_taste_of_the_wild/croquettes_taste_of_the_wild_chien/1930532
5400585146936,https://www.zooplus.fr/shop/chiens/friandises_chien/9980003846
5998749140512,https://www.zooplus.fr/shop/chiens/friandises_chien/friandises_batonnet_chien/autres_batonnets_viande/1881871
4060629089677,https://www.zooplus.fr/shop/chiens/friandises_chien/chiens_ages/9980012235
8010276021656,https://www.zooplus.fr/shop/chiens/croquettes_chien/adulte/9980066349
7350118550090,https://www.zooplus.fr/shop/chiens/croquettes_chien/croquettes/9980066661
3760337660397,https://www.zooplus.fr/shop/chiens/croquettes_chien/adulte/9980006397
4260697462673,https://www.zooplus.fr/shop/chiens/friandises_chien/petites_friandises/9980064461
4032254783176,https://www.zooplus.fr/shop/chiens/croquettes_chien/josera_croquettes_chien/chien_profiline/2222391
4000158940421,https://www.zooplus.fr/shop/chiens/boites_sachets_barquettes_chien/rinti_boites_chien/rinti_boites_patee_sensible_chien/460152
0064992500207,https://www.zooplus.fr/shop/chiens/croquettes_chien/9980002808
8410650582634,https://www.zooplus.fr/shop/chiens/croquettes_chien/affinity_advance/lots_economiques/396490
5400585236682,https://www.zooplus.fr/shop/chiens/friandises_chien/petites_friandises/9980005629
8683769640681,https://www.zooplus.fr/shop/chiens/complements_alimentaires_chien/complements_alimentaires_chien_huile_liquide/9980050955
8010276044679,https://www.zooplus.fr/shop/chiens/croquettes_chien/farmina/grainfree/2247328
8011259003096,https://www.zooplus.fr/shop/chiens/croquettes_chien/exclusion_croquettes_chien/643554
4062911031661,https://www.zooplus.fr/shop/chiens/croquettes_chien/croquettes_chien_purizon/coldpressed/1857743
8710255184807,https://www.zooplus.fr/shop/chiens/croquettes_chien/croquettes/9980012306
5430003157404,https://www.zooplus.fr/shop/chiens/croquettes_chien/adulte/9980063992
8002754102179,https://www.zooplus.fr/shop/chiens/croquettes_chien/croquettes/9980173747
0019014229376,https://www.zooplus.fr/shop/chiens/croquettes_chien/9980008005
4048422152781,https://www.zooplus.fr/shop/chiens/friandises_chien/friandises_os_chien/os_chien_pedigree/1418318
4008429813702,https://www.zooplus.fr/shop/chiens/friandises_chien/friandises_comprimes_chien/friandises_pedigree_chien/621268
8718444636755,https://www.zooplus.fr/shop/chiens/friandises_chien/friandises_batonnet_chien/batonnets_enrobes/1007056
8410650157627,https://www.zooplus.fr/shop/chiens/croquettes_chien/ultima_croquettes_chien/ultima_senior/438913
8010276036018,https://www.zooplus.fr/shop/chiens/croquettes_chien/croquettes/9980066311
3182550793575,https://www.zooplus.fr/shop/chiens/croquettes_chien/royal_canin_size_croquettes_chien/royal_canin_size_mini_croquettes_chien/261442
3701730400111,https://www.zooplus.fr/shop/chiens/friandises_chien/petites_friandises/9980049080
5391475003593,https://www.zooplus.fr/shop/chiens/complements_alimentaires_chien/complements_alimentaires_chien_comprimes/complement_vitamines_chien/2121680
4260488281407,https://www.zooplus.fr/shop/chiens/friandises_chien/friandises_sans_cereales_chien/9980062340
3182550811538,https://www.zooplus.fr/shop/chiens/croquettes_chien/royal_canin_breed_croquettes_chien/cocker_croquettes_royal_canin/61228
3283021704240,https://www.zooplus.fr/shop/chiens/friandises_chien/petites_friandises/9980003837
3428170006580,https://www.zooplus.fr/shop/chiens/complements_alimentaires_chien/complements_alimentaires_chien_huile_liquide/9980001463
7613287748249,https://www.zooplus.fr/shop/chiens/friandises_chien/friandises_batonnet_chien/batonnets_soins_dentaires/1331728
4260512874711,https://www.zooplus.fr/shop/chiens/boites_sachets_barquettes_chien/mjamjam/2010895
8435117892354,https://www.zooplus.fr/shop/chiens/croquettes_chien/arquivet/2226906
5023308001154,https://www.zooplus.fr/shop/chiens/boites_sachets_barquettes_chien/petit_chien/9980064696
4008429171017,https://www.zooplus.fr/shop/chiens/boites_sachets_barquettes_chien/james_wellbeloved/chien_adulte/2220634
8445290976604,https://www.zooplus.fr/shop/chiens/croquettes_chien/friskies/723150
8015699007294,https://www.zooplus.fr/shop/chiens/boites_sachets_barquettes_chien/boites_chien_trainer_fitness_nova_foods/trainer_natural/1991057
4032254776611,https://www.zooplus.fr/shop/chiens/boites_sachets_barquettes_chien/josidog/1112521
4260488284101,https://www.zooplus.fr/shop/chiens/friandises_chien/friandises_sans_cereales_chien/9980062235
8445290298003,https://www.zooplus.fr/shop/chiens/boites_sachets_barquettes_chien/purina_one/2234794
4260488286129,https://www.zooplus.fr/shop/chiens/friandises_chien/friandises_sans_cereales_chien/9980062256
3182550905923,https://www.zooplus.fr/shop/chiens/croquettes_chien/royal_canin_veterinary_diet/troubles_intestinaux_chien_royal_canin_veterinary/564509
8710255154015,https://www.zooplus.fr/shop/chiens/croquettes_chien/iams_croquettes_chien/adult/2146215
8421763303474,https://www.zooplus.fr/shop/chiens/complements_alimentaires_chien/complements_alimentaires_chien_huile_liquide/9980011472
3700469697557,https://www.zooplus.fr/shop/chiens/friandises_chien/bois_corne_sabot/9980000040
4260697460297,https://www.zooplus.fr/shop/chiens/friandises_chien/petites_friandises/9980064450
3701730401040,https://www.zooplus.fr/shop/chiens/friandises_chien/lyophilisees/9980073203
52742045269,https://www.zooplus.fr/shop/chiens/croquettes_chien_races/races_moyennes/9980013759
8424160025253,https://www.zooplus.fr/shop/chiens/boites_sachets_barquettes_chien/adulte/9980000151
0810833027156,https://www.zooplus.fr/shop/chiens/friandises_chien/friandises_batonnet_chien/batonnets_fourres/2621242
3700525912457,https://www.zooplus.fr/shop/chiens/complements_alimentaires_chien/complements_alimentaires_chien_huile_liquide/9980000761
7350033852521,https://www.zooplus.fr/shop/chiens/croquettes_chien/magnussons/1934520
4062911063891,https://www.zooplus.fr/shop/chiens/croquettes_chien/lukullus_croquettes_chiens/adulte/654950
8683769639456,https://www.zooplus.fr/shop/chiens/complements_alimentaires_chien/complements_alimentaires_chien_huile_liquide/9980050132
074198613670,https://www.zooplus.fr/shop/chiens/croquettes_chien/croquettes_chien_taste_of_the_wild/croquettes_taste_of_the_wild_chien/1925251
5023308001451,https://www.zooplus.fr/shop/chiens/boites_sachets_barquettes_chien/petit_chien/9980064700
4060629034035,https://www.zooplus.fr/shop/chiens/friandises_chien/chiens_ages/9980012249
4062911038356,https://www.zooplus.fr/shop/chiens/croquettes_chien/croquettes_chien_purizon/single_meat/647869
8683769644719,https://www.zooplus.fr/shop/chiens/complements_alimentaires_chien/complements_alimentaires_chien_huile_liquide/9980050765
3701730400197,https://www.zooplus.fr/shop/chiens/friandises_chien/petites_friandises/9980049705
8710255128146,https://www.zooplus.fr/shop/chiens/croquettes_chien/iams_croquettes_chien/adult/175106
4260704280795,https://www.zooplus.fr/shop/chiens/croquettes_chien/bugbell/1991065
4008239585936,https://www.zooplus.fr/shop/chiens/friandises_chien/friandises_os_chien/os_chien_pedigree/784531
8005852163103,https://www.zooplus.fr/shop/chiens/croquettes_chien/schesir/2110504
5425039486444,https://www.zooplus.fr/shop/chiens/boites_sachets_barquettes_chien/petit_chien/9980002494
52742042848,https://www.zooplus.fr/shop/chiens/boites_sachets_barquettes_chien/hills_science_plan_boites_chien/boites_hillsscienceplan/1099039
64992183202,https://www.zooplus.fr/shop/chiens/croquettes_chien/adulte/9980066320
4251276201806,https://www.zooplus.fr/shop/chiens/friandises_chien/friandises_batonnet_chien/batonnets_enrobes/1179709
0074198612499,https://www.zooplus.fr/shop/chiens/croquettes_chien_races/races_moyennes/9980065753
3664499000490,https://www.zooplus.fr/shop/chiens/complements_alimentaires_chien/complements_alimentaires_chien_huile_liquide/9980057942
52742024745,https://www.zooplus.fr/shop/chiens/croquettes_chien/hills_science_plan_croquettes_chien/hills_science_plan_adulte_croquettes_chien_light/296250
3700971801244,https://www.zooplus.fr/shop/chiens/friandises_chien/petites_friandises/9980066893
4251424300719,https://www.zooplus.fr/shop/chiens/complements_alimentaires_chien/ossature_articulations_chien/farine_poudre_ossature_articulations_chien/720782
4260488284651,https://www.zooplus.fr/shop/chiens/friandises_chien/friandises_sans_cereales_chien/9980062270
4260488284194,https://www.zooplus.fr/shop/chiens/friandises_chien/friandises_sans_cereales_chien/9980062215
4260650920325,https://www.zooplus.fr/shop/chiens/complements_alimentaires_chien/ossature_articulations_chien/ossature_articulations_comprimes_chien/2429940
9003579029626,https://www.zooplus.fr/shop/chiens/boites_sachets_barquettes_chien/royal_canin_boites_chien/mini/2063036
4062911028159,https://www.zooplus.fr/shop/chiens/boites_sachets_barquettes_chien/rocco_boites_chien/rocco_classic_boites_chien/1600715
4251424300887,https://www.zooplus.fr/shop/chiens/friandises_chien/friandises_chien_poisson/friandises_chien_poisson_deshydrate/781658
3760337663411,https://www.zooplus.fr/shop/chiens/croquettes_chien/adulte/9980006403
8410650232188,https://www.zooplus.fr/shop/chiens/boites_sachets_barquettes_chien/natures_variety/9980007119
3760240682028,https://www.zooplus.fr/shop/chiens/croquettes_chien/adulte/9980005487
4260756991168,https://www.zooplus.fr/shop/chiens/friandises_chien/bois_corne_sabot/9980010392
5430001795004,https://www.zooplus.fr/shop/chiens/croquettes_chien/riche_en_viande/9980003158
8710429018075,https://www.zooplus.fr/shop/chiens/croquettes_chien/smolke_croquettes_chien/1746409
8435117892767,https://www.zooplus.fr/shop/chiens/croquettes_chien/arquivet/2227226
3760401051038,https://www.zooplus.fr/shop/chiens/friandises_chien/9980013022
3700525911597,https://www.zooplus.fr/shop/chiens/complements_alimentaires_chien/complements_alimentaires_chien_huile_liquide/9980000734
3182551063370,https://www.zooplus.fr/shop/chiens/boites_sachets_barquettes_chien/royal_canin_veterinary_diet/allergies_intolerance_alimentaires/2555731
8595237034086,https://www.zooplus.fr/shop/chiens/croquettes_chien/fitmin/1747010
4062911041233,https://www.zooplus.fr/shop/chiens/croquettes_chien/concept_for_life_veterinary_diet/troubles_gastro_intestinaux/2560239
8714265973949,https://www.zooplus.fr/shop/chiens/boites_sachets_barquettes_chien/yarrah_boites_chien/boites_chien_yarrah_lots_economiques/576903
8436596670587,https://www.zooplus.fr/shop/chiens/croquettes_chien/dingo/1746886
4060629058895,https://www.zooplus.fr/shop/chiens/friandises_chien/chiens_ages/9980012228
64992501174,https://www.zooplus.fr/shop/chiens/croquettes_chien/9980002804
0064992530174,https://www.zooplus.fr/shop/chiens/croquettes_chien/9980002800
8010276038746,https://www.zooplus.fr/shop/chiens/croquettes_chien/croquettes/9980066292
5012113001138,https://www.zooplus.fr/shop/chiens/croquettes_chien/adulte/9980000716
4260165190756,https://www.zooplus.fr/shop/chiens/boites_sachets_barquettes_chien/granatapet_boites_chien/2266686
3605870084258,https://www.zooplus.fr/shop/chiens/complements_alimentaires_chien/complements_alimentaires_chien_huile_liquide/9980006634
5414970049184,https://www.zooplus.fr/shop/chiens/croquettes_chien/arion/1991393
886284543200,https://www.zooplus.fr/shop/chiens/aliments_sans_cereales/friandises_sans_cereales_chien/2233080
4260488281308,https://www.zooplus.fr/shop/chiens/friandises_chien/friandises_sans_cereales_chien/9980062316
4262375560145,https://www.zooplus.fr/shop/chiens/complements_alimentaires_chien/pelage_peau_chien/9980001203
3428170006566,https://www.zooplus.fr/shop/chiens/complements_alimentaires_chien/complements_alimentaires_chien_huile_liquide/9980001491
0052742121109,https://www.zooplus.fr/shop/chiens/croquettes_chien_races/races_moyennes/9980013843
4250078907015,https://www.zooplus.fr/shop/chiens/friandises_chien/chiens_ages/9980014755
4062911007222,https://www.zooplus.fr/shop/chiens/croquettes_chien/croquettes_chien_purizon/offres_essai/1343833
8413037372002,https://www.zooplus.fr/shop/chiens/croquettes_chien_races/races_moyennes/9980065993
8410650236001,https://www.zooplus.fr/shop/chiens/croquettes_chien/ultima_croquettes_chien/junior/436889
9003579051399,https://www.zooplus.fr/shop/chiens/boites_sachets_barquettes_chien/royal_canin_boites_chien/breed/2540637
052742024783,https://www.zooplus.fr/shop/chiens/croquettes_chien/hills_science_plan_croquettes_chien/perfect_weight/460992
5430001795134,https://www.zooplus.fr/shop/chiens/croquettes_chien/adulte/9980003156
8010276035097,https://www.zooplus.fr/shop/chiens/croquettes_chien/farmina/ancestral_low_grain/1991244
6430056887180,https://www.zooplus.fr/shop/chiens/croquettes_chien/primadog/2206794
5430003157930,https://www.zooplus.fr/shop/chiens/boites_sachets_barquettes_chien/petit_chien/9980001127
4062911055766,https://www.zooplus.fr/shop/chiens/croquettes_chien/croquettes_chien_purizon/purizon_adult/2399479
4062911015432,https://www.zooplus.fr/shop/chiens/friandises_chien/friandises_chien_bandes/lukullus/1225658
4048422144700,https://www.zooplus.fr/shop/chiens/friandises_chien/friandises_batonnet_chien/batonnets_enrobes/1675323
4260541814993,https://www.zooplus.fr/shop/chiens/friandises_chien/chiens_ages/9980012287
8059149252452,https://www.zooplus.fr/shop/chiens/croquettes_chien/croquettes_chien_trainer_natural_nova_foods/croquettes_grand_chien_trainer_fitness/1991463
4262500460098,https://www.zooplus.fr/shop/chiens/croquettes_chien/adulte/9980063449
4016598065242,https://www.zooplus.fr/shop/chiens/friandises_chien/friandises_os_chien/os_chien/2127987
8595237034093,https://www.zooplus.fr/shop/chiens/croquettes_chien/fitmin/1990760
74198613403,https://www.zooplus.fr/shop/chiens/boites_sachets_barquettes_chien/taste_of_the_wild/totw_boites_chien/480122
8425402749975,https://www.zooplus.fr/shop/chiens/complements_alimentaires_chien/complements_alimentaires_chien_huile_liquide/9980010538
3760401051113,https://www.zooplus.fr/shop/chiens/friandises_chien/friandises_chien_poisson/9980012984
4260606714985,https://www.zooplus.fr/shop/chiens/complements_alimentaires_chien/complements_alimentaires_chien_poudre_farine/chien_poudre_farine_estomac_intestins/1991197
8436586310837,https://www.zooplus.fr/shop/chiens/croquettes_chien/primal/1746550
4016739443977,https://www.zooplus.fr/shop/chiens/friandises_chien/friandises_os_chien/soin_dentaire/104314
4062911050808,https://www.zooplus.fr/shop/chiens/croquettes_chien/lukullus_croquettes_chiens/lukullus_vitality/2054614
4062911047532,https://www.zooplus.fr/shop/chiens/croquettes_chien/rosies_farm/2316541
8010276031846,https://www.zooplus.fr/shop/chiens/aliments_specifiques_therapeutiques_chien/diabete_croquettes_boites_chien/croquettes_boites_therapeutiques/2258826
8259223296680,https://www.zooplus.fr/shop/chiens/boites_sachets_barquettes_chien/9980073523
8712695139317,https://www.zooplus.fr/shop/chiens/friandises_chien/bois_corne_sabot/9980006558
8710255190662,https://www.zooplus.fr/shop/chiens/boites_sachets_barquettes_chien/eukanuba_boites_chien/2610522
3182550760225,https://www.zooplus.fr/shop/chiens/croquettes_chien/adulte/9980006782
5905342292456,https://www.zooplus.fr/shop/chiens/croquettes_chien/pan_miesko/1931181
8683769632662,https://www.zooplus.fr/shop/chiens/complements_alimentaires_chien/complements_alimentaires_chien_huile_liquide/9980049828
4260606719690,https://www.zooplus.fr/shop/chiens/complements_alimentaires_chien/complements_alimentaires_chien_poudre_farine/chien_poudre_farine_estomac_intestins/1991199
4262368050776,https://www.zooplus.fr/shop/chiens/complements_alimentaires_chien/vitamines_chien/comprimes_taurine_vitamines_chien/2167638
8595602581962,https://www.zooplus.fr/shop/chiens/croquettes_chien/carnilove/chien_adulte/2591022
4002633513441,https://www.zooplus.fr/shop/chiens/boites_sachets_barquettes_chien/belcando/2176931
4040056020320,https://www.zooplus.fr/shop/chiens/complements_alimentaires_chien/anti_stress_chien/1991241
4260697462659,https://www.zooplus.fr/shop/chiens/friandises_chien/petites_friandises/9980063725
5400585294378,https://www.zooplus.fr/shop/chiens/friandises_chien/friandises_chien_boeuf/9980015121
4017721826624,https://www.zooplus.fr/shop/chiens/boites_sachets_barquettes_chien/animonda_boites_chien/animonda_vom_feinsten_barquettes_chien/2135179
4260077045199,https://www.zooplus.fr/shop/chiens/boites_sachets_barquettes_chien/rocco_boites_chien/rocco_menu_boites_chien/159385
3182550797351,https://www.zooplus.fr/shop/chiens/croquettes_chien/adulte/9980013761
8710255196572,https://www.zooplus.fr/shop/chiens/croquettes_chien/eukanuba_special_breed_croquettes_chien/eukanuba_special_care_croquettes_chien/1850093
4062911050259,https://www.zooplus.fr/shop/chiens/friandises_chien/briantos_fitbites/mini_bones/2034936
4060629004953,https://www.zooplus.fr/shop/chiens/friandises_chien/chiens_ages/9980012269
76344105398,https://www.zooplus.fr/shop/chiens/friandises_chien/bois_corne_sabot/9980010413
3770011878734,https://www.zooplus.fr/shop/chiens/croquettes_chien/allergies_intolerance_alimentaires_chien/9980002133
65833254,https://www.zooplus.fr/shop/chiens/complements_alimentaires_chien/ossature_articulations_chien/9980012172
4260077047629,https://www.zooplus.fr/shop/chiens/boites_sachets_barquettes_chien/rocco_boites_chien/rocco_real_hearts_boites_chien/621338
4260488280455,https://www.zooplus.fr/shop/chiens/friandises_chien/friandises_sans_cereales_chien/9980062319
4260704280757,https://www.zooplus.fr/shop/chiens/croquettes_chien/bugbell/2157705
3182551063554,https://www.zooplus.fr/shop/chiens/friandises_chien/friandises_chien_royal_canin/royal_canin_supplements/2227497
4260650920745,https://www.zooplus.fr/shop/chiens/complements_alimentaires_chien/complements_alimentaires_chien_huile_liquide/9980001239
3182550944533,https://www.zooplus.fr/shop/chiens/croquettes_chien/royal_canin_veterinary_diet/hypertension_pathologies_cardiaques/566838
3700469697953,https://www.zooplus.fr/shop/chiens/friandises_chien/bois_corne_sabot/9980000050
4062911030282,https://www.zooplus.fr/shop/chiens/croquettes_chien/rosies_farm/2316438
3411112961276,https://www.zooplus.fr/shop/chiens/friandises_chien/friandises_batonnet_chien/batonnets_soins_dentaires/1872859
5701170110814,https://www.zooplus.fr/shop/chiens/croquettes_chien/adulte/9980006939
3065890149168,https://www.zooplus.fr/shop/chiens/boites_sachets_barquettes_chien/crave/barquettes/712889
5010394051316,https://www.zooplus.fr/shop/chiens/friandises_chien/friandises_batonnet_chien/9980008320
4000158911773,https://www.zooplus.fr/shop/chiens/croquettes_chien/rinti_canine/max_i_mum/697805
4000158943125,https://www.zooplus.fr/shop/chiens/boites_sachets_barquettes_chien/rinti_boites_chien/rinti_boites_viande_pure_chien/1385131
4062911037311,https://www.zooplus.fr/shop/chiens/croquettes_chien/lukullus_croquettes_chiens/2235281
52742045542,https://www.zooplus.fr/shop/chiens/croquettes_chien/croquettes_chien_hills_prescription_diet/croquettes_obesite_surpoids_hills_chien/1293413
8011259002846,https://www.zooplus.fr/shop/chiens/croquettes_chien/exclusion_croquettes_chien/1991085
4000158915313,https://www.zooplus.fr/shop/chiens/friandises_chien/friandises_chien_bandes/bande_a_macher_rinti/880616
4000158914514,https://www.zooplus.fr/shop/chiens/friandises_chien/friandises_chien_bandes/bande_a_macher_rinti/175296
052742335414,https://www.zooplus.fr/shop/chiens/croquettes_chien/croquettes_chien_hills_prescription_diet/croquettes_obesite_surpoids_hills_chien/780806
3660176500338,https://www.zooplus.fr/shop/chiens/complements_alimentaires_chien/complements_alimentaires_chien_huile_liquide/9980006746
8010276041968,https://www.zooplus.fr/shop/chiens/croquettes_chien/croquettes/9980066294
8032766455260,https://www.zooplus.fr/shop/chiens/complements_alimentaires_chien/complements_alimentaires_chien_huile_liquide/9980054463
3182550908511,https://www.zooplus.fr/shop/chiens/croquettes_chien/royal_canin_breed_croquettes_chien/yorkshire_terrier_croquettes_royal_canin/962741
4062911059511,https://www.zooplus.fr/shop/chiens/croquettes_chien/rocco_croquettes/a_decouvrir/2393047
4066736009355,https://www.zooplus.fr/shop/chiens/boites_sachets_barquettes_chien/terra_canis_boites_chien/1991159
4032254778394,https://www.zooplus.fr/shop/chiens/friandises_chien/friandises_comprimes_chien/friandises_drop_chien_josera/2168810
4001967148893,https://www.zooplus.fr/shop/chiens/croquettes_chien/happy_dog_croquettes_chien/happy_dog_supreme_croquettes_chien/1729988
3182550755368,https://www.zooplus.fr/shop/chiens/croquettes_chien/royal_canin_breed_croquettes_chien/cavalier_king_charles_croquettes_royal_canin/207155
8015699006730,https://www.zooplus.fr/shop/chiens/croquettes_chien/croquettes_chien_trainer_natural_nova_foods/croquettes_moyen_chien_trainer_fitness/212881
8716793900114,https://www.zooplus.fr/shop/chiens/friandises_chien/friandises_os_chien/os_chien_pedigree/700697
5430003157268,https://www.zooplus.fr/shop/chiens/complements_alimentaires_chien/pelage_peau_chien/9980001189
3760022741196,https://www.zooplus.fr/shop/chiens/complements_alimentaires_chien/complements_alimentaires_chien_huile_liquide/9980065741
7640154285552,https://www.zooplus.fr/shop/chiens/friandises_chien/friandises_comprimes_chien/delibest/2327355
5400585201147,https://www.zooplus.fr/shop/chiens/friandises_chien/friandises_chien_volaille/9980005598
4008429163555,https://www.zooplus.fr/shop/chiens/croquettes_chien/croquettes_chien_pedigree/croquettes_chien_pedigree_adulte/518413
8413037378042,https://www.zooplus.fr/shop/chiens/croquettes_chien/optimova_croquettes_chien/chien_adulte/453861
4260488281254,https://www.zooplus.fr/shop/chiens/friandises_chien/friandises_sans_cereales_chien/9980062351
4260488284842,https://www.zooplus.fr/shop/chiens/friandises_chien/friandises_sans_cereales_chien/9980062191
4000158911834,https://www.zooplus.fr/shop/chiens/croquettes_chien/rinti_canine/max_i_mum/1991187
4060629059373,https://www.zooplus.fr/shop/chiens/friandises_chien/chiens_ages/9980012226
0742174990052,https://www.zooplus.fr/shop/chiens/friandises_chien/friandises_batonnet_chien/9980050187
8683769634895,https://www.zooplus.fr/shop/chiens/complements_alimentaires_chien/complements_alimentaires_chien_huile_liquide/9980049771
5404040804072,https://www.zooplus.fr/shop/chiens/croquettes_chien/edgard_cooper/adulte/2578056
3760401052813,https://www.zooplus.fr/shop/chiens/friandises_chien/bois_corne_sabot/9980012933
4000158925459,https://www.zooplus.fr/shop/chiens/boites_sachets_barquettes_chien/rinti_boites_chien/lot_economique_rinti/376845
0064992714765,https://www.zooplus.fr/shop/chiens/croquettes_chien/adulte/9980002084
8429037016686,https://www.zooplus.fr/shop/chiens/croquettes_chien/adulte/9980009491
8410650612140,https://www.zooplus.fr/shop/chiens/croquettes_chien/ultima_croquettes_chien/ultima_senior/1853087
4260488282756,https://www.zooplus.fr/shop/chiens/friandises_chien/friandises_sans_cereales_chien/9980062262
5010394001502,https://www.zooplus.fr/shop/chiens/friandises_chien/friandises_batonnet_chien/batonnets_soins_dentaires/346517
4060629154122,https://www.zooplus.fr/shop/chiens/boites_sachets_barquettes_chien/adulte/9980069057
4027245009816,https://www.zooplus.fr/shop/chiens/boites_sachets_barquettes_chien/macs_boites_chien/1269724
4260535818174,https://www.zooplus.fr/shop/chiens/boites_sachets_barquettes_chien/wolf_of_wilderness/lots_economiques/698815
0052742044156,https://www.zooplus.fr/shop/chiens/croquettes_chien_races/races_moyennes/9980009723
3760401052981,https://www.zooplus.fr/shop/chiens/friandises_chien/9980012976
3182550782203,https://www.zooplus.fr/shop/chiens/croquettes_chien/royal_canin_breed_croquettes_chien/bichon_maltais_croquettes_royal_canin/277757
3760401051366,https://www.zooplus.fr/shop/chiens/friandises_chien/friandises_chien_volaille/9980013000
4260354160409,https://www.zooplus.fr/shop/chiens/complements_alimentaires_chien/complements_alimentaires_chien_huile_liquide/9980063338
4009272002909,https://www.zooplus.fr/shop/chiens/croquettes_chien/croquette_chien_pitti_boris/51712
8010276033635,https://www.zooplus.fr/shop/chiens/croquettes_chien/adulte/9980066309
8005852143129,https://www.zooplus.fr/shop/chiens/boites_sachets_barquettes_chien/adulte/9980052240
3760401050871,https://www.zooplus.fr/shop/chiens/friandises_chien/9980013032
8683769644115,https://www.zooplus.fr/shop/chiens/croquettes_chien/9980050543
4251276200632,https://www.zooplus.fr/shop/chiens/friandises_chien/friandises_comprimes_chien/friandises_dokas_chien/138106
5012113001725,https://www.zooplus.fr/shop/chiens/croquettes_chien/adulte/9980000712
3770011878505,https://www.zooplus.fr/shop/chiens/croquettes_chien/adulte/9980002126
4260379446717,https://www.zooplus.fr/shop/chiens/friandises_chien/friandises_comprimes_chien/friandises_drop_snack_chien_chewies/982142
4260488281421,https://www.zooplus.fr/shop/chiens/friandises_chien/friandises_sans_cereales_chien/9980062222
4062911050778,https://www.zooplus.fr/shop/chiens/croquettes_chien/lukullus_croquettes_chiens/lukullus_vitality/2054520
8710255121864,https://www.zooplus.fr/shop/chiens/croquettes_chien/adulte/9980002556
5023308001031,https://www.zooplus.fr/shop/chiens/boites_sachets_barquettes_chien/petit_chien/9980064682
8010276041029,https://www.zooplus.fr/shop/chiens/croquettes_chien/farmina/ancestral_low_grain/2099217
8595237035397,https://www.zooplus.fr/shop/chiens/croquettes_chien/fitmin/1746839
5414970060639,https://www.zooplus.fr/shop/chiens/croquettes_chien/arion/1991394
4260488284354,https://www.zooplus.fr/shop/chiens/friandises_chien/friandises_sans_cereales_chien/9980062341
5902921399445,https://www.zooplus.fr/shop/chiens/croquettes_chien/dolina_noteci/1991484
3182550842150,https://www.zooplus.fr/shop/chiens/croquettes_chien/adulte/9980007114
4008239288042,https://www.zooplus.fr/shop/chiens/friandises_chien/friandise_chien_vitakraft/batonnets_vitakraft_beef_stick/2364672
3182550940450,https://www.zooplus.fr/shop/chiens/croquettes_chien/royal_canin_veterinary_diet/allergies_intolerance_alimentaires_chien/566849
3666639133167,https://www.zooplus.fr/shop/chiens/friandises_chien/bois_corne_sabot/9980069152
52742052144,https://www.zooplus.fr/shop/chiens/croquettes_chien/croquettes_chien_hills_prescription_diet/problemes_renaux_chien_croquettes_hills/209316
64992570125,https://www.zooplus.fr/shop/chiens/croquettes_chien/croquettes/9980066192
816551001362,https://www.zooplus.fr/shop/chiens/croquettes_chien/adulte/9980066545
8683769896651,https://www.zooplus.fr/shop/chiens/complements_alimentaires_chien/complements_alimentaires_chien_huile_liquide/9980051421
3770011878598,https://www.zooplus.fr/shop/chiens/croquettes_chien/senior/9980002134
4060629079074,https://www.zooplus.fr/shop/chiens/friandises_chien/chiens_ages/9980012290
8005852126160,https://www.zooplus.fr/shop/chiens/friandises_chien/friandises_batonnet_chien/9980057202
3597133083071,https://www.zooplus.fr/shop/chiens/friandises_chien/friandises_batonnet_chien/9980007027
7311030431331,https://www.zooplus.fr/shop/chiens/croquettes_chien/bozita_robur_croquettes_chien/chien_sensible/2328062
8021680751053,https://www.zooplus.fr/shop/chiens/friandises_chien/friandises_os_chien/9980015166
4015598008631,https://www.zooplus.fr/shop/chiens/croquettes_chien/bosch_croquettes_chien/bosch_adulte_croquettes_chien/346585
5012113001220,https://www.zooplus.fr/shop/chiens/croquettes_chien/adulte/9980000713
29033706,https://www.zooplus.fr/shop/chiens/complements_alimentaires_chien/pelage_peau_chien/9980010819
5400585255058,https://www.zooplus.fr/shop/chiens/friandises_chien/friandises_batonnet_chien/autres_batonnets_viande/2095978
052742044705,https://www.zooplus.fr/shop/chiens/croquettes_chien/croquettes_chien_hills_prescription_diet/problemes_renaux_chien_croquettes_hills/183117
8716793900152,https://www.zooplus.fr/shop/chiens/friandises_chien/friandises_chien_bandes/autres_bandes_macher/700696
4260275027645,https://www.zooplus.fr/shop/chiens/boites_sachets_barquettes_chien/fleischeslust/1743519
8710429018020,https://www.zooplus.fr/shop/chiens/croquettes_chien/smolke_croquettes_chien/1746375
4260165183994,https://www.zooplus.fr/shop/chiens/boites_sachets_barquettes_chien/adulte/9980008149
4040056018600,https://www.zooplus.fr/shop/chiens/complements_alimentaires_chien/vitamines_chien/2266793
8683769633362,https://www.zooplus.fr/shop/chiens/friandises_chien/friandises_batonnet_chien/9980049555
4062911049994,https://www.zooplus.fr/shop/chiens/friandises_chien/friandises_chien_rocco/friandises_chien_rocco_chings/2009431
9003579004982,https://www.zooplus.fr/shop/chiens/boites_sachets_barquettes_chien/royal_canin_boites_chien/9980052263
4260488282954,https://www.zooplus.fr/shop/chiens/friandises_chien/bois_corne_sabot/9980175865
4000819008309,https://www.zooplus.fr/shop/chiens/friandises_chien/friandises_comprimes_chien/friandises_diverses_chien/1993849
4260730710099,https://www.zooplus.fr/shop/chiens/complements_alimentaires_chien/vitamines_chien/poudre_flocons_vitamines_chien/1746082
3597133078701,https://www.zooplus.fr/shop/chiens/friandises_chien/friandises_chien_bandes/autres_bandes_macher/1017648
4000158943231,https://www.zooplus.fr/shop/chiens/boites_sachets_barquettes_chien/rinti_boites_chien/rinti_barquettes_chien/2199154
3700260417187,https://www.zooplus.fr/shop/chiens/croquettes_chien/ultima_croquettes_chien/2301653
4027245009144,https://www.zooplus.fr/shop/chiens/boites_sachets_barquettes_chien/macs_boites_chien/1991223
4032326024459,https://www.zooplus.fr/shop/chiens/friandises_chien/lupo_friandises/2356756
5400585130812,https://www.zooplus.fr/shop/chiens/friandises_chien/friandises_chien_favoris/2308396
3770018309699,https://www.zooplus.fr/shop/chiens/complements_alimentaires_chien/ossature_articulations_chien/9980052215
4047459008160,https://www.zooplus.fr/shop/chiens/boites_sachets_barquettes_chien/adulte/9980066642
4032254789703,https://www.zooplus.fr/shop/chiens/croquettes_chien/green_petfood/2406142
5060073040063,https://www.zooplus.fr/shop/chiens/soins_tondeuses_chien/soins_dentaires_chien/soin_dentaire/193288
8711231110209,https://www.zooplus.fr/shop/chiens/complements_alimentaires_chien/complements_alimentaires_chien_huile_liquide/9980010507
4047459009648,https://www.zooplus.fr/shop/chiens/boites_sachets_barquettes_chien/adulte/9980066654
3770026798102,https://www.zooplus.fr/shop/chiens/friandises_chien/petites_friandises/9980002727
4062911047853,https://www.zooplus.fr/shop/chiens/friandises_chien/briantos_fitbites/dogbiski/2000779
4015598020794,https://www.zooplus.fr/shop/chiens/croquettes_chien/bosch_croquettes_chien/bosch_adulte_croquettes_chien/1745919
4250078907176,https://www.zooplus.fr/shop/chiens/friandises_chien/petites_friandises/9980073104
4260109624729,https://www.zooplus.fr/shop/chiens/boites_sachets_barquettes_chien/terra_canis_boites_chien/1991160
3182550731386,https://www.zooplus.fr/shop/chiens/croquettes_chien/royal_canin_veterinary_diet/obesite_surpoids_royal_canin_veterinary_diet_chien/324401
4015598002967,https://www.zooplus.fr/shop/chiens/croquettes_chien/bosch_croquettes_chien/bosch_life_protection/113346
4260730711454,https://www.zooplus.fr/shop/chiens/complements_alimentaires_chien/paws_patch/2196159
3597133016062,https://www.zooplus.fr/shop/chiens/complements_alimentaires_chien/complements_alimentaires_chien_huile_liquide/9980006910
3701730400180,https://www.zooplus.fr/shop/chiens/friandises_chien/petites_friandises/9980049706
4260488284989,https://www.zooplus.fr/shop/chiens/friandises_chien/friandises_sans_cereales_chien/9980062208
3182550782074,https://www.zooplus.fr/shop/chiens/croquettes_chien/royal_canin_veterinary_diet/chiens_ages/1992583
3182550777674,https://www.zooplus.fr/shop/chiens/croquettes_chien/royal_canin_breed_croquettes_chien/bouledogue_croquettes_royal_canin/207156
4062911021549,https://www.zooplus.fr/shop/chiens/croquettes_chien/wolf_of_wilderness/wolf_of_wilddreness_adulte_croquettes/475970
8710255206721,https://www.zooplus.fr/shop/chiens/croquettes_chien/eukanuba_croquettes_chien/eukanuba_chien_adulte_grande_race/2474147
4062911034631,https://www.zooplus.fr/shop/chiens/croquettes_chien/briantos/sans_cereales/1903315
8906167460157,https://www.zooplus.fr/shop/chiens/friandises_chien/bois_corne_sabot/9980066580
5425039486062,https://www.zooplus.fr/shop/chiens/croquettes_chien/edgard_cooper/adulte/2579568
8010276036384,https://www.zooplus.fr/shop/chiens/croquettes_chien_races/races_moyennes/9980065840
4015598008976,https://www.zooplus.fr/shop/chiens/croquettes_chien/adulte/9980007939
8413037331894,https://www.zooplus.fr/shop/chiens/croquettes_chien_races/races_moyennes/9980066512
4260541816409,https://www.zooplus.fr/shop/chiens/friandises_chien/chiens_ages/9980012236
4260488281926,https://www.zooplus.fr/shop/chiens/friandises_chien/friandises_sans_cereales_chien/9980062199
3428170006559,https://www.zooplus.fr/shop/chiens/complements_alimentaires_chien/complements_alimentaires_chien_huile_liquide/9980001461
8010276042026,https://www.zooplus.fr/shop/chiens/croquettes_chien/farmina/ancestral_low_grain/1991515
4062911031654,https://www.zooplus.fr/shop/chiens/croquettes_chien/croquettes_chien_purizon/croquettes_chien_purizon_lot_eco/1995004
3700454550409,https://www.zooplus.fr/shop/chiens/complements_alimentaires_chien/complements_alimentaires_chien_huile_liquide/9980007040
4260488280547,https://www.zooplus.fr/shop/chiens/friandises_chien/friandises_sans_cereales_chien/9980062212
052742039732,https://www.zooplus.fr/shop/chiens/boites_sachets_barquettes_chien/boites_chien_hills_prescription_diet/allergies_intolerance_alimentaires/465787
0064992182120,https://www.zooplus.fr/shop/chiens/croquettes_chien/adulte/9980002076
4062911055803,https://www.zooplus.fr/shop/chiens/croquettes_chien/croquettes_chien_purizon/purizon_adult/2399453
4011905317489,https://www.zooplus.fr/shop/chiens/friandises_chien/friandises_chien_volaille/9980005291
4260488280127,https://www.zooplus.fr/shop/chiens/friandises_chien/bois_corne_sabot/9980175775
8683769688690,https://www.zooplus.fr/shop/chiens/complements_alimentaires_chien/complements_alimentaires_chien_huile_liquide/9980056185
4062911051478,https://www.zooplus.fr/shop/chiens/boites_sachets_barquettes_chien/boites_chien_purizon/puppy/2234941
3182550894203,https://www.zooplus.fr/shop/chiens/croquettes_chien/royal_canin_care_nutrition/dental_care/962692
6430032290560,https://www.zooplus.fr/shop/chiens/complements_alimentaires_chien/ossature_articulations_chien/9980066614
3760337663749,https://www.zooplus.fr/shop/chiens/croquettes_chien/adulte/9980006396
4060629152166,https://www.zooplus.fr/shop/chiens/boites_sachets_barquettes_chien/adulte/9980069076
8010276022486,https://www.zooplus.fr/shop/chiens/croquettes_chien/problemes_articulaires_chien/9980066361
4015598021630,https://www.zooplus.fr/shop/chiens/friandises_chien/sammy/2595589
8595602582082,https://www.zooplus.fr/shop/chiens/croquettes_chien/carnilove/chien_adulte/2588965
3760443280106,https://www.zooplus.fr/shop/chiens/complements_alimentaires_chien/estomac_intestin_chien/9980066008
4251276200120,https://www.zooplus.fr/shop/chiens/friandises_chien/friandises_chien_bandes/dokas/1451616
0052742326603,https://www.zooplus.fr/shop/chiens/croquettes_chien_races/races_moyennes/9980009704
3760401051373,https://www.zooplus.fr/shop/chiens/friandises_chien/friandises_chien_volaille/9980012942
4260361030368,https://www.zooplus.fr/shop/chiens/friandises_chien/chiens_ages/9980012256
052742073200,https://www.zooplus.fr/shop/chiens/boites_sachets_barquettes_chien/boites_chien_hills_prescription_diet/problemes_renaux_urinaires/1983089
8595602537693,https://www.zooplus.fr/shop/chiens/boites_sachets_barquettes_chien/petit_chien/9980002507
3701451024801,https://www.zooplus.fr/shop/chiens/boites_sachets_barquettes_chien/adulte/9980005381
4260697461706,https://www.zooplus.fr/shop/chiens/friandises_chien/biscuit_gateau_sec_friandises_chien/9980061297
4260677550086,https://www.zooplus.fr/shop/chiens/complements_alimentaires_chien/complements_alimentaires_chien_huile_liquide/9980050404
4251424300153,https://www.zooplus.fr/shop/chiens/friandises_chien/friandises_comprimes_chien/friandises_drop_chien_caniland/405412
3182550793612,https://www.zooplus.fr/shop/chiens/croquettes_chien/royal_canin_size_croquettes_chien/royal_canin_size_x_small_croquettes_chien/1992816
5060978811904,https://www.zooplus.fr/shop/chiens/complements_alimentaires_chien/estomac_intestin_chien/9980003036
052742048871,https://www.zooplus.fr/shop/chiens/croquettes_chien/hills_science_plan_croquettes_chien/hills_science_plan_junior_croquettes_chien/2382909
5060144753977,https://www.zooplus.fr/shop/chiens/complements_alimentaires_chien/complements_alimentaires_chien_comprimes/complements_alimentaires_chien_os_articulations/1747023
4027245096182,https://www.zooplus.fr/shop/chiens/friandises_chien/friandises_soin_dentaire_chien/soins_dents_chien_friandise/2425966
8410650405605,https://www.zooplus.fr/shop/chiens/boites_sachets_barquettes_chien/natures_variety/1112624
4000158913326,https://www.zooplus.fr/shop/chiens/friandises_chien/friandises_comprimes_chien/rinti/191444
3760240681946,https://www.zooplus.fr/shop/chiens/croquettes_chien/adulte/9980005486
3770033314067,https://www.zooplus.fr/shop/chiens/complements_alimentaires_chien/estomac_intestin_chien/9980052950
4250078956280,https://www.zooplus.fr/shop/chiens/friandises_chien/petites_friandises/9980015282
7311030442337,https://www.zooplus.fr/shop/chiens/croquettes_chien/bozita_robur_croquettes_chien/bozita_robur_croquettes_chien_adulte/2311828
8595602562510,https://www.zooplus.fr/shop/chiens/complements_alimentaires_chien/pelage_peau_chien/pelage_peau_comprimes_chien/1991261
4060629004656,https://www.zooplus.fr/shop/chiens/friandises_chien/chiens_ages/9980012259
5000166159692,https://www.zooplus.fr/shop/chiens/croquettes_chien/james_wellbeloved_croquettes_chiens/james_wellbeloved_senior_croquettes_chiens/99695
0052742026091,https://www.zooplus.fr/shop/chiens/croquettes_chien_races/races_moyennes/9980064751
3760401050888,https://www.zooplus.fr/shop/chiens/friandises_chien/9980013055
4017721764209,https://www.zooplus.fr/shop/chiens/boites_sachets_barquettes_chien/integra_boites_chien/integra_sensitive_boites_chien/605525
5701170110036,https://www.zooplus.fr/shop/chiens/croquettes_chien/adulte/9980006665
3597133099522,https://www.zooplus.fr/shop/chiens/complements_alimentaires_chien/ossature_articulations_chien/ossature_articulations_comprimes_chien/2161487
4060629094916,https://www.zooplus.fr/shop/chiens/friandises_chien/chiens_ages/9980012223
8410650612133,https://www.zooplus.fr/shop/chiens/croquettes_chien/ultima_croquettes_chien/croquettes/1300029
3760404050151,https://www.zooplus.fr/shop/chiens/croquettes_chien/adulte/9980013877
2001005000017,https://www.zooplus.fr/shop/chiens/croquettes_chien/adulte/9980066537
3182550761789,https://www.zooplus.fr/shop/chiens/croquettes_chien/royal_canin_veterinary_diet/sterilisation_castration/864530
4260488280011,https://www.zooplus.fr/shop/chiens/friandises_chien/friandises_sans_cereales_chien/9980062252
8425402687406,https://www.zooplus.fr/shop/chiens/croquettes_chien/natural_greatness/1746569
3760404050670,https://www.zooplus.fr/shop/chiens/complements_alimentaires_chien/ossature_articulations_chien/9980181482
3760235630195,https://www.zooplus.fr/shop/chiens/complements_alimentaires_chien/complements_alimentaires_chien_huile_liquide/9980054649
0064992184605,https://www.zooplus.fr/shop/chiens/croquettes_chien/croquettes/9980066352
4260361030283,https://www.zooplus.fr/shop/chiens/friandises_chien/chiens_ages/9980012202
4260697461089,https://www.zooplus.fr/shop/chiens/friandises_chien/petites_friandises/9980064456
3336024823613,https://www.zooplus.fr/shop/chiens/friandises_chien/petites_friandises/9980057915
4027245009502,https://www.zooplus.fr/shop/chiens/boites_sachets_barquettes_chien/macs_boites_chien/2149262
3760066670018,https://www.zooplus.fr/shop/chiens/complements_alimentaires_chien/complements_alimentaires_chien_huile_liquide/9980063336
5027314497345,https://www.zooplus.fr/shop/chiens/complements_alimentaires_chien/complements_alimentaires_chien_huile_liquide/9980007052
7311030435339,https://www.zooplus.fr/shop/chiens/croquettes_chien/bozita_robur_croquettes_chien/chien_sensible/617655
3182550831109,https://www.zooplus.fr/shop/chiens/croquettes_chien/adulte/9980013773
5701170110111,https://www.zooplus.fr/shop/chiens/croquettes_chien/adulte/9980006637
4262500460050,https://www.zooplus.fr/shop/chiens/friandises_chien/petites_friandises/9980063447
8424160024430,https://www.zooplus.fr/shop/chiens/boites_sachets_barquettes_chien/adulte/9980000176
4260077045625,https://www.zooplus.fr/shop/chiens/friandises_chien/friandises_chien_boeuf/friandises_chien_oreilles/247442
3760368526112,https://www.zooplus.fr/shop/chiens/friandises_chien/petites_friandises/9980048638
4260358514543,https://www.zooplus.fr/shop/chiens/croquettes_chien/wolf_of_wilderness/wolf_of_wilddreness_adulte_croquettes/478129
9003579010013,https://www.zooplus.fr/shop/chiens/boites_sachets_barquettes_chien/royal_canin_veterinary_diet/problemes_renaux_urinaires/750277
4260101764027,https://www.zooplus.fr/shop/chiens/boites_sachets_barquettes_chien/adulte/9980008182
4262459380881,https://www.zooplus.fr/shop/chiens/friandises_chien/friandiseschiengeorgeandbob/2349704
052742040417,https://www.zooplus.fr/shop/chiens/croquettes_chien/croquettes_chien_hills_prescription_diet/allergies_intolerance_alimentaires_chien_hills/465778
4260697461652,https://www.zooplus.fr/shop/chiens/friandises_chien/biscuit_gateau_sec_friandises_chien/9980061296
4027941362239,https://www.zooplus.fr/shop/chiens/friandises_chien/heim/1994783
4000819008156,https://www.zooplus.fr/shop/chiens/friandises_chien/friandises_comprimes_chien/friandises_diverses_chien/1413735
3182550782012,https://www.zooplus.fr/shop/chiens/croquettes_chien/royal_canin_veterinary_diet/chiens_ages/2141833
5400585146424,https://www.zooplus.fr/shop/chiens/friandises_chien/friandises_chien_volaille/9980005589
4062911036888,https://www.zooplus.fr/shop/chiens/boites_sachets_barquettes_chien/lukullus_boites_chiens/organic_bio/2011533
3701730400630,https://www.zooplus.fr/shop/chiens/friandises_chien/petites_friandises/9980059282
52742053073,https://www.zooplus.fr/shop/chiens/boites_sachets_barquettes_chien/boites_chien_hills_prescription_diet/obesite_surpoids/465688
5400585130874,https://www.zooplus.fr/shop/chiens/friandises_chien/friandises_os_chien/9980003371
8429037016136,https://www.zooplus.fr/shop/chiens/croquettes_chien/adulte/9980002542
3700469699223,https://www.zooplus.fr/shop/chiens/friandises_chien/bois_corne_sabot/9980000721
4000819004875,https://www.zooplus.fr/shop/chiens/friandises_chien/friandises_chien_boeuf/lamelles_viande_boeuf/138434
052742085920,https://www.zooplus.fr/shop/chiens/croquettes_chien/hills_science_plan_croquettes_chien/hills_science_plan_adulte_croquettes_chien/15542
3561963630347,https://www.zooplus.fr/shop/chiens/croquettes_chien/virbac_vet_hpm/senior/617347
4260535818259,https://www.zooplus.fr/shop/chiens/boites_sachets_barquettes_chien/rocco_boites_chien/classic_extra/742554
8023222187122,https://www.zooplus.fr/shop/chiens/alimentation_barf/9980008144
8010276039071,https://www.zooplus.fr/shop/chiens/croquettes_chien/croquettes/9980066282
5701170111910,https://www.zooplus.fr/shop/chiens/croquettes_chien/adulte/9980006690
8710255146034,https://www.zooplus.fr/shop/chiens/croquettes_chien/eukanuba_croquettes_chien/9980013856
0064992186609,https://www.zooplus.fr/shop/chiens/croquettes_chien/senior/9980066239
4060629098143,https://www.zooplus.fr/shop/chiens/friandises_chien/petites_friandises/9980012242
8009470011198,https://www.zooplus.fr/shop/chiens/croquettes_chien/monge/1991143
4260198350042,https://www.zooplus.fr/shop/chiens/friandises_chien/244165/2113618
8594062086604,https://www.zooplus.fr/shop/chiens/croquettes_chien/calibra/1747049
5060084772274,https://www.zooplus.fr/shop/chiens/croquettes_chien/burns_chien/chien_sensible/137859
742174250156,https://www.zooplus.fr/shop/chiens/friandises_chien/friandises_batonnet_chien/9980049541
5060560754374,https://www.zooplus.fr/shop/chiens/friandises_chien/chiens_ages/mobilite/2223029
5902811741231,https://www.zooplus.fr/shop/chiens/boites_sachets_barquettes_chien/4vets/1991119
6420612235005,https://www.zooplus.fr/shop/chiens/croquettes_chien/golden_eagle/1991101
8606014105599,https://www.zooplus.fr/shop/chiens/boites_sachets_barquettes_chien/adulte/9980066232
4062911016248,https://www.zooplus.fr/shop/chiens/friandises_chien/friandises_chien_bandes/rocco/1376978
5060318130078,https://www.zooplus.fr/shop/chiens/croquettes_chien/simpsons_premium/lots_economiques_simpsons_premium/456560
8410650603889,https://www.zooplus.fr/shop/chiens/croquettes_chien/affinity_advance_veterinary_diets/troubles_gastro_intestinaux/2159427
5000166159272,https://www.zooplus.fr/shop/chiens/croquettes_chien/james_wellbeloved_croquettes_chiens/james_wellbeloved_adult_croquettes_chiens/753886
3182550774550,https://www.zooplus.fr/shop/chiens/croquettes_chien/royal_canin_size_croquettes_chien/royal_canin_size_medium_croquettes_chien/15614
4060629087284,https://www.zooplus.fr/shop/chiens/friandises_chien/chiens_ages/9980012211
5023308001017,https://www.zooplus.fr/shop/chiens/boites_sachets_barquettes_chien/petit_chien/9980064701
5060481898386,https://www.zooplus.fr/shop/chiens/boites_sachets_barquettes_chien/applaws_boites_chien/sachets_chien_applaws/1317711
8020997011201,https://www.zooplus.fr/shop/chiens/croquettes_chien/adulte/9980010516
8010276030344,https://www.zooplus.fr/shop/chiens/croquettes_chien/adulte/9980066267
4260541816256,https://www.zooplus.fr/shop/chiens/friandises_chien/chiens_ages/9980012297
8010276041975,https://www.zooplus.fr/shop/chiens/croquettes_chien/croquettes/9980066308
86543217,https://www.zooplus.fr/shop/chiens/complements_alimentaires_chien/complements_alimentaires_chien_huile_liquide/9980063858
3666639128262,https://www.zooplus.fr/shop/chiens/friandises_chien/bois_corne_sabot/9980066049
4260488284323,https://www.zooplus.fr/shop/chiens/friandises_chien/friandises_sans_cereales_chien/9980062196
4054651854969,https://www.zooplus.fr/shop/chiens/boites_sachets_barquettes_chien/wolf_of_wilderness/offfres_essai/982543
5056273609308,https://www.zooplus.fr/shop/chiens/boites_sachets_barquettes_chien/adulte/9980068205
4062911067165,https://www.zooplus.fr/shop/chiens/croquettes_chien/briantos/adult/2519063
4027671010165,https://www.zooplus.fr/shop/chiens/complements_alimentaires_chien/pelage_peau_chien/pelage_peau_farine_poudre_chien/35715
5391475001773,https://www.zooplus.fr/shop/chiens/complements_alimentaires_chien/ossature_articulations_chien/2125034
4060629089714,https://www.zooplus.fr/shop/chiens/friandises_chien/chiens_ages/9980012255
4260730710877,https://www.zooplus.fr/shop/chiens/complements_alimentaires_chien/ossature_articulations_chien/farine_poudre_ossature_articulations_chien/2093664
8011259002631,https://www.zooplus.fr/shop/chiens/croquettes_chien/exclusion_croquettes_chien/866538
4011905311487,https://www.zooplus.fr/shop/chiens/friandises_chien/friandises_chien_trixie/autres_friandises/2139084
4260488284446,https://www.zooplus.fr/shop/chiens/friandises_chien/friandises_sans_cereales_chien/9980062303
74198614233,https://www.zooplus.fr/shop/chiens/croquettes_chien/croquettes_chien_taste_of_the_wild/croquettes_taste_of_the_wild_chien/174926
5400585375213,https://www.zooplus.fr/shop/chiens/friandises_chien/petites_friandises/9980069113
3561963601408,https://www.zooplus.fr/shop/chiens/croquettes_chien/virbac_vet_hpm/9980052239
3770001413242,https://www.zooplus.fr/shop/chiens/complements_alimentaires_chien/foie_reins_chien/9980068171
3597133083088,https://www.zooplus.fr/shop/chiens/friandises_chien/friandises_batonnet_chien/9980013854
9003579015476,https://www.zooplus.fr/shop/chiens/boites_sachets_barquettes_chien/royal_canin_boites_chien/9980052248
4260109621278,https://www.zooplus.fr/shop/chiens/boites_sachets_barquettes_chien/terra_canis_boites_chien/terra_canis_menu/282877
4060629079081,https://www.zooplus.fr/shop/chiens/friandises_chien/chiens_ages/9980012273
4260488280196,https://www.zooplus.fr/shop/chiens/friandises_chien/friandises_sans_cereales_chien/9980062214
5998274311203,https://www.zooplus.fr/shop/chiens/croquettes_chien/julius_k9/1996301
3182550932707,https://www.zooplus.fr/shop/chiens/croquettes_chien/royal_canin_size_croquettes_chien/royal_canin_size_mini_croquettes_chien/207161
3182550832540,https://www.zooplus.fr/shop/chiens/croquettes_chien/royal_canin_care_nutrition/sterilised/1992437
3182550743471,https://www.zooplus.fr/shop/chiens/croquettes_chien/royal_canin_breed_croquettes_chien/yorkshire_terrier_croquettes_royal_canin/61229
3605874350830,https://www.zooplus.fr/shop/chiens/complements_alimentaires_chien/anti_stress_chien/614469
3760401051625,https://www.zooplus.fr/shop/chiens/friandises_chien/friandises_chien_boeuf/9980012957
3700525907033,https://www.zooplus.fr/shop/chiens/complements_alimentaires_chien/complements_alimentaires_chien_huile_liquide/9980000753
5060084773929,https://www.zooplus.fr/shop/chiens/boites_sachets_barquettes_chien/burns_patee_chien/1747038
4260488284828,https://www.zooplus.fr/shop/chiens/friandises_chien/friandises_sans_cereales_chien/9980062245
5000166161305,https://www.zooplus.fr/shop/chiens/croquettes_chien/james_wellbeloved_croquettes_chiens/james_wellbeloved_adult_croquettes_chiens/2220767
74198612451,https://www.zooplus.fr/shop/chiens/croquettes_chien/croquettes_chien_taste_of_the_wild/chiot/409289
3700525917315,https://www.zooplus.fr/shop/chiens/complements_alimentaires_chien/complements_alimentaires_chien_huile_liquide/9980000742
8429037014545,https://www.zooplus.fr/shop/chiens/croquettes_chien/adulte/9980002093
7613035156289,https://www.zooplus.fr/shop/chiens/croquettes_chien/croquettes_chien_purina_veterinary_diets/problemes_dermatologiques/610055
8683769631962,https://www.zooplus.fr/shop/chiens/friandises_chien/friandises_chien_bandes/9980049678
0052742402109,https://www.zooplus.fr/shop/chiens/croquettes_chien_races/races_moyennes/9980065763
3700525912860,https://www.zooplus.fr/shop/chiens/complements_alimentaires_chien/complements_alimentaires_chien_huile_liquide/9980000776
4060629080438,https://www.zooplus.fr/shop/chiens/friandises_chien/chiens_ages/9980012216
4060629090536,https://www.zooplus.fr/shop/chiens/friandises_chien/chiens_ages/9980012267
8002754002394,https://www.zooplus.fr/shop/chiens/croquettes_chien/adulte/9980012316
8001154122176,https://www.zooplus.fr/shop/chiens/croquettes_chien/almo_nature_holistic_croquettes_chien/almo_nature_holistic_medium_croquettes_chien/137723
4260101765222,https://www.zooplus.fr/shop/chiens/friandises_chien/bois_corne_sabot/995348
8059149252506,https://www.zooplus.fr/shop/chiens/croquettes_chien/croquettes_chien_trainer_natural_nova_foods/croquettes_petit_chien_trainer_natural_nova_foods/1991641
8683769633157,https://www.zooplus.fr/shop/chiens/friandises_chien/biscuit_gateau_sec_friandises_chien/9980050150
4260468434656,https://www.zooplus.fr/shop/chiens/complements_alimentaires_chien/pelage_peau_chien/9980010716
3182550928588,https://www.zooplus.fr/shop/chiens/croquettes_chien/royal_canin_care_nutrition/light_weight_care/33238
4260748890318,https://www.zooplus.fr/shop/chiens/boites_sachets_barquettes_chien/petit_chien/9980180085
0052742201504,https://www.zooplus.fr/shop/chiens/croquettes_chien_races/races_moyennes/9980010550
4262500460487,https://www.zooplus.fr/shop/chiens/friandises_chien/petites_friandises/9980063834
0810833027453,https://www.zooplus.fr/shop/chiens/friandises_chien/friandises_batonnet_chien/batonnets_enrobes/2145143
9003579020296,https://www.zooplus.fr/shop/chiens/boites_sachets_barquettes_chien/royal_canin_boites_chien/mini/2151975
3700469698585,https://www.zooplus.fr/shop/chiens/friandises_chien/bois_corne_sabot/9980000707
4260109621063,https://www.zooplus.fr/shop/chiens/boites_sachets_barquettes_chien/terra_canis_boites_chien/boites_chien_terra_canis_lots_econmiques/577020
7613035415591,https://www.zooplus.fr/shop/chiens/croquettes_chien/purina_pro_plan_croquettes_chien/sensitive_digestion_optidigest/612302
4260541818335,https://www.zooplus.fr/shop/chiens/friandises_chien/chiens_ages/9980012252
3283021704233,https://www.zooplus.fr/shop/chiens/friandises_chien/petites_friandises/9980005583
5998274312576,https://www.zooplus.fr/shop/chiens/croquettes_chien/julius_k9/1997556
5012113001152,https://www.zooplus.fr/shop/chiens/croquettes_chien/adulte/9980000714
01232455,https://www.zooplus.fr/shop/chiens/complements_alimentaires_chien/chien_croissance_performance/9980012181
3665549206657,https://www.zooplus.fr/shop/chiens/friandises_chien/9980062469
8594062086666,https://www.zooplus.fr/shop/chiens/croquettes_chien/calibra/1747046
4000158826725,https://www.zooplus.fr/shop/chiens/boites_sachets_barquettes_chien/rinti_boites_chien/lot_economique_rinti/1035012
5028399637312,https://www.zooplus.fr/shop/chiens/croquettes_chien/adulte/9980050189
8710255206783,https://www.zooplus.fr/shop/chiens/croquettes_chien/eukanuba_croquettes_chien/eukanuba_mature_senior_croquettes_chien/2155621
3700593400238,https://www.zooplus.fr/shop/chiens/complements_alimentaires_chien/complements_alimentaires_chien_huile_liquide/9980006967
4251276205491,https://www.zooplus.fr/shop/chiens/friandises_chien/friandises_chien_cheval/2100262
8032766860224,https://www.zooplus.fr/shop/chiens/complements_alimentaires_chien/complements_alimentaires_chien_huile_liquide/9980056784
4260541818229,https://www.zooplus.fr/shop/chiens/friandises_chien/chiens_ages/9980012291
4260704280665,https://www.zooplus.fr/shop/chiens/croquettes_chien/bugbell/2220820
3182550813051,https://www.zooplus.fr/shop/chiens/croquettes_chien/royal_canin_breed_croquettes_chien/cavalier_king_charles_croquettes_royal_canin/353049
4251276205101,https://www.zooplus.fr/shop/chiens/friandises_chien/friandises_chien_bandes/dokas/1971892
4260697461928,https://www.zooplus.fr/shop/chiens/friandises_chien/petites_friandises/9980063838
4015598023290,https://www.zooplus.fr/shop/chiens/croquettes_chien/bosch_croquettes_chien/bosch_adulte_croquettes_chien/1991191
5023308001536,https://www.zooplus.fr/shop/chiens/boites_sachets_barquettes_chien/petit_chien/9980065877
4260488285016,https://www.zooplus.fr/shop/chiens/friandises_chien/friandises_sans_cereales_chien/9980062239
4260730710037,https://www.zooplus.fr/shop/chiens/complements_alimentaires_chien/vitamines_chien/poudre_flocons_vitamines_chien/1746323
8009470011327,https://www.zooplus.fr/shop/chiens/croquettes_chien/monge/1991407
4260275027294,https://www.zooplus.fr/shop/chiens/boites_sachets_barquettes_chien/fleischeslust/2468727
3182550748292,https://www.zooplus.fr/shop/chiens/croquettes_chien/adulte/9980006666
52742050867,https://www.zooplus.fr/shop/chiens/boites_sachets_barquettes_chien/hills_science_plan_boites_chien/boites_hillsscienceplan/15437
8010276039101,https://www.zooplus.fr/shop/chiens/croquettes_chien/farmina/grainfree/1413731
4037901105967,https://www.zooplus.fr/shop/chiens/friandises_chien/friandises_chien_bandes/cookies_delikatess/113984
3760337660632,https://www.zooplus.fr/shop/chiens/croquettes_chien/adulte/9980006402
052742045245,https://www.zooplus.fr/shop/chiens/croquettes_chien/croquettes_chien_hills_prescription_diet/allergies_intolerance_alimentaires_chien_hills/631127
4260748897034,https://www.zooplus.fr/shop/chiens/croquettes_chien/riche_en_viande/9980180063
5900469570470,https://www.zooplus.fr/shop/chiens/croquettes_chien/tropidog/1990838
8413037335038,https://www.zooplus.fr/shop/chiens/croquettes_chien_races/races_moyennes/9980065959
3760337660014,https://www.zooplus.fr/shop/chiens/croquettes_chien/adulte/9980002958
3760401052806,https://www.zooplus.fr/shop/chiens/friandises_chien/bois_corne_sabot/9980012935
8710429015739,https://www.zooplus.fr/shop/chiens/complements_alimentaires_chien/pelage_peau_chien/pelage_peau_comprimes_chien/895819
3182550782005,https://www.zooplus.fr/shop/chiens/croquettes_chien/senior/9980006893
4048422144663,https://www.zooplus.fr/shop/chiens/friandises_chien/friandises_batonnet_chien/autres_batonnets_viande/1675322
8595602520121,https://www.zooplus.fr/shop/chiens/croquettes_chien/brit/adulte/1991102
9003579020036,https://www.zooplus.fr/shop/chiens/boites_sachets_barquettes_chien/royal_canin_boites_chien/mini/206974
5701170140606,https://www.zooplus.fr/shop/chiens/friandises_chien/friandises_batonnet_chien/9980065568
4011905316673,https://www.zooplus.fr/shop/chiens/friandises_chien/biscuit_gateau_sec_friandises_chien/biscuits_divers/2128171
8594062088943,https://www.zooplus.fr/shop/chiens/croquettes_chien/calibra/1747086
3561963601170,https://www.zooplus.fr/shop/chiens/croquettes_chien/virbac_vet_hpm/besoins_specifiques/655157
3700525913744,https://www.zooplus.fr/shop/chiens/complements_alimentaires_chien/complements_alimentaires_chien_huile_liquide/9980000757
4262437746814,https://www.zooplus.fr/shop/chiens/boites_sachets_barquettes_chien/boitesluckyjim/2406466
8710255202020,https://www.zooplus.fr/shop/chiens/croquettes_chien/eukanuba_croquettes_chien/eukanubapremiumnutrition/2384888
8410650214252,https://www.zooplus.fr/shop/chiens/croquettes_chien/affinity_libra/1746390
4014719103583,https://www.zooplus.fr/shop/chiens/friandises_chien/friandises_chien_cheval/2159622
8445291776777,https://www.zooplus.fr/shop/chiens/boites_sachets_barquettes_chien/purina_veterinary_diets_canine/756750
3336024828687,https://www.zooplus.fr/shop/chiens/friandises_chien/friandises_os_chien/9980003572
3401198345572,https://www.zooplus.fr/shop/chiens/complements_alimentaires_chien/complements_alimentaires_chien_huile_liquide/9980006820
4260748896952,https://www.zooplus.fr/shop/chiens/boites_sachets_barquettes_chien/petit_chien/9980180091
3666639133006,https://www.zooplus.fr/shop/chiens/friandises_chien/bois_corne_sabot/9980069117
4260748897607,https://www.zooplus.fr/shop/chiens/croquettes_chien/adulte/9980180079
4032254795742,https://www.zooplus.fr/shop/chiens/croquettes_chien/josera_croquettes_chien/chien_adulte/2473923
0816551001324,https://www.zooplus.fr/shop/chiens/croquettes_chien/adulte/9980066547
5425039485157,https://www.zooplus.fr/shop/chiens/croquettes_chien/edgard_cooper/adulte/2579541
5905342292302,https://www.zooplus.fr/shop/chiens/croquettes_chien/wiejska_zagroda/1925924
5011941415094,https://www.zooplus.fr/shop/chiens/croquettes_chien/butchers/1910175
8445290525338,https://www.zooplus.fr/shop/chiens/croquettes_chien/purina_pro_plan_croquettes_chien/weight_control_optiweight/2104960
0064992180126,https://www.zooplus.fr/shop/chiens/croquettes_chien/riche_en_viande/9980066337
8710255201948,https://www.zooplus.fr/shop/chiens/croquettes_chien/eukanuba_croquettes_chien/eukanubapremiumnutrition/2393423
4260704280481,https://www.zooplus.fr/shop/chiens/friandises_chien/sensibilite_allergies/friandises_naturelles/2598704
52742025339,https://www.zooplus.fr/shop/chiens/croquettes_chien/hills_science_plan_croquettes_chien/hills_science_plan_adulte_croquettes_chien_light/15545
8010276040107,https://www.zooplus.fr/shop/chiens/croquettes_chien/croquettes/9980066234
4250078905196,https://www.zooplus.fr/shop/chiens/friandises_chien/petites_friandises/9980015295
5060333439330,https://www.zooplus.fr/shop/chiens/croquettes_chien/applaws/naturelles/1929467
4060629149258,https://www.zooplus.fr/shop/chiens/friandises_chien/chiens_ages/9980012207
5011792009527,https://www.zooplus.fr/shop/chiens/boites_sachets_barquettes_chien/butchers_boites_chien/2509850
8002754102278,https://www.zooplus.fr/shop/chiens/croquettes_chien/adulte/9980173897
8020245715028,https://www.zooplus.fr/shop/chiens/boites_sachets_barquettes_chien/forza10_boites_chien/forza10_diet_boites_chien/1991317
8606014105643,https://www.zooplus.fr/shop/chiens/boites_sachets_barquettes_chien/adulte/9980066259
4060629097900,https://www.zooplus.fr/shop/chiens/friandises_chien/chiens_ages/9980012260
052742026862,https://www.zooplus.fr/shop/chiens/croquettes_chien/croquettes_chien_hills_prescription_diet/troubles_intestinaux_chien_hills/803678
4017721823586,https://www.zooplus.fr/shop/chiens/boites_sachets_barquettes_chien/animonda_boites_chien/animonda_vom_feinsten_barquettes_chien/1895217
8714265000454,https://www.zooplus.fr/shop/chiens/croquettes_chien/yarrah_croquettes_chien/yarrah_croquettes_bio_chien/1365732
4260101766526,https://www.zooplus.fr/shop/chiens/friandises_chien/bois_corne_sabot/502729
8010276038630,https://www.zooplus.fr/shop/chiens/croquettes_chien/adulte/9980066279
4251276202919,https://www.zooplus.fr/shop/chiens/friandises_chien/friandises_batonnet_chien/batonnets_enrobes/729079
3700525917360,https://www.zooplus.fr/shop/chiens/complements_alimentaires_chien/complements_alimentaires_chien_huile_liquide/9980000741
5023308001093,https://www.zooplus.fr/shop/chiens/boites_sachets_barquettes_chien/petit_chien/9980064703
4260488282169,https://www.zooplus.fr/shop/chiens/friandises_chien/friandises_sans_cereales_chien/9980062247
8015579035263,https://www.zooplus.fr/shop/chiens/croquettes_chien/prolife/1991556
8413037331962,https://www.zooplus.fr/shop/chiens/croquettes_chien_races/races_moyennes/9980065989
5998749139639,https://www.zooplus.fr/shop/chiens/friandises_chien/friandises_os_chien/os_boeuf_fourres_chien/15887
4260488280318,https://www.zooplus.fr/shop/chiens/friandises_chien/friandises_sans_cereales_chien/9980062253
3561963600272,https://www.zooplus.fr/shop/chiens/croquettes_chien/virbac_vet_hpm/adulte/617342
3701451005831,https://www.zooplus.fr/shop/chiens/friandises_chien/friandises_chien_volaille/9980003849
3182550751261,https://www.zooplus.fr/shop/chiens/croquettes_chien/royal_canin_breed_croquettes_chien/golden_retriever_croquettes_royal_canin/207056
7311030446373,https://www.zooplus.fr/shop/chiens/croquettes_chien/bozita_robur_croquettes_chien/bozita_robur_croquettes_chiot/617644
3760401051175,https://www.zooplus.fr/shop/chiens/friandises_chien/friandises_chien_agneau/9980013045
3182550771047,https://www.zooplus.fr/shop/chiens/croquettes_chien/royal_canin_veterinary_diet/troubles_intestinaux_chien_royal_canin_veterinary/564511
8001154000214,https://www.zooplus.fr/shop/chiens/croquettes_chien/almo_nature_holistic_croquettes_chien/2568057
4008239413390,https://www.zooplus.fr/shop/chiens/friandises_chien/friandise_chien_vitakraft/2365650
5407007142132,https://www.zooplus.fr/shop/chiens/friandises_chien/friandises_batonnet_chien/batonnets_soins_dentaires/1599922
4260650920752,https://www.zooplus.fr/shop/chiens/complements_alimentaires_chien/estomac_intestin_chien/9980001253
4260730711638,https://www.zooplus.fr/shop/chiens/complements_alimentaires_chien/paws_patch/2196115
4262500460128,https://www.zooplus.fr/shop/chiens/croquettes_chien/adulte/9980063448
3597133093605,https://www.zooplus.fr/shop/chiens/complements_alimentaires_chien/complements_alimentaires_chien_huile_liquide/9980065189
3700971800285,https://www.zooplus.fr/shop/chiens/croquettes_chien/croquettes/9980066890
4250078976004,https://www.zooplus.fr/shop/chiens/friandises_chien/petites_friandises/9980061120
742174098611,https://www.zooplus.fr/shop/chiens/friandises_chien/friandises_batonnet_chien/9980050026
3760240681922,https://www.zooplus.fr/shop/chiens/croquettes_chien/adulte/9980005491
7613035417236,https://www.zooplus.fr/shop/chiens/croquettes_chien/purina_pro_plan_croquettes_chien/sensitive_digestion_optidigest/612301
7613035214798,https://www.zooplus.fr/shop/chiens/croquettes_chien/purina_pro_plan_croquettes_chien/sensitive_digestion_optidigest/612300
4062911065611,https://www.zooplus.fr/shop/chiens/croquettes_chien/wolf_of_wilderness/besoins_specifiques/1045717
7613039965085,https://www.zooplus.fr/shop/chiens/friandises_chien/friandises_comprimes_chien/friandises_diverses_chien/668361
3182551055719,https://www.zooplus.fr/shop/chiens/croquettes_chien/royal_canin_size_croquettes_chien/royal_canin_size_mini_croquettes_chien/1995955
4260468434724,https://www.zooplus.fr/shop/chiens/complements_alimentaires_chien/pelage_peau_chien/9980010718
5430002585215,https://www.zooplus.fr/shop/chiens/croquettes_chien/adulte/9980005496
4251424302034,https://www.zooplus.fr/shop/chiens/friandises_chien/friandise_chien_caniland/2379245
8683769631740,https://www.zooplus.fr/shop/chiens/friandises_chien/friandises_chien_bandes/9980049639
4060629089837,https://www.zooplus.fr/shop/chiens/friandises_chien/chiens_ages/9980012272
742174058004,https://www.zooplus.fr/shop/chiens/friandises_chien/friandises_batonnet_chien/9980049972
8010276036452,https://www.zooplus.fr/shop/chiens/croquettes_chien/adulte/9980065603
3760368525634,https://www.zooplus.fr/shop/chiens/friandises_chien/petites_friandises/9980011309
5425039486468,https://www.zooplus.fr/shop/chiens/boites_sachets_barquettes_chien/petit_chien/9980002487
3401173689677,https://www.zooplus.fr/shop/chiens/complements_alimentaires_chien/mp_labo/9980006879
4250078905189,https://www.zooplus.fr/shop/chiens/friandises_chien/petites_friandises/9980015101
7350021301321,https://www.zooplus.fr/shop/chiens/complements_alimentaires_chien/ossature_articulations_chien/9980012640
9120100971473,https://www.zooplus.fr/shop/chiens/croquettes_chien/adulte/9980000340
8010276035998,https://www.zooplus.fr/shop/chiens/croquettes_chien/croquettes_small_mini_breed/9980013804
3182550778305,https://www.zooplus.fr/shop/chiens/croquettes_chien/royal_canin_size_croquettes_chien/royal_canin_size_maxi_croquettes_chien/15463
7350118550625,https://www.zooplus.fr/shop/chiens/croquettes_chien/adulte/9980066626
4011905318691,https://www.zooplus.fr/shop/chiens/friandises_chien/friandises_chien_volaille/9980005608
8435117890343,https://www.zooplus.fr/shop/chiens/croquettes_chien/arquivet/2227056
3561963601132,https://www.zooplus.fr/shop/chiens/croquettes_chien/virbac_vet_hpm/9980007012
3666639133242,https://www.zooplus.fr/shop/chiens/friandises_chien/bois_corne_sabot/9980069129
8711231144556,https://www.zooplus.fr/shop/chiens/friandises_chien/friandises_batonnet_chien/batonnets_soins_dentaires/1835810
5056273609384,https://www.zooplus.fr/shop/chiens/friandises_chien/friandises_batonnet_chien/9980068192
4032254770961,https://www.zooplus.fr/shop/chiens/boites_sachets_barquettes_chien/josera_boites_chien/1242234
5023308001468,https://www.zooplus.fr/shop/chiens/boites_sachets_barquettes_chien/petit_chien/9980065876
5701170120325,https://www.zooplus.fr/shop/chiens/boites_sachets_barquettes_chien/adulte/9980006716
4260697462406,https://www.zooplus.fr/shop/chiens/friandises_chien/petites_friandises/9980063833
5411290172646,https://www.zooplus.fr/shop/chiens/friandises_chien/friandises_chien_volaille/9980005575
5060318130139,https://www.zooplus.fr/shop/chiens/croquettes_chien/simpsons_premium/adult/365457
4027245009069,https://www.zooplus.fr/shop/chiens/boites_sachets_barquettes_chien/macs_boites_chien/1269727
4260748897560,https://www.zooplus.fr/shop/chiens/croquettes_chien/adulte/9980180064
4062911118102,https://www.zooplus.fr/shop/chiens/boites_sachets_barquettes_chien/rocco_boites_chien/diet_care/1889428
4062911055780,https://www.zooplus.fr/shop/chiens/croquettes_chien/croquettes_chien_purizon/purizon_adult/2399428
4260650920189,https://www.zooplus.fr/shop/chiens/complements_alimentaires_chien/pelage_peau_chien/9980010710
052742038704,https://www.zooplus.fr/shop/chiens/croquettes_chien/croquettes_chien_hills_prescription_diet/allergies_intolerance_alimentaires_chien_hills/1080414
4000158914293,https://www.zooplus.fr/shop/chiens/friandises_chien/friandises_os_chien/os_chien_pedigree/1279841
3760404050021,https://www.zooplus.fr/shop/chiens/croquettes_chien/adulte/9980013837
4048422122654,https://www.zooplus.fr/shop/chiens/friandises_chien/friandises_batonnet_chien/batonnets_soins_dentaires/507926
8710255120348,https://www.zooplus.fr/shop/chiens/croquettes_chien/eukanuba_special_breed_croquettes_chien/eukanuba_breed_nutrition_croquettes_chien/46221
8718444638667,https://www.zooplus.fr/shop/chiens/friandises_chien/friandises_comprimes_chien/friandises_diverses_chien/1691059
4062911017559,https://www.zooplus.fr/shop/chiens/boites_sachets_barquettes_chien/boites_chien_purizon/boites_purizon_lots/1290810
8424160026595,https://www.zooplus.fr/shop/chiens/boites_sachets_barquettes_chien/adulte/9980000155
7640135420224,https://www.zooplus.fr/shop/chiens/complements_alimentaires_chien/complements_alimentaires_chien_huile_liquide/9980065768
4060629152135,https://www.zooplus.fr/shop/chiens/boites_sachets_barquettes_chien/adulte/9980069063
5902921305521,https://www.zooplus.fr/shop/chiens/croquettes_chien/rafi/1991299
742174858024,https://www.zooplus.fr/shop/chiens/friandises_chien/friandises_batonnet_chien/9980050041
3700469699674,https://www.zooplus.fr/shop/chiens/friandises_chien/bois_corne_sabot/9980055905
8710255201863,https://www.zooplus.fr/shop/chiens/croquettes_chien/eukanuba_croquettes_chien/eukanubapremiumnutrition/2393314
3701145680054,https://www.zooplus.fr/shop/chiens/complements_alimentaires_chien/complements_alimentaires_chien_huile_liquide/9980052285
5056273608424,https://www.zooplus.fr/shop/chiens/friandises_chien/petites_friandises/9980005580
4008239586018,https://www.zooplus.fr/shop/chiens/friandises_chien/friandises_chien_bandes/vitakraft/429464
4260697462574,https://www.zooplus.fr/shop/chiens/friandises_chien/entrainement_training/9980063832
3520832330078,https://www.zooplus.fr/shop/chiens/complements_alimentaires_chien/pelage_peau_chien/9980010629
5391475003548,https://www.zooplus.fr/shop/chiens/complements_alimentaires_chien/complements_alimentaires_chien_comprimes/friandises_antistress/2121662
4260704280689,https://www.zooplus.fr/shop/chiens/croquettes_chien/bugbell/2220575
8410650597836,https://www.zooplus.fr/shop/chiens/croquettes_chien/natures_variety/original/1077664
3700469697885,https://www.zooplus.fr/shop/chiens/friandises_chien/bois_corne_sabot/9980000186
0074198614295,https://www.zooplus.fr/shop/chiens/croquettes_chien_races/races_moyennes/9980065684
4251276201356,https://www.zooplus.fr/shop/chiens/friandises_chien/friandises_chien_dokas/autres_friandises/2591116
4260488286150,https://www.zooplus.fr/shop/chiens/friandises_chien/friandises_sans_cereales_chien/9980062286
4062911001299,https://www.zooplus.fr/shop/chiens/croquettes_chien/wolf_of_wilderness/elements/759897
8010276021151,https://www.zooplus.fr/shop/chiens/croquettes_chien/adulte/9980066291
9003579000762,https://www.zooplus.fr/shop/chiens/boites_sachets_barquettes_chien/royal_canin_boites_chien/9980008568
3700525923057,https://www.zooplus.fr/shop/chiens/complements_alimentaires_chien/complements_alimentaires_chien_huile_liquide/9980000732
8032766961402,https://www.zooplus.fr/shop/chiens/friandises_chien/lyophilisees/9980055032
4262459380867,https://www.zooplus.fr/shop/chiens/friandises_chien/friandiseschiengeorgeandbob/2349653
5023308001499,https://www.zooplus.fr/shop/chiens/boites_sachets_barquettes_chien/petit_chien/9980064702
4262500460791,https://www.zooplus.fr/shop/chiens/croquettes_chien/adulte/9980063489
4066736005500,https://www.zooplus.fr/shop/chiens/boites_sachets_barquettes_chien/terra_canis_boites_chien/decouvrir/966083
4260578754491,https://www.zooplus.fr/shop/chiens/friandises_chien/friandises_os_chien/os_boeuf_fourres_chien/2182474
4017721864480,https://www.zooplus.fr/shop/chiens/croquettes_chien/croquettes_specifiques_chien_integra/1676009
3700971800100,https://www.zooplus.fr/shop/chiens/croquettes_chien/adulte/9980066900
5414970060592,https://www.zooplus.fr/shop/chiens/croquettes_chien/arion/1991458
52742064413,https://www.zooplus.fr/shop/chiens/boites_sachets_barquettes_chien/boites_chien_hills_prescription_diet/troubles_intestinaux/1975858
4260488280363,https://www.zooplus.fr/shop/chiens/friandises_chien/friandises_sans_cereales_chien/9980062227
4060629032710,https://www.zooplus.fr/shop/chiens/friandises_chien/chiens_ages/9980012253
4000158925169,https://www.zooplus.fr/shop/chiens/boites_sachets_barquettes_chien/rinti_boites_chien/lot_economique_rinti/1746313
7311030448377,https://www.zooplus.fr/shop/chiens/croquettes_chien/bozita_robur_croquettes_chien/chien_age/640111
4251276205705,https://www.zooplus.fr/shop/chiens/friandises_chien/friandises_batonnet_chien/batonnets_enrobes/2157627
4060629157109,https://www.zooplus.fr/shop/chiens/friandises_chien/petites_friandises/9980064711
4000158913050,https://www.zooplus.fr/shop/chiens/friandises_chien/friandises_chien_bandes/bande_a_macher_rinti/191443
4260697462345,https://www.zooplus.fr/shop/chiens/friandises_chien/petites_friandises/9980063653
3561963601064,https://www.zooplus.fr/shop/chiens/croquettes_chien/virbac_vet_hpm/besoins_specifiques/655150
8005852160041,https://www.zooplus.fr/shop/chiens/croquettes_chien/schesir/2115519
8059149252551,https://www.zooplus.fr/shop/chiens/croquettes_chien/croquettes_chien_trainer_natural_nova_foods/croquettes_grand_chien_trainer_fitness/1991639
052742043821,https://www.zooplus.fr/shop/chiens/croquettes_chien/croquettes_chien_hills_prescription_diet/troubles_intestinaux_chien_hills/631232
4016598065198,https://www.zooplus.fr/shop/chiens/friandises_chien/friandises_os_chien/os_chien/2129503
4260697461096,https://www.zooplus.fr/shop/chiens/friandises_chien/petites_friandises/9980064453
3760368528857,https://www.zooplus.fr/shop/chiens/complements_alimentaires_chien/complements_alimentaires_chien_huile_liquide/9980049528
4062911050822,https://www.zooplus.fr/shop/chiens/croquettes_chien/lukullus_croquettes_chiens/adulte/2051911
7311030432338,https://www.zooplus.fr/shop/chiens/croquettes_chien/bozita_robur_croquettes_chien/chien_sensible/617656
0064992502607,https://www.zooplus.fr/shop/chiens/croquettes_chien/acana/9980066193
3760302730070,https://www.zooplus.fr/shop/chiens/complements_alimentaires_chien/complements_alimentaires_chien_huile_liquide/9980062157
6420612233131,https://www.zooplus.fr/shop/chiens/croquettes_chien/golden_eagle/1991451
5430003157626,https://www.zooplus.fr/shop/chiens/boites_sachets_barquettes_chien/petit_chien/9980001122
5907489324915,https://www.zooplus.fr/shop/chiens/friandises_chien/friandises_batonnet_chien/autres_batonnets_viande/2196830
3561963601156,https://www.zooplus.fr/shop/chiens/croquettes_chien/virbac_vet_hpm/9980006894
8906167461109,https://www.zooplus.fr/shop/chiens/friandises_chien/bois_corne_sabot/9980066697
3666639128224,https://www.zooplus.fr/shop/chiens/friandises_chien/bois_corne_sabot/9980066094
5028399648349,https://www.zooplus.fr/shop/chiens/croquettes_chien/adulte/9980050190
4062911063686,https://www.zooplus.fr/shop/chiens/croquettes_chien/wolf_of_wilderness/wolf_of_wilddreness_adulte_croquettes/635988
8002754002424,https://www.zooplus.fr/shop/chiens/croquettes_chien/adulte/9980002563
4062911034242,https://www.zooplus.fr/shop/chiens/friandises_chien/wolf_of_wilderness/a_decouvrir/2471620
4048422189459,https://www.zooplus.fr/shop/chiens/friandises_chien/friandise_chien_8in1delights/2316591
3770036703158,https://www.zooplus.fr/shop/chiens/friandises_chien/petites_friandises/9980002546
3760404050427,https://www.zooplus.fr/shop/chiens/croquettes_chien/adulte/9980052279
4260748897591,https://www.zooplus.fr/shop/chiens/croquettes_chien/adulte/9980180118
3182550842228,https://www.zooplus.fr/shop/chiens/croquettes_chien/royal_canin_veterinary_diet/reins_voies_urinaires_chien_croquettes_royal_canin/565911
4062911036949,https://www.zooplus.fr/shop/chiens/boites_sachets_barquettes_chien/lukullus_boites_chiens/organic_bio/2011459
4062911046597,https://www.zooplus.fr/shop/chiens/croquettes_chien/rocco_croquettes/mealtime/797275
0052742803609,https://www.zooplus.fr/shop/chiens/croquettes_chien_races/races_moyennes/9980010555
3760401051007,https://www.zooplus.fr/shop/chiens/friandises_chien/9980012955
4060629096170,https://www.zooplus.fr/shop/chiens/friandises_chien/chiens_ages/9980012232
7613287869616,https://www.zooplus.fr/shop/chiens/croquettes_chien/beneful_croquettes_chien/1746372
8425402749623,https://www.zooplus.fr/shop/chiens/friandises_chien/bois_corne_sabot/9980010537
0052742067209,https://www.zooplus.fr/shop/chiens/croquettes_chien_races/races_moyennes/9980065175
8410650235240,https://www.zooplus.fr/shop/chiens/croquettes_chien/affinity_advance/affinity_advance/516186
4002633513144,https://www.zooplus.fr/shop/chiens/boites_sachets_barquettes_chien/belcando/super_premium/629430
8410650604787,https://www.zooplus.fr/shop/chiens/croquettes_chien/croquettes_chien_trainer_natural_nova_foods/croquettes_grand_chien_trainer_fitness/2387360
4260704280238,https://www.zooplus.fr/shop/chiens/friandises_chien/biscuit_gateau_sec_friandises_chien/biscuits_divers/2157732
3700610901779,https://www.zooplus.fr/shop/chiens/complements_alimentaires_chien/complements_alimentaires_chien_huile_liquide/9980064043
3182550719766,https://www.zooplus.fr/shop/chiens/croquettes_chien/royal_canin_breed_croquettes_chien/boxer_croquettes_royal_canin/15836
8606014105636,https://www.zooplus.fr/shop/chiens/boites_sachets_barquettes_chien/nourriture_humide/9980066278
4015598013970,https://www.zooplus.fr/shop/chiens/croquettes_chien/bosch_croquettes_chien/bosch_junior_croquettes_chien/654106
4032254789772,https://www.zooplus.fr/shop/chiens/croquettes_chien/green_petfood/2406222
4062911011038,https://www.zooplus.fr/shop/chiens/croquettes_chien/rocco_croquettes/mealtime/1229351
3336024828311,https://www.zooplus.fr/shop/chiens/friandises_chien/friandises_chien_boeuf/9980003619
9120100970759,https://www.zooplus.fr/shop/chiens/pathologies_canines/sensitive/9980002842
7311030434332,https://www.zooplus.fr/shop/chiens/croquettes_chien/bozita_robur_croquettes_chien/chien_sensible/617591
3700469697960,https://www.zooplus.fr/shop/chiens/friandises_chien/bois_corne_sabot/9980000319
3182550928526,https://www.zooplus.fr/shop/chiens/croquettes_chien/royal_canin_care_nutrition/dermacomfort/199117
9003579031353,https://www.zooplus.fr/shop/chiens/boites_sachets_barquettes_chien/james_wellbeloved/chien_adulte/2220745
3760235630461,https://www.zooplus.fr/shop/chiens/complements_alimentaires_chien/complements_alimentaires_chien_huile_liquide/9980063331
3760404050489,https://www.zooplus.fr/shop/chiens/croquettes_chien/adulte/9980013757
3336024828953,https://www.zooplus.fr/shop/chiens/friandises_chien/petites_friandises/9980005546
8435117893085,https://www.zooplus.fr/shop/chiens/croquettes_chien/arquivet/2226857
3770026798034,https://www.zooplus.fr/shop/chiens/complements_alimentaires_chien/complements_alimentaires_chien_huile_liquide/9980055181
7613034995759,https://www.zooplus.fr/shop/chiens/friandises_chien/friandises_chien_bandes/autres_bandes_macher/1839212
9003579008287,https://www.zooplus.fr/shop/chiens/boites_sachets_barquettes_chien/royal_canin_boites_chien/mini/697257
4262500460876,https://www.zooplus.fr/shop/chiens/croquettes_chien/adulte/9980064454
5400585146905,https://www.zooplus.fr/shop/chiens/friandises_chien/9980004788
7640154284951,https://www.zooplus.fr/shop/chiens/friandises_chien/friandises_delibest/autres_friandises/2223483
8021680751336,https://www.zooplus.fr/shop/chiens/friandises_chien/friandises_soin_dentaire_chien/9980015269
816551001393,https://www.zooplus.fr/shop/chiens/croquettes_chien/adulte/9980066540
0064992523602,https://www.zooplus.fr/shop/chiens/croquettes_chien/9980002796
5998274311173,https://www.zooplus.fr/shop/chiens/croquettes_chien/julius_k9/1996038
5900951353925,https://www.zooplus.fr/shop/chiens/croquettes_chien/132489/2480939
5902921394822,https://www.zooplus.fr/shop/chiens/croquettes_chien/dolina_noteci/1991620
4260756991144,https://www.zooplus.fr/shop/chiens/friandises_chien/semi_humide/9980010394
8718444635703,https://www.zooplus.fr/shop/chiens/friandises_chien/friandises_batonnet_chien/batonnets_enrobes/761068
052742046846,https://www.zooplus.fr/shop/chiens/croquettes_chien/croquettes_chien_hills_prescription_diet/problemes_renaux_chien_croquettes_hills/465777
3701730400623,https://www.zooplus.fr/shop/chiens/friandises_chien/petites_friandises/9980059283
4260697462147,https://www.zooplus.fr/shop/chiens/croquettes_chien/riche_en_viande/9980064460
4262375560183,https://www.zooplus.fr/shop/chiens/complements_alimentaires_chien/ossature_articulations_chien/9980001202
8710255172149,https://www.zooplus.fr/shop/chiens/croquettes_chien/eukanuba_special_breed_croquettes_chien/eukanuba_special_care_croquettes_chien/2629913
4008239582591,https://www.zooplus.fr/shop/chiens/friandises_chien/friandise_chien_vitakraft/2363803
4062911065550,https://www.zooplus.fr/shop/chiens/croquettes_chien/wolf_of_wilderness/wolf_of_wilddreness_adulte_croquettes/1604167
4062911066724,https://www.zooplus.fr/shop/chiens/croquettes_chien/croquettes_chien_purizon/purizon_adult/677317
5430003157145,https://www.zooplus.fr/shop/chiens/croquettes_chien/adulte/9980001120
9120100970391,https://www.zooplus.fr/shop/chiens/friandises_chien/9980002829
3666639128231,https://www.zooplus.fr/shop/chiens/friandises_chien/bois_corne_sabot/9980066090
3760098110797,https://www.zooplus.fr/shop/chiens/complements_alimentaires_chien/complements_alimentaires_chien_huile_liquide/9980063736
5407007149223,https://www.zooplus.fr/shop/chiens/croquettes_chien/edgard_cooper/9980002591
4260488282985,https://www.zooplus.fr/shop/chiens/friandises_chien/friandises_sans_cereales_chien/9980062209
3770026453056,https://www.zooplus.fr/shop/chiens/complements_alimentaires_chien/complements_alimentaires_chien_huile_liquide/9980013407
4260488286334,https://www.zooplus.fr/shop/chiens/friandises_chien/friandises_sans_cereales_chien/9980062310
5425039486116,https://www.zooplus.fr/shop/chiens/croquettes_chien/edgard_cooper/adulte/1599635
52742025728,https://www.zooplus.fr/shop/chiens/croquettes_chien_races/races_moyennes/9980010556
4060629152647,https://www.zooplus.fr/shop/chiens/boites_sachets_barquettes_chien/adulte/9980069069
4260165196949,https://www.zooplus.fr/shop/chiens/boites_sachets_barquettes_chien/granatapet_boites_chien/386889
8002754102810,https://www.zooplus.fr/shop/chiens/croquettes_chien/adulte/9980002490
8005852792556,https://www.zooplus.fr/shop/chiens/boites_sachets_barquettes_chien/schesir_boites_chien/1004134
4262437741376,https://www.zooplus.fr/shop/chiens/friandises_chien/friandises_batonnet_chien/autres_batonnets_viande/2015293
4000158913463,https://www.zooplus.fr/shop/chiens/friandises_chien/friandise_chien_rinti/extra_bitties/2603589
0064992570200,https://www.zooplus.fr/shop/chiens/croquettes_chien/9980002814
8032644300934,https://www.zooplus.fr/shop/chiens/complements_alimentaires_chien/complements_alimentaires_chien_huile_liquide/9980013829
4062911067158,https://www.zooplus.fr/shop/chiens/croquettes_chien/briantos/adult/2518968
8710255174747,https://www.zooplus.fr/shop/chiens/croquettes_chien/adulte/9980010484
4260697461447,https://www.zooplus.fr/shop/chiens/croquettes_chien/adulte/9980000782
5060184240475,https://www.zooplus.fr/shop/chiens/boites_sachets_barquettes_chien/adulte/9980008138
7311030711587,https://www.zooplus.fr/shop/chiens/croquettes_chien/bozita_croquettes_chien/sans_cereales/2572529
5425039484433,https://www.zooplus.fr/shop/chiens/boites_sachets_barquettes_chien/edgard_cooper/9980010430
8425402749609,https://www.zooplus.fr/shop/chiens/friandises_chien/bois_corne_sabot/9980010398
3283021723647,https://www.zooplus.fr/shop/chiens/friandises_chien/9980065872
8424160024423,https://www.zooplus.fr/shop/chiens/boites_sachets_barquettes_chien/chiot/9980000172
4060629089554,https://www.zooplus.fr/shop/chiens/friandises_chien/chiens_ages/9980012247
8010276040077,https://www.zooplus.fr/shop/chiens/croquettes_chien/adulte/9980066348
52742069418,https://www.zooplus.fr/shop/chiens/complements_alimentaires_chien/complements_alimentaires_chien_huile_liquide/9980065183
8010276025258,https://www.zooplus.fr/shop/chiens/croquettes_chien/adulte/9980066219
52742170008,https://www.zooplus.fr/shop/chiens/croquettes_chien_races/races_moyennes/9980010564
8005852280411,https://www.zooplus.fr/shop/chiens/boites_sachets_barquettes_chien/adulte/9980063785
4062911061187,https://www.zooplus.fr/shop/chiens/croquettes_chien/croquettes_chien_purizon/2491351
8413037373818,https://www.zooplus.fr/shop/chiens/croquettes_chien_races/races_moyennes/9980065965
4032254785989,https://www.zooplus.fr/shop/chiens/croquettes_chien/josera_croquettes_chien/chien_adulte/2397069
0052742037233,https://www.zooplus.fr/shop/chiens/croquettes_chien_races/races_moyennes/9980010548
3401195832914,https://www.zooplus.fr/shop/chiens/complements_alimentaires_chien/complements_alimentaires_chien_huile_liquide/9980006796
4032326021793,https://www.zooplus.fr/shop/chiens/complements_alimentaires_chien/pelage_peau_chien/pelage_peau_farine_poudre_chien/2173732
5998274315164,https://www.zooplus.fr/shop/chiens/croquettes_chien/fitactive/2002563
3760240680598,https://www.zooplus.fr/shop/chiens/croquettes_chien/senior/9980005497
8001154122404,https://www.zooplus.fr/shop/chiens/boites_sachets_barquettes_chien/petit_chien/9980008431
4260697460846,https://www.zooplus.fr/shop/chiens/friandises_chien/chiens_ages/9980063446
4260358511504,https://www.zooplus.fr/shop/chiens/croquettes_chien/wolf_of_wilderness/bi_nutrition/1341526
3760404050397,https://www.zooplus.fr/shop/chiens/croquettes_chien/adulte/9980013834
8683769976421,https://www.zooplus.fr/shop/chiens/complements_alimentaires_chien/complements_alimentaires_chien_huile_liquide/9980053144
8683769629822,https://www.zooplus.fr/shop/chiens/boites_sachets_barquettes_chien/9980049473
4015598013321,https://www.zooplus.fr/shop/chiens/croquettes_chien/bosch_croquettes_chien/bosch_adulte_croquettes_chien/570357
5012113001350,https://www.zooplus.fr/shop/chiens/croquettes_chien/adulte/9980002483
4270001672803,https://www.zooplus.fr/shop/chiens/croquettes_chien/adulte/9980001231
3760401052370,https://www.zooplus.fr/shop/chiens/friandises_chien/bois_corne_sabot/9980013014
4015598021623,https://www.zooplus.fr/shop/chiens/friandises_chien/friandises_batonnet_chien/batonnets_soins_dentaires/1228423
4032326012012,https://www.zooplus.fr/shop/chiens/complements_alimentaires_chien/chien_croissance_performance/poudre_croissance_performance_chien/307171
3182550704991,https://www.zooplus.fr/shop/chiens/croquettes_chien/royal_canin_size_croquettes_chien/2005005
52742047140,https://www.zooplus.fr/shop/chiens/croquettes_chien_races/races_moyennes/9980010566
5400585121339,https://www.zooplus.fr/shop/chiens/friandises_chien/friandises_chien_volaille/9980003820
5060978814448,https://www.zooplus.fr/shop/chiens/complements_alimentaires_chien/estomac_intestin_chien/9980003071
4260488282121,https://www.zooplus.fr/shop/chiens/friandises_chien/friandises_sans_cereales_chien/9980062267
3401144470860,https://www.zooplus.fr/shop/chiens/complements_alimentaires_chien/mp_labo/9980006933
7350118550014,https://www.zooplus.fr/shop/chiens/croquettes_chien/croquettes/9980066664
3700469699452,https://www.zooplus.fr/shop/chiens/friandises_chien/friandises_batonnet_chien/9980000706
8009470004275,https://www.zooplus.fr/shop/chiens/croquettes_chien/monge/1991645
4011905031453,https://www.zooplus.fr/shop/chiens/friandises_chien/friandises_chien_boeuf/9980003822
8716793909193,https://www.zooplus.fr/shop/chiens/friandises_chien/friandises_comprimes_chien/friandises_diverses_chien/1390540
3760395830039,https://www.zooplus.fr/shop/chiens/friandises_chien/petites_friandises/9980012303
8010276041050,https://www.zooplus.fr/shop/chiens/croquettes_chien/croquettes/9980066246
8020997011058,https://www.zooplus.fr/shop/chiens/croquettes_chien/adulte/9980010520
3701730400524,https://www.zooplus.fr/shop/chiens/friandises_chien/friandises_chien_volaille/9980053792
3182550928625,https://www.zooplus.fr/shop/chiens/croquettes_chien/royal_canin_care_nutrition/light_weight_care/15462
4002633556127,https://www.zooplus.fr/shop/chiens/croquettes_chien/belcando/sans_cereales/629399
5400585182927,https://www.zooplus.fr/shop/chiens/friandises_chien/friandises_chien_bandes/autres_bandes_macher/1929737
9421038210109,https://www.zooplus.fr/shop/chiens/croquettes_chien/9980066692
3561963600241,https://www.zooplus.fr/shop/chiens/croquettes_chien/virbac_vet_hpm/9980006862
8032766961303,https://www.zooplus.fr/shop/chiens/complements_alimentaires_chien/complements_alimentaires_chien_huile_liquide/9980055022
8410650626987,https://www.zooplus.fr/shop/chiens/boites_sachets_barquettes_chien/boites_chien_trainer_fitness_nova_foods/trainer_natural/1991638
4260756991137,https://www.zooplus.fr/shop/chiens/friandises_chien/semi_humide/9980010387
4062911054189,https://www.zooplus.fr/shop/chiens/friandises_chien/friandises_chien_lukullus/lukullus_vitality/2165452
4032254795780,https://www.zooplus.fr/shop/chiens/croquettes_chien/josera_croquettes_chien/chien_adulte/2475324
4038374162556,https://www.zooplus.fr/shop/chiens/friandises_chien/biscuit_gateau_sec_friandises_chien/2354830
4062911019843,https://www.zooplus.fr/shop/chiens/croquettes_chien/concept_for_life_dogs/mini/559548
8002754102957,https://www.zooplus.fr/shop/chiens/croquettes_chien/adulte/9980173879
4251276204500,https://www.zooplus.fr/shop/chiens/friandises_chien/friandises_chien_bandes/dokas/1451615
5400585233513,https://www.zooplus.fr/shop/chiens/friandises_chien/friandises_chien_volaille/9980005319
3561963600104,https://www.zooplus.fr/shop/chiens/croquettes_chien/virbac_vet_hpm/9980006892
4260165192774,https://www.zooplus.fr/shop/chiens/croquettes_chien/granatapet_croquettes_chien/granatapet_natural_taste/683944
4260488281230,https://www.zooplus.fr/shop/chiens/friandises_chien/friandises_sans_cereales_chien/9980062339
4260748893289,https://www.zooplus.fr/shop/chiens/boites_sachets_barquettes_chien/petit_chien/9980180108
5391475003630,https://www.zooplus.fr/shop/chiens/complements_alimentaires_chien/complements_alimentaires_chien_comprimes/estomac_intestin_complement_chien/2121645
4048422189480,https://www.zooplus.fr/shop/chiens/friandises_chien/friandise_chien_8in1delights/2320423
4260756991106,https://www.zooplus.fr/shop/chiens/friandises_chien/semi_humide/9980010391
8721551680290,https://www.zooplus.fr/shop/chiens/friandises_chien/bois_corne_sabot/9980073028
3065890159815,https://www.zooplus.fr/shop/chiens/boites_sachets_barquettes_chien/pedigree_pur_boites_chien/sachets_fraicheur/436445
4251276204265,https://www.zooplus.fr/shop/chiens/friandises_chien/friandises_comprimes_chien/friandises_dokas_chien/1972822
8410650595979,https://www.zooplus.fr/shop/chiens/croquettes_chien/natures_variety/original/2222495
4262375560169,https://www.zooplus.fr/shop/chiens/complements_alimentaires_chien/pelage_peau_chien/9980001205
8010276041067,https://www.zooplus.fr/shop/chiens/croquettes_chien/adulte/9980066695
4060629035421,https://www.zooplus.fr/shop/chiens/friandises_chien/chiens_ages/9980012215
8437024553038,https://www.zooplus.fr/shop/chiens/friandises_chien/petites_friandises/9980009407
5430003157985,https://www.zooplus.fr/shop/chiens/alimentation_barf/alimentation_barf_chien/9980001879
4048422110729,https://www.zooplus.fr/shop/chiens/friandises_chien/friandises_os_chien/9980054561
4062911066601,https://www.zooplus.fr/shop/chiens/friandises_chien/wolf_of_wilderness/a_decouvrir/2480464
4260488280875,https://www.zooplus.fr/shop/chiens/friandises_chien/friandises_sans_cereales_chien/9980062333
4062911053830,https://www.zooplus.fr/shop/chiens/croquettes_chien/lukullus_croquettes_chiens/senior/2119333
5027314504098,https://www.zooplus.fr/shop/chiens/complements_alimentaires_chien/complements_alimentaires_chien_huile_liquide/9980007066
4000158970848,https://www.zooplus.fr/shop/chiens/boites_sachets_barquettes_chien/reddy_boites_chien/729090
5430001795585,https://www.zooplus.fr/shop/chiens/friandises_chien/friandises_sans_cereales_chien/9980005512
4060629154474,https://www.zooplus.fr/shop/chiens/boites_sachets_barquettes_chien/adulte/9980069054
3336024823507,https://www.zooplus.fr/shop/chiens/friandises_chien/petites_friandises/9980053787
8410650604749,https://www.zooplus.fr/shop/chiens/croquettes_chien/croquettes_chien_trainer_natural_nova_foods/2387182
4260488281162,https://www.zooplus.fr/shop/chiens/friandises_chien/friandises_sans_cereales_chien/9980062246
5425039486192,https://www.zooplus.fr/shop/chiens/croquettes_chien/edgard_cooper/senior/1599918
3561963630354,https://www.zooplus.fr/shop/chiens/croquettes_chien/virbac_vet_hpm/chiot/617343
4008239584076,https://www.zooplus.fr/shop/chiens/friandises_chien/friandises_chien_bandes/vitakraft/1835809
4047459006821,https://www.zooplus.fr/shop/chiens/boites_sachets_barquettes_chien/adulte/9980066558
8410650172620,https://www.zooplus.fr/shop/chiens/croquettes_chien/affinity_advance/lots_economiques/396532
4011905026169,https://www.zooplus.fr/shop/chiens/friandises_chien/friandises_batonnet_chien/batonnets_peau/647116
4260345753368,https://www.zooplus.fr/shop/chiens/boites_sachets_barquettes_chien/248542/2313932
4260488282695,https://www.zooplus.fr/shop/chiens/friandises_chien/friandises_sans_cereales_chien/9980062326
3760080530626,https://www.zooplus.fr/shop/chiens/croquettes_chien/nutrivet/9980063951
052742047256,https://www.zooplus.fr/shop/chiens/croquettes_chien/croquettes_chien_hills_prescription_diet/croquettes_obesite_surpoids_hills_chien/159819
8020245712751,https://www.zooplus.fr/shop/chiens/boites_sachets_barquettes_chien/forza10_boites_chien/boites_forza10_maintenance_chien/2218484
4062911050747,https://www.zooplus.fr/shop/chiens/croquettes_chien/lukullus_croquettes_chiens/mono_proteine/2054613
8430336091830,https://www.zooplus.fr/shop/chiens/complements_alimentaires_chien/complements_alimentaires_chien_comprimes/complements_alimentaires_chien_os_articulations/1381624
4260488284231,https://www.zooplus.fr/shop/chiens/friandises_chien/autruche/9980062242
4008239586049,https://www.zooplus.fr/shop/chiens/friandises_chien/friandises_chien_volaille/friandises_chien_volaille_autre/429703
8005852161048,https://www.zooplus.fr/shop/chiens/croquettes_chien/schesir/1991186
4017721864138,https://www.zooplus.fr/shop/chiens/boites_sachets_barquettes_chien/integra_boites_chien/integra_protect_boites_chien/96692
8595237034031,https://www.zooplus.fr/shop/chiens/croquettes_chien/fitmin/1991506
8002754101189,https://www.zooplus.fr/shop/chiens/croquettes_chien/adulte/9980002554
8410650596693,https://www.zooplus.fr/shop/chiens/croquettes_chien/natures_variety/original_no_grain/1077716
4260109621339,https://www.zooplus.fr/shop/chiens/boites_sachets_barquettes_chien/terra_canis_boites_chien/complements/317992
8683769641824,https://www.zooplus.fr/shop/chiens/friandises_chien/9980051041
4260488283807,https://www.zooplus.fr/shop/chiens/friandises_chien/friandises_sans_cereales_chien/9980062210
4011905312873,https://www.zooplus.fr/shop/chiens/friandises_chien/friandises_batonnet_chien/batonnets_vegetariens/2129109
5701170111231,https://www.zooplus.fr/shop/chiens/croquettes_chien/adulte/9980006695
8595602530175,https://www.zooplus.fr/shop/chiens/croquettes_chien/brit/brit_premium/1991657
4032254787846,https://www.zooplus.fr/shop/chiens/croquettes_chien/josera_croquettes_chien/chien_junior_chiot/2406360
8005852613707,https://www.zooplus.fr/shop/chiens/croquettes_chien_races/races_moyennes/9980065676
0052742042275,https://www.zooplus.fr/shop/chiens/croquettes_chien_races/races_moyennes/9980013378
3701730400562,https://www.zooplus.fr/shop/chiens/complements_alimentaires_chien/hypoallergenique/9980014753
3760404050700,https://www.zooplus.fr/shop/chiens/complements_alimentaires_chien/complements_alimentaires_chien_huile_liquide/9980182302
15065013712366,https://www.zooplus.fr/shop/chiens/friandises_chien/friandises_comprimes_chien/friandises_diverses_chien/2187469
0064992571122,https://www.zooplus.fr/shop/chiens/croquettes_chien/9980002820
5060184240703,https://www.zooplus.fr/shop/chiens/croquettes_chien/lilys_kitchen/2040424
3182550803113,https://www.zooplus.fr/shop/chiens/croquettes_chien/royal_canin_size_croquettes_chien/royal_canin_size_maxi_croquettes_chien/345866
4062911066885,https://www.zooplus.fr/shop/chiens/croquettes_chien/lukullus_croquettes_chiens/adulte/2051910
8410650627038,https://www.zooplus.fr/shop/chiens/boites_sachets_barquettes_chien/boites_chien_trainer_fitness_nova_foods/trainer_natural/1991428
5027314496416,https://www.zooplus.fr/shop/chiens/complements_alimentaires_chien/complements_alimentaires_chien_huile_liquide/9980063850
8595237016051,https://www.zooplus.fr/shop/chiens/croquettes_chien/fitmin/1746860
3428170006573,https://www.zooplus.fr/shop/chiens/complements_alimentaires_chien/complements_alimentaires_chien_huile_liquide/9980001486
3182550716918,https://www.zooplus.fr/shop/chiens/croquettes_chien/royal_canin_care_nutrition/light_weight_care/15471
8683769637889,https://www.zooplus.fr/shop/chiens/complements_alimentaires_chien/complements_alimentaires_chien_huile_liquide/9980049862
4000158970510,https://www.zooplus.fr/shop/chiens/boites_sachets_barquettes_chien/reddy_boites_chien/438443
8410650168104,https://www.zooplus.fr/shop/chiens/croquettes_chien/affinity_advance_veterinary_diets/reins_voies_urinaires/390654
4260488282930,https://www.zooplus.fr/shop/chiens/friandises_chien/friandises_sans_cereales_chien/9980062192
4048422110781,https://www.zooplus.fr/shop/chiens/friandises_chien/friandises_os_chien/9980052397
4017721829106,https://www.zooplus.fr/shop/chiens/friandises_chien/friandises_comprimes_chien/friandises_diverses_chien/857717
3561963630385,https://www.zooplus.fr/shop/chiens/croquettes_chien/virbac_vet_hpm/chiot/617346
6154531883855,https://www.zooplus.fr/shop/chiens/friandises_chien/9980061278
5425039486031,https://www.zooplus.fr/shop/chiens/croquettes_chien/edgard_cooper/adulte/1599634
3665549206633,https://www.zooplus.fr/shop/chiens/friandises_chien/friandises_chien_bandes/9980062468
8710429019713,https://www.zooplus.fr/shop/chiens/boites_sachets_barquettes_chien/smolke/2369695
5701170340365,https://www.zooplus.fr/shop/chiens/complements_alimentaires_chien/complements_alimentaires_chien_huile_liquide/9980007902
8424160025376,https://www.zooplus.fr/shop/chiens/complements_alimentaires_chien/complements_alimentaires_chien_huile_liquide/9980000169
4260697461683,https://www.zooplus.fr/shop/chiens/friandises_chien/petites_friandises/9980061289
3336024823125,https://www.zooplus.fr/shop/chiens/friandises_chien/friandises_chien_boeuf/9980003167
5425039486178,https://www.zooplus.fr/shop/chiens/croquettes_chien/edgard_cooper/senior/2579729
52742015828,https://www.zooplus.fr/shop/chiens/croquettes_chien/hills_science_plan_croquettes_chien/hills_science_plan_senior_croquettes_chien/633572
4062911066922,https://www.zooplus.fr/shop/chiens/croquettes_chien/lukullus_croquettes_chiens/chiot/2054516
8436586310219,https://www.zooplus.fr/shop/chiens/croquettes_chien/alpha_spirit/semi_humides/555689
4251276200182,https://www.zooplus.fr/shop/chiens/friandises_chien/friandises_chien_bandes/dokas/1533251
3336024821923,https://www.zooplus.fr/shop/chiens/friandises_chien/friandises_chien_volaille/9980064661
3182550813082,https://www.zooplus.fr/shop/chiens/croquettes_chien/royal_canin_breed_croquettes_chien/carlin_croquettes_royal_canin/353051
4250078907817,https://www.zooplus.fr/shop/chiens/friandises_chien/petites_friandises/9980015103
0064992540111,https://www.zooplus.fr/shop/chiens/croquettes_chien/9980066131
8413037372040,https://www.zooplus.fr/shop/chiens/croquettes_chien_races/races_moyennes/9980182315
4060629097542,https://www.zooplus.fr/shop/chiens/friandises_chien/chiens_ages/9980012213
4062911006720,https://www.zooplus.fr/shop/chiens/croquettes_chien/greenwoods/lots_economiques/932435
3605874408982,https://www.zooplus.fr/shop/chiens/complements_alimentaires_chien/complements_alimentaires_chien_huile_liquide/9980006809
5902921305545,https://www.zooplus.fr/shop/chiens/croquettes_chien/rafi/1991351
4250078971214,https://www.zooplus.fr/shop/chiens/friandises_chien/petites_friandises/9980014617
8410650220635,https://www.zooplus.fr/shop/chiens/croquettes_chien/ultima_croquettes_chien/croquettes/1300120
4032326021786,https://www.zooplus.fr/shop/chiens/complements_alimentaires_chien/complements_alimentaires_chien_poudre_farine/chien_poudre_farine_croissance_performance/2166369
3700062705055,https://www.zooplus.fr/shop/chiens/friandises_chien/biscuit_gateau_sec_friandises_chien/9980003000
5400585345346,https://www.zooplus.fr/shop/chiens/friandises_chien/friandises_chien_volaille/9980065915
7613034996312,https://www.zooplus.fr/shop/chiens/croquettes_chien/croquettes_chien_purina_veterinary_diets/problemes_hepatiques/1455317
4260677550956,https://www.zooplus.fr/shop/chiens/complements_alimentaires_chien/complements_alimentaires_chien_huile_liquide/9980050425
7613287869562,https://www.zooplus.fr/shop/chiens/croquettes_chien/beneful_croquettes_chien/1746373
8445291756601,https://www.zooplus.fr/shop/chiens/croquettes_chien/purina_pro_plan_croquettes_chien/adult_optibalance/2556552
3182550894265,https://www.zooplus.fr/shop/chiens/croquettes_chien/royal_canin_care_nutrition/dental_care/962690
7311030433335,https://www.zooplus.fr/shop/chiens/croquettes_chien/bozita_robur_croquettes_chien/bozita_robur_croquettes_chiot/2308415
4040056002869,https://www.zooplus.fr/shop/chiens/complements_alimentaires_chien/ossature_articulations_chien/1991220
4260488283142,https://www.zooplus.fr/shop/chiens/friandises_chien/friandises_sans_cereales_chien/9980062266
4260165192514,https://www.zooplus.fr/shop/chiens/boites_sachets_barquettes_chien/granatapet_boites_chien/790489
8710255206394,https://www.zooplus.fr/shop/chiens/boites_sachets_barquettes_chien/eukanuba_boites_chien/2421436
3664499000612,https://www.zooplus.fr/shop/chiens/complements_alimentaires_chien/complements_alimentaires_chien_huile_liquide/9980058104
4017721824477,https://www.zooplus.fr/shop/chiens/boites_sachets_barquettes_chien/animonda_boites_chien/gran_carno_sensitive/1921448
3182550743945,https://www.zooplus.fr/shop/chiens/croquettes_chien/royal_canin_breed_croquettes_chien/boxer_croquettes_royal_canin/207062
3760401051298,https://www.zooplus.fr/shop/chiens/friandises_chien/9980013041
8410650597874,https://www.zooplus.fr/shop/chiens/croquettes_chien/natures_variety/original_no_grain/1077710
6430032290522,https://www.zooplus.fr/shop/chiens/complements_alimentaires_chien/complements_alimentaires_chien_huile_liquide/9980066669
3182550940108,https://www.zooplus.fr/shop/chiens/croquettes_chien/royal_canin_veterinary_diet/allergies_intolerance_alimentaires_chien/358528
7311030413320,https://www.zooplus.fr/shop/chiens/croquettes_chien/bozita_croquettes_chien/bozita_croquettes_chien_adulte/654210
9120063680788,https://www.zooplus.fr/shop/chiens/boites_sachets_barquettes_chien/dogs_love/1851853
8595237034048,https://www.zooplus.fr/shop/chiens/croquettes_chien/fitmin/1991505
8716793900091,https://www.zooplus.fr/shop/chiens/friandises_chien/friandises_chien_bandes/autres_bandes_macher/700699
8595602508839,https://www.zooplus.fr/shop/chiens/croquettes_chien/carnilove/9980009666
4062911050853,https://www.zooplus.fr/shop/chiens/friandises_chien/briantos_fitbites/meat_rolls_strips/2104360
8710255202228,https://www.zooplus.fr/shop/chiens/croquettes_chien/eukanuba_croquettes_chien/eukanubapremiumnutrition/2384709
3182551063622,https://www.zooplus.fr/shop/chiens/friandises_chien/friandises_chien_royal_canin/royal_canin_supplements/2227728
3182550940306,https://www.zooplus.fr/shop/chiens/croquettes_chien/royal_canin_veterinary_diet/allergies_intolerance_alimentaires_chien/2557123
4027245096229,https://www.zooplus.fr/shop/chiens/friandises_chien/friandises_comprimes_chien/friandises_diverses_chien/2120381
52742402109,https://www.zooplus.fr/shop/chiens/croquettes_chien/croquettes_chien_hills_prescription_diet/plaque_dentaire/594488
8010276041074,https://www.zooplus.fr/shop/chiens/croquettes_chien/adulte/9980066577
3336024823538,https://www.zooplus.fr/shop/chiens/friandises_chien/petites_friandises/9980057677
5900469570371,https://www.zooplus.fr/shop/chiens/croquettes_chien/tropidog/1991390
8595237015993,https://www.zooplus.fr/shop/chiens/croquettes_chien/fitmin/1746863
8021680756515,https://www.zooplus.fr/shop/chiens/complements_alimentaires_chien/complements_alimentaires_chien_huile_liquide/9980048642
4260488280288,https://www.zooplus.fr/shop/chiens/friandises_chien/friandises_sans_cereales_chien/9980062204
8425402750117,https://www.zooplus.fr/shop/chiens/friandises_chien/bois_corne_sabot/9980010521
9003579000731,https://www.zooplus.fr/shop/chiens/boites_sachets_barquettes_chien/royal_canin_boites_chien/9980052244
3760401050901,https://www.zooplus.fr/shop/chiens/friandises_chien/9980013028
4062911035560,https://www.zooplus.fr/shop/chiens/boites_sachets_barquettes_chien/lukullus_boites_chiens/boites_chiot_lukullus_junior/1889537
3336024823149,https://www.zooplus.fr/shop/chiens/friandises_chien/friandises_chien_boeuf/9980003835
4017721865388,https://www.zooplus.fr/shop/chiens/boites_sachets_barquettes_chien/integra_boites_chien/integra_protect_boites_chien/595365
4017721864008,https://www.zooplus.fr/shop/chiens/boites_sachets_barquettes_chien/integra_boites_chien/integra_protect_boites_chien/595366
4260488281278,https://www.zooplus.fr/shop/chiens/friandises_chien/friandises_sans_cereales_chien/9980062289
4062911018181,https://www.zooplus.fr/shop/chiens/croquettes_chien/concept_for_life_dogs/medium/559615
4260488281476,https://www.zooplus.fr/shop/chiens/croquettes_chien/adulte/9980062329
8002754002363,https://www.zooplus.fr/shop/chiens/croquettes_chien/adulte/9980012314
3760368528154,https://www.zooplus.fr/shop/chiens/friandises_chien/chiens_ages/9980011310
4260488282602,https://www.zooplus.fr/shop/chiens/friandises_chien/friandises_sans_cereales_chien/9980062355
5430001795592,https://www.zooplus.fr/shop/chiens/friandises_chien/friandises_sans_cereales_chien/9980005515
4047459008283,https://www.zooplus.fr/shop/chiens/boites_sachets_barquettes_chien/adulte/9980066585
7613036120432,https://www.zooplus.fr/shop/chiens/croquettes_chien/purina_one_croquettes_chien/9980008528
8009470011136,https://www.zooplus.fr/shop/chiens/croquettes_chien/monge/1991222
4017721765343,https://www.zooplus.fr/shop/chiens/boites_sachets_barquettes_chien/animonda_boites_chien/9980008392
3411113123536,https://www.zooplus.fr/shop/chiens/complements_alimentaires_chien/complements_alimentaires_chien_huile_liquide/9980056516
8683769632648,https://www.zooplus.fr/shop/chiens/complements_alimentaires_chien/complements_alimentaires_chien_huile_liquide/9980049764
8259223297458,https://www.zooplus.fr/shop/chiens/complements_alimentaires_chien/complements_alimentaires_chien_huile_liquide/9980073183
9120063680016,https://www.zooplus.fr/shop/chiens/boites_sachets_barquettes_chien/dogs_love/1991236
8710255200200,https://www.zooplus.fr/shop/chiens/croquettes_chien/iams_croquettes_chien/besoins_specifiques/2281522
0052742021324,https://www.zooplus.fr/shop/chiens/croquettes_chien_races/races_moyennes/9980065597
3760022740755,https://www.zooplus.fr/shop/chiens/complements_alimentaires_chien/complements_alimentaires_chien_huile_liquide/9980065640
4260677550079,https://www.zooplus.fr/shop/chiens/complements_alimentaires_chien/complements_alimentaires_chien_huile_liquide/9980050432
3760368525412,https://www.zooplus.fr/shop/chiens/friandises_chien/bois_corne_sabot/9980048723
3182550878517,https://www.zooplus.fr/shop/chiens/croquettes_chien/royal_canin_veterinary_diet/obesite_surpoids_royal_canin_veterinary_diet_chien/696331
4260488281759,https://www.zooplus.fr/shop/chiens/friandises_chien/friandises_sans_cereales_chien/9980062292
3700525917353,https://www.zooplus.fr/shop/chiens/complements_alimentaires_chien/pelage_peau_chien/9980000728
3760401051199,https://www.zooplus.fr/shop/chiens/friandises_chien/9980012948
9003579119150,https://www.zooplus.fr/shop/chiens/boites_sachets_barquettes_chien/adulte/9980063319
8020245713192,https://www.zooplus.fr/shop/chiens/croquettes_chien/forza10_croquettes_chien/forza10_diet_croquettes_chien/1991523
7350118550076,https://www.zooplus.fr/shop/chiens/croquettes_chien/adulte/9980066572
4016598065372,https://www.zooplus.fr/shop/chiens/friandises_chien/karlie_friandises/2368674
3770033314043,https://www.zooplus.fr/shop/chiens/complements_alimentaires_chien/hygiene_dentaire_chien/9980015375
3700525912235,https://www.zooplus.fr/shop/chiens/complements_alimentaires_chien/complements_alimentaires_chien_huile_liquide/9980000745
8710255121192,https://www.zooplus.fr/shop/chiens/croquettes_chien/adulte/9980006725
4260488282466,https://www.zooplus.fr/shop/chiens/friandises_chien/friandises_sans_cereales_chien/9980062254
0052742181103,https://www.zooplus.fr/shop/chiens/croquettes_chien_races/races_moyennes/9980052278
8001154124361,https://www.zooplus.fr/shop/chiens/boites_sachets_barquettes_chien/petit_chien/9980064655
4008239340474,https://www.zooplus.fr/shop/chiens/friandises_chien/friandises_comprimes_chien/friandises_drop_chien_vitakraft/1018389
8015579034655,https://www.zooplus.fr/shop/chiens/croquettes_chien/prolife/1991642
3760401052493,https://www.zooplus.fr/shop/chiens/friandises_chien/9980013051
8010276031297,https://www.zooplus.fr/shop/chiens/croquettes_chien/adulte/9980066268
4032254786597,https://www.zooplus.fr/shop/chiens/croquettes_chien/josera_croquettes_chien/chien_junior_chiot/2459724
3770015318519,https://www.zooplus.fr/shop/chiens/croquettes_chien/adulte/9980002549
8436586310813,https://www.zooplus.fr/shop/chiens/croquettes_chien/primal/1746547
7640154286900,https://www.zooplus.fr/shop/chiens/friandises_chien/friandises_delibest/autres_friandises/2228514
96543214,https://www.zooplus.fr/shop/chiens/complements_alimentaires_chien/complements_alimentaires_chien_huile_liquide/9980063854
8716793903108,https://www.zooplus.fr/shop/chiens/friandises_chien/friandises_comprimes_chien/friandises_diverses_chien/1070772
3561963600173,https://www.zooplus.fr/shop/chiens/croquettes_chien/virbac_vet_hpm/9980010479
5060184246187,https://www.zooplus.fr/shop/chiens/boites_sachets_barquettes_chien/lilys_kitchen/2009655
4037901105998,https://www.zooplus.fr/shop/chiens/friandises_chien/friandises_batonnet_chien/batonnets_enrobes/113986
5011941414158,https://www.zooplus.fr/shop/chiens/croquettes_chien/butchers/1910204
3605874428461,https://www.zooplus.fr/shop/chiens/complements_alimentaires_chien/complements_alimentaires_chien_huile_liquide/9980006805
4260697462154,https://www.zooplus.fr/shop/chiens/croquettes_chien/adulte/9980064459
8595602557424,https://www.zooplus.fr/shop/chiens/boites_sachets_barquettes_chien/brit/1991487
8010276039316,https://www.zooplus.fr/shop/chiens/croquettes_chien/adulte/9980066694
4048422117261,https://www.zooplus.fr/shop/chiens/friandises_chien/friandises_os_chien/soin_dentaire/184117
0064992512200,https://www.zooplus.fr/shop/chiens/croquettes_chien/9980002811
5902811741200,https://www.zooplus.fr/shop/chiens/boites_sachets_barquettes_chien/4vets/1991541
7613035214811,https://www.zooplus.fr/shop/chiens/croquettes_chien/purina_pro_plan_croquettes_chien/sensitive_digestion_optidigest/617260
4251800600457,https://www.zooplus.fr/shop/chiens/friandises_chien/lyophilisees/9980010446
5060708562175,https://www.zooplus.fr/shop/chiens/boites_sachets_barquettes_chien/encore/1925393
4251276203459,https://www.zooplus.fr/shop/chiens/friandises_chien/friandises_chien_gibier/elan_lapin/729087
4011905680194,https://www.zooplus.fr/shop/chiens/friandises_chien/friandises_chien_trixie/2555358
4062911035249,https://www.zooplus.fr/shop/chiens/friandises_chien/friandises_chien_lukullus/lukullus_veggie_snacks/1903212
3336024828991,https://www.zooplus.fr/shop/chiens/friandises_chien/friandises_chien_poisson/9980005596
4260488284071,https://www.zooplus.fr/shop/chiens/friandises_chien/bois_corne_sabot/9980175862
4260488284569,https://www.zooplus.fr/shop/chiens/friandises_chien/friandises_sans_cereales_chien/9980062306
3561963630361,https://www.zooplus.fr/shop/chiens/croquettes_chien/virbac_vet_hpm/senior/617419
8594062086543,https://www.zooplus.fr/shop/chiens/croquettes_chien/calibra/1746880
052742025209,https://www.zooplus.fr/shop/chiens/croquettes_chien/hills_science_plan_croquettes_chien/perfect_weight/461108
4062911071490,https://www.zooplus.fr/shop/chiens/friandises_chien/briantos_fitbites/2610031
3700545300401,https://www.zooplus.fr/shop/chiens/complements_alimentaires_chien/complements_alimentaires_chien_huile_liquide/9980006742
4260165192415,https://www.zooplus.fr/shop/chiens/croquettes_chien/granatapet_croquettes_chien/lot_economique_croquettes_granatapet/683848
6430032290577,https://www.zooplus.fr/shop/chiens/complements_alimentaires_chien/ossature_articulations_chien/9980066680
4062911066984,https://www.zooplus.fr/shop/chiens/croquettes_chien/lukullus_croquettes_chiens/adulte/2051908
8436020787003,https://www.zooplus.fr/shop/chiens/complements_alimentaires_chien/hygiene_dentaire_chien/1746446
3760080530916,https://www.zooplus.fr/shop/chiens/complements_alimentaires_chien/complements_alimentaires_chien_huile_liquide/9980048744
8021680755310,https://www.zooplus.fr/shop/chiens/friandises_chien/lyophilisees/9980048718
4062911059030,https://www.zooplus.fr/shop/chiens/boites_sachets_barquettes_chien/boites_rosies_farm/rosiesfarm_senior/2236166
4015598024112,https://www.zooplus.fr/shop/chiens/croquettes_chien/bosch_croquettes_chien/my_friend/1998643
4250078905165,https://www.zooplus.fr/shop/chiens/friandises_chien/chiens_ages/9980015286
8595602543724,https://www.zooplus.fr/shop/chiens/friandises_chien/brit/1746582
3336024823330,https://www.zooplus.fr/shop/chiens/friandises_chien/9980003847
4000158920324,https://www.zooplus.fr/shop/chiens/boites_sachets_barquettes_chien/rinti_boites_chien/rinti_boites_patee_sensible_chien/58758
4032254789888,https://www.zooplus.fr/shop/chiens/croquettes_chien/green_petfood/2363815
4250078961901,https://www.zooplus.fr/shop/chiens/friandises_chien/petites_friandises/9980015098
4000158913531,https://www.zooplus.fr/shop/chiens/friandises_chien/friandises_chien_bandes/bande_a_macher_rinti/572559
4260748893111,https://www.zooplus.fr/shop/chiens/boites_sachets_barquettes_chien/petit_chien/9980180090
52742000626,https://www.zooplus.fr/shop/chiens/croquettes_chien_races/races_moyennes/9980010552
5400585146844,https://www.zooplus.fr/shop/chiens/friandises_chien/friandises_chien_volaille/9980003842
4260697462383,https://www.zooplus.fr/shop/chiens/croquettes_chien/croquettes/9980063655
4260488284309,https://www.zooplus.fr/shop/chiens/friandises_chien/friandises_sans_cereales_chien/9980062206
4015598018449,https://www.zooplus.fr/shop/chiens/croquettes_chien/bosch_croquettes_chien/bosch_adulte_croquettes_chien/2296168
9120063686278,https://www.zooplus.fr/shop/chiens/boites_sachets_barquettes_chien/pure_nature/1991181
3760401052820,https://www.zooplus.fr/shop/chiens/friandises_chien/9980013054
4016598064276,https://www.zooplus.fr/shop/chiens/friandises_chien/friandises_chien_bandes/autres_bandes_macher/2129551
8424160026618,https://www.zooplus.fr/shop/chiens/boites_sachets_barquettes_chien/adulte/9980000180
3760401053490,https://www.zooplus.fr/shop/chiens/croquettes_chien/adulte/9980013023
4008239288080,https://www.zooplus.fr/shop/chiens/friandises_chien/friandises_comprimes_chien/friandises_drop_chien_vitakraft/556207
5012113001213,https://www.zooplus.fr/shop/chiens/croquettes_chien/adulte/9980000710
4260488282305,https://www.zooplus.fr/shop/chiens/croquettes_chien/adulte/9980062364
8595237035403,https://www.zooplus.fr/shop/chiens/croquettes_chien/fitmin/1746838
8710255202129,https://www.zooplus.fr/shop/chiens/croquettes_chien/eukanuba_croquettes_chien/eukanubapremiumnutrition/2384873
8032766455246,https://www.zooplus.fr/shop/chiens/complements_alimentaires_chien/complements_alimentaires_chien_huile_liquide/9980054273
4000158916709,https://www.zooplus.fr/shop/chiens/friandises_chien/friandises_os_chien/os_balle_macher_chien/1280034
8594062089261,https://www.zooplus.fr/shop/chiens/croquettes_chien/calibra_veterinary_diet/1909703
8002754002325,https://www.zooplus.fr/shop/chiens/croquettes_chien/adulte/9980002595
3760401050925,https://www.zooplus.fr/shop/chiens/friandises_chien/friandises_chien_volaille/9980012979
4062911005914,https://www.zooplus.fr/shop/chiens/friandises_chien/friandises_comprimes_chien/friandises_greenwoods_chien/982880
5060184240697,https://www.zooplus.fr/shop/chiens/croquettes_chien/lilys_kitchen/2012047
8410650604770,https://www.zooplus.fr/shop/chiens/croquettes_chien/croquettes_chien_trainer_natural_nova_foods/2387201
6430069588791,https://www.zooplus.fr/shop/chiens/croquettes_chien/primadog/2206950
5012113001343,https://www.zooplus.fr/shop/chiens/croquettes_chien/adulte/9980002152
0064992181710,https://www.zooplus.fr/shop/chiens/croquettes_chien/adulte/9980002091
4060629154108,https://www.zooplus.fr/shop/chiens/boites_sachets_barquettes_chien/adulte/9980069071
8001154124279,https://www.zooplus.fr/shop/chiens/boites_sachets_barquettes_chien/almo_nature_boites_chien/almo_nature_classic/575409
8032766991843,https://www.zooplus.fr/shop/chiens/friandises_chien/friandises_batonnet_chien/9980049332
5391475003678,https://www.zooplus.fr/shop/chiens/complements_alimentaires_chien/complements_alimentaires_chien_comprimes/2130992
5410340603758,https://www.zooplus.fr/shop/chiens/complements_alimentaires_chien/ossature_articulations_chien/farine_poudre_ossature_articulations_chien/627724
9120100971459,https://www.zooplus.fr/shop/chiens/croquettes_chien/adulte/9980015316
4260488285139,https://www.zooplus.fr/shop/chiens/friandises_chien/friandises_sans_cereales_chien/9980062207
4260488280974,https://www.zooplus.fr/shop/chiens/friandises_chien/friandises_sans_cereales_chien/9980062363
3336024828892,https://www.zooplus.fr/shop/chiens/friandises_chien/friandises_chien_volaille/9980005588
4260512873158,https://www.zooplus.fr/shop/chiens/boites_sachets_barquettes_chien/mjamjam/9980010485
3760443010307,https://www.zooplus.fr/shop/chiens/alimentation_barf/9980178520
8710255129754,https://www.zooplus.fr/shop/chiens/croquettes_chien/eukanuba_veterinary_diets/eukanuba_vet_croquettes_articulations/678775
3182550761840,https://www.zooplus.fr/shop/chiens/croquettes_chien/adulte/9980006791
5902921305538,https://www.zooplus.fr/shop/chiens/croquettes_chien/rafi/1991633
8009722000802,https://www.zooplus.fr/shop/chiens/complements_alimentaires_chien/complements_alimentaires_chien_huile_liquide/9980006660
4060629152586,https://www.zooplus.fr/shop/chiens/boites_sachets_barquettes_chien/adulte/9980069055
3770026453063,https://www.zooplus.fr/shop/chiens/complements_alimentaires_chien/complements_alimentaires_chien_huile_liquide/9980013410
8413037377984,https://www.zooplus.fr/shop/chiens/croquettes_chien/optimova_croquettes_chien/chien_adulte/453859
8595602527298,https://www.zooplus.fr/shop/chiens/friandises_chien/petites_friandises/9980064691
52742024868,https://www.zooplus.fr/shop/chiens/croquettes_chien/hills_science_plan_croquettes_chien/hills_science_plan_senior_croquettes_chien/937516
4000158911285,https://www.zooplus.fr/shop/chiens/croquettes_chien/rinti_canine/max_i_mum/1746053
4260488285085,https://www.zooplus.fr/shop/chiens/friandises_chien/friandises_sans_cereales_chien/9980062280
4032314030349,https://www.zooplus.fr/shop/chiens/croquettes_chien/luposan_croquettes_chien/lupo_sensitiv/302947
4027941362253,https://www.zooplus.fr/shop/chiens/friandises_chien/heim/1994652
9003579029695,https://www.zooplus.fr/shop/chiens/boites_sachets_barquettes_chien/royal_canin_boites_chien/mini/2070321
4062911064638,https://www.zooplus.fr/shop/chiens/croquettes_chien/concept_for_life_dogs/medium/559619
8020245713598,https://www.zooplus.fr/shop/chiens/croquettes_chien/forza10_croquettes_chien/forza10_maintenance_croquettes_chien/2233160
0816551001348,https://www.zooplus.fr/shop/chiens/croquettes_chien/adulte/9980066550
3760302730032,https://www.zooplus.fr/shop/chiens/complements_alimentaires_chien/complements_alimentaires_chien_huile_liquide/9980013887
4027245903602,https://www.zooplus.fr/shop/chiens/croquettes_chien/macs_croquettes_chien/1991469
7640154285323,https://www.zooplus.fr/shop/chiens/friandises_chien/friandises_delibest/autres_friandises/2223588
3065890135215,https://www.zooplus.fr/shop/chiens/boites_sachets_barquettes_chien/cesar_boites_chiens/9980008474
4260650920585,https://www.zooplus.fr/shop/chiens/pathologies_canines/anti_stress/9980001252
3760302730087,https://www.zooplus.fr/shop/chiens/complements_alimentaires_chien/complements_alimentaires_chien_huile_liquide/9980057806
4260488285290,https://www.zooplus.fr/shop/chiens/croquettes_chien/adulte/9980062288
4260488283760,https://www.zooplus.fr/shop/chiens/friandises_chien/friandises_sans_cereales_chien/9980062193
4260488280172,https://www.zooplus.fr/shop/chiens/friandises_chien/friandises_sans_cereales_chien/9980062226
0052742021386,https://www.zooplus.fr/shop/chiens/croquettes_chien_races/races_moyennes/9980057985
5430003885574,https://www.zooplus.fr/shop/chiens/complements_alimentaires_chien/complements_alimentaires_chien_huile_liquide/9980061007
3666639133105,https://www.zooplus.fr/shop/chiens/friandises_chien/bois_corne_sabot/9980069120
7350112972317,https://www.zooplus.fr/shop/chiens/boites_sachets_barquettes_chien/adulte/9980066616
9421016594115,https://www.zooplus.fr/shop/chiens/croquettes_chien/riche_en_viande/9980066667
4001967166101,https://www.zooplus.fr/shop/chiens/croquettes_chien/happy_dog_medium_croquettes_chien/happy_dog_medium_croquettes_chien/2105175
4066736010580,https://www.zooplus.fr/shop/chiens/boites_sachets_barquettes_chien/terra_canis_boites_chien/2537898
4008429093944,https://www.zooplus.fr/shop/chiens/croquettes_chien/perfect_fit/865809
4032254786429,https://www.zooplus.fr/shop/chiens/croquettes_chien/josera_croquettes_chien/chien_adulte/2391820
3760185060684,https://www.zooplus.fr/shop/chiens/croquettes_chien/adulte/9980002568
8437013127530,https://www.zooplus.fr/shop/chiens/croquettes_chien/natura_diet/1746888
5400585189698,https://www.zooplus.fr/shop/chiens/friandises_chien/friandises_chien_boeuf/9980005603
3336024823514,https://www.zooplus.fr/shop/chiens/friandises_chien/petites_friandises/9980053784
4260488281766,https://www.zooplus.fr/shop/chiens/friandises_chien/friandises_sans_cereales_chien/9980062229
5998749171004,https://www.zooplus.fr/shop/chiens/croquettes_chien/croquettes_chien_pedigree/croquettes_chien_pedigree_adulte/520942
3760401053186,https://www.zooplus.fr/shop/chiens/friandises_chien/friandises_chien_boeuf/9980013040
4250078956105,https://www.zooplus.fr/shop/chiens/friandises_chien/petites_friandises/9980015284
8424160024720,https://www.zooplus.fr/shop/chiens/croquettes_chien/adulte/9980000149
8011391681114,https://www.zooplus.fr/shop/chiens/friandises_chien/friandises_os_chien/9980062816
8721551680757,https://www.zooplus.fr/shop/chiens/friandises_chien/bois_corne_sabot/9980080953
4062911049161,https://www.zooplus.fr/shop/chiens/boites_sachets_barquettes_chien/lukullus_boites_chiens/sachets_fraicheur_chien_lukullus/1994902
4011905318592,https://www.zooplus.fr/shop/chiens/friandises_chien/friandises_chien_bandes/autres_bandes_macher/2128089
4260488282749,https://www.zooplus.fr/shop/chiens/friandises_chien/autruche/9980062276
4066736010627,https://www.zooplus.fr/shop/chiens/boites_sachets_barquettes_chien/terra_canis_boites_chien/boites_chien_terra_canis_lots_econmiques/2509057
5400585281743,https://www.zooplus.fr/shop/chiens/friandises_chien/friandises_chien_boeuf/9980015116
8002754003124,https://www.zooplus.fr/shop/chiens/croquettes_chien/adulte/9980173877
5400585259025,https://www.zooplus.fr/shop/chiens/friandises_chien/friandises_chien_volaille/9980005305
52742059730,https://www.zooplus.fr/shop/chiens/boites_sachets_barquettes_chien/boites_chien_hills_prescription_diet/obesite_surpoids/1578312
3770033314036,https://www.zooplus.fr/shop/chiens/complements_alimentaires_chien/pelage_peau_chien/9980015378
3182550867726,https://www.zooplus.fr/shop/chiens/croquettes_chien/royal_canin_breed_croquettes_chien/2461617
4251276205828,https://www.zooplus.fr/shop/chiens/friandises_chien/friandises_chien_dokas/autres_friandises/2344289
3760240681670,https://www.zooplus.fr/shop/chiens/friandises_chien/friandises_chien_volaille/9980005511
4260361038227,https://www.zooplus.fr/shop/chiens/friandises_chien/chiens_ages/9980012257
8002754003070,https://www.zooplus.fr/shop/chiens/croquettes_chien/adulte/9980173779
3770026453087,https://www.zooplus.fr/shop/chiens/complements_alimentaires_chien/ossature_articulations_chien/9980013409
7392552005026,https://www.zooplus.fr/shop/chiens/croquettes_chien/carrier/1991544
4062911009783,https://www.zooplus.fr/shop/chiens/croquettes_chien/briantos/sans_cereales/1078733
3336024828908,https://www.zooplus.fr/shop/chiens/friandises_chien/friandises_chien_volaille/9980005637
3701730400739,https://www.zooplus.fr/shop/chiens/friandises_chien/lyophilisees/9980062420
4008239413604,https://www.zooplus.fr/shop/chiens/friandises_chien/friandises_chien_bandes/vitakraft/787645
52742067285,https://www.zooplus.fr/shop/chiens/boites_sachets_barquettes_chien/hills_science_plan_boites_chien/lots_eco/456150
5414970060738,https://www.zooplus.fr/shop/chiens/croquettes_chien/arion/1991636
74198613359,https://www.zooplus.fr/shop/chiens/croquettes_chien_races/races_moyennes/9980065654
3182551101690,https://www.zooplus.fr/shop/chiens/croquettes_chien/royal_canin_veterinary_diet/2559338
4027671011704,https://www.zooplus.fr/shop/chiens/complements_alimentaires_chien/pelage_peau_chien/pelage_peau_complement_liquide__huile_chien/35716
8425402687482,https://www.zooplus.fr/shop/chiens/croquettes_chien/natural_woodland/2122983
7613035156234,https://www.zooplus.fr/shop/chiens/croquettes_chien/croquettes_chien_purina_veterinary_diets/reins_voies_urinaires_chien_croquettes_purina/233277
4047459010040,https://www.zooplus.fr/shop/chiens/boites_sachets_barquettes_chien/nourriture_humide/9980066718
4260488281773,https://www.zooplus.fr/shop/chiens/friandises_chien/friandises_sans_cereales_chien/9980062220
4002633525130,https://www.zooplus.fr/shop/chiens/complements_alimentaires_chien/pelage_peau_chien/9980048747
3605874645752,https://www.zooplus.fr/shop/chiens/complements_alimentaires_chien/complements_alimentaires_chien_huile_liquide/9980054659
8020245714038,https://www.zooplus.fr/shop/chiens/croquettes_chien/forza10_croquettes_chien/active_line/2138700
8445290970619,https://www.zooplus.fr/shop/chiens/boites_sachets_barquettes_chien/purina_one/2235041
3770000461688,https://www.zooplus.fr/shop/chiens/friandises_chien/9980052400
3760404050007,https://www.zooplus.fr/shop/chiens/croquettes_chien/adulte/9980013798
4060629156492,https://www.zooplus.fr/shop/chiens/friandises_chien/petites_friandises/9980073912
8413037331801,https://www.zooplus.fr/shop/chiens/croquettes_chien_races/races_moyennes/9980065883
8010276035592,https://www.zooplus.fr/shop/chiens/croquettes_chien/croquettes/9980066296
5012113001145,https://www.zooplus.fr/shop/chiens/croquettes_chien/sans_sucres/9980000718
3770015318021,https://www.zooplus.fr/shop/chiens/boites_sachets_barquettes_chien/petit_chien/9980002741
8683769641909,https://www.zooplus.fr/shop/chiens/complements_alimentaires_chien/complements_alimentaires_chien_huile_liquide/9980050719
4062911011076,https://www.zooplus.fr/shop/chiens/croquettes_chien/rocco_croquettes/mealtime/1229078
9003579009413,https://www.zooplus.fr/shop/chiens/boites_sachets_barquettes_chien/royal_canin_care_nutrition/2154753
4260488282633,https://www.zooplus.fr/shop/chiens/friandises_chien/friandises_sans_cereales_chien/9980062365
3182550793735,https://www.zooplus.fr/shop/chiens/croquettes_chien/royal_canin_size_croquettes_chien/royal_canin_size_x_small_croquettes_chien/262309
9120100970452,https://www.zooplus.fr/shop/chiens/croquettes_chien/sans_gluten_chien/9980002832
42470168,https://www.zooplus.fr/shop/chiens/friandises_chien/pate_creme/2125366
2001031000012,https://www.zooplus.fr/shop/chiens/croquettes_chien/adulte/9980180060
8010276038791,https://www.zooplus.fr/shop/chiens/croquettes_chien/croquettes/9980066391
8059149252698,https://www.zooplus.fr/shop/chiens/croquettes_chien/croquettes_chien_trainer_natural_nova_foods/croquettes_petit_chien_trainer_natural_nova_foods/1991107
4260677550628,https://www.zooplus.fr/shop/chiens/complements_alimentaires_chien/complements_alimentaires_chien_huile_liquide/9980050414
8435117885387,https://www.zooplus.fr/shop/chiens/friandises_chien/biscuit_gateau_sec_friandises_chien/9980008039
9120063684946,https://www.zooplus.fr/shop/chiens/croquettes_chien/dogs_love/1853071
3760368525887,https://www.zooplus.fr/shop/chiens/friandises_chien/petites_friandises/9980052202
3760151730269,https://www.zooplus.fr/shop/chiens/complements_alimentaires_chien/complements_alimentaires_chien_huile_liquide/9980006942
5060184246804,https://www.zooplus.fr/shop/chiens/friandises_chien/friandises_batonnet_chien/batonnets_soins_dentaires/2008360
3760401050796,https://www.zooplus.fr/shop/chiens/friandises_chien/9980013036
5060978811898,https://www.zooplus.fr/shop/chiens/complements_alimentaires_chien/ossature_articulations_chien/9980003024
5425039486000,https://www.zooplus.fr/shop/chiens/croquettes_chien/edgard_cooper/9980002551
8425402687444,https://www.zooplus.fr/shop/chiens/croquettes_chien/natural_woodland/2123042
8020245712379,https://www.zooplus.fr/shop/chiens/boites_sachets_barquettes_chien/forza10_boites_chien/2212705
4027245905125,https://www.zooplus.fr/shop/chiens/croquettes_chien/macs_croquettes_chien/2141992
3597133083101,https://www.zooplus.fr/shop/chiens/friandises_chien/friandises_batonnet_chien/9980013815
7613287516534,https://www.zooplus.fr/shop/chiens/croquettes_chien/purina_one_croquettes_chien/medium_maxi/1332934
3336024829547,https://www.zooplus.fr/shop/chiens/friandises_chien/petites_friandises/9980063483
074198613311,https://www.zooplus.fr/shop/chiens/croquettes_chien/croquettes_chien_taste_of_the_wild/croquettes_taste_of_the_wild_chien/550435
5701170112016,https://www.zooplus.fr/shop/chiens/croquettes_chien/adulte/9980007038
3182550893916,https://www.zooplus.fr/shop/chiens/croquettes_chien/royal_canin_care_nutrition/dermacomfort/199214
3605874408999,https://www.zooplus.fr/shop/chiens/complements_alimentaires_chien/complements_alimentaires_chien_huile_liquide/9980006966
8683769644108,https://www.zooplus.fr/shop/chiens/complements_alimentaires_chien/complements_alimentaires_chien_huile_liquide/9980050580
5900469570876,https://www.zooplus.fr/shop/chiens/croquettes_chien/tropidog/1991450
4260361031600,https://www.zooplus.fr/shop/chiens/friandises_chien/chiens_ages/9980012271
5425039486222,https://www.zooplus.fr/shop/chiens/croquettes_chien/edgard_cooper/chiot/2579564
5012113001121,https://www.zooplus.fr/shop/chiens/croquettes_chien/adulte/9980002153
5430002585529,https://www.zooplus.fr/shop/chiens/croquettes_chien/adulte/9980005522
6430062469400,https://www.zooplus.fr/shop/chiens/croquettes_chien/primadog/2206904
8410136024184,https://www.zooplus.fr/shop/chiens/boites_sachets_barquettes_chien/cesar_boites_chiens/sachets/1333746
8010276033642,https://www.zooplus.fr/shop/chiens/croquettes_chien/farmina/grainfree/1991552
4008239158444,https://www.zooplus.fr/shop/chiens/friandises_chien/friandises_batonnet_chien/batonnets_soins_dentaires/429701
8410650541587,https://www.zooplus.fr/shop/chiens/complements_alimentaires_chien/ossature_articulations_chien/607880
9120063682737,https://www.zooplus.fr/shop/chiens/boites_sachets_barquettes_chien/dogs_love/1851650
3700525924443,https://www.zooplus.fr/shop/chiens/complements_alimentaires_chien/complements_alimentaires_chien_huile_liquide/9980000729
5060318130115,https://www.zooplus.fr/shop/chiens/croquettes_chien/simpsons_premium/puppy/365393
5907489324007,https://www.zooplus.fr/shop/chiens/friandises_chien/friandises_batonnet_chien/autres_batonnets_viande/1991274
8718444639176,https://www.zooplus.fr/shop/chiens/friandises_chien/friandises_batonnet_chien/batonnets_enrobes/1344427
4260358519883,https://www.zooplus.fr/shop/chiens/boites_sachets_barquettes_chien/rocco_boites_chien/diet_care/752923
8595602562480,https://www.zooplus.fr/shop/chiens/complements_alimentaires_chien/complements_alimentaires_chien_comprimes/complements_alimentaires_chien_os_articulations/1991655
052742665801,https://www.zooplus.fr/shop/chiens/croquettes_chien/croquettes_chien_hills_prescription_diet/diabete_croquettes_boites_chien_hills/183035
9375777109067,https://www.zooplus.fr/shop/chiens/boites_sachets_barquettes_chien/adulte/9980055719
5902921383956,https://www.zooplus.fr/shop/chiens/boites_sachets_barquettes_chien/rafi/2272925
5998749145050,https://www.zooplus.fr/shop/chiens/croquettes_chien/croquettes_chien_pedigree/croquettes_chien_pedigree_adulte/2240235
4260488286235,https://www.zooplus.fr/shop/chiens/friandises_chien/friandises_sans_cereales_chien/9980062248
4000158913661,https://www.zooplus.fr/shop/chiens/friandises_chien/friandises_chien_bandes/bande_a_macher_rinti/227363
3760270500194,https://www.zooplus.fr/shop/chiens/complements_alimentaires_chien/complements_alimentaires_chien_huile_liquide/9980006945
8001154121162,https://www.zooplus.fr/shop/chiens/boites_sachets_barquettes_chien/petit_chien/9980002559
8710255121345,https://www.zooplus.fr/shop/chiens/croquettes_chien/eukanuba_special_breed_croquettes_chien/eukanuba_special_care_croquettes_chien/2624588
8410650271262,https://www.zooplus.fr/shop/chiens/croquettes_chien/adulte/9980052201
4062911054981,https://www.zooplus.fr/shop/chiens/croquettes_chien/wolf_of_wilderness/wolf_of_wildreness_junior_croquettes/2178730
4260650920509,https://www.zooplus.fr/shop/chiens/friandises_chien/friandises_comprimes_chien/2467822
4047459008184,https://www.zooplus.fr/shop/chiens/boites_sachets_barquettes_chien/adulte/9980066588
4048422189510,https://www.zooplus.fr/shop/chiens/friandises_chien/friandise_chien_8in1delights/2320205
4250078907039,https://www.zooplus.fr/shop/chiens/friandises_chien/lyophilisees/9980015291
3700971800612,https://www.zooplus.fr/shop/chiens/friandises_chien/petites_friandises/9980066904
5400585345582,https://www.zooplus.fr/shop/chiens/friandises_chien/friandiseflamingo/2392726
5060978811911,https://www.zooplus.fr/shop/chiens/complements_alimentaires_chien/pelage_peau_chien/9980003041
4062911017986,https://www.zooplus.fr/shop/chiens/croquettes_chien/rocco_croquettes/diet_care/1886623
52742067377,https://www.zooplus.fr/shop/chiens/boites_sachets_barquettes_chien/hills_science_plan_boites_chien/boites_hillsscienceplan/1983404
3760337663282,https://www.zooplus.fr/shop/chiens/croquettes_chien/adulte/9980014148
8410650278070,https://www.zooplus.fr/shop/chiens/boites_sachets_barquettes_chien/natures_variety/1112625
9003579013526,https://www.zooplus.fr/shop/chiens/boites_sachets_barquettes_chien/royal_canin_veterinary_diet/problemes_renaux_urinaires/565914
4027671011490,https://www.zooplus.fr/shop/chiens/complements_alimentaires_chien/ossature_articulations_chien/farine_poudre_ossature_articulations_chien/35707
8710255206349,https://www.zooplus.fr/shop/chiens/boites_sachets_barquettes_chien/eukanuba_boites_chien/2404701
5902921306214,https://www.zooplus.fr/shop/chiens/friandises_chien/friandises_comprimes_chien/friandises_diverses_chien/2129186
3561963630323,https://www.zooplus.fr/shop/chiens/croquettes_chien/virbac_vet_hpm/chiot/760034
8015699006594,https://www.zooplus.fr/shop/chiens/croquettes_chien/croquettes_chien_trainer_natural_nova_foods/croquettes_petit_chien_trainer_natural_nova_foods/1991221
8010276032003,https://www.zooplus.fr/shop/chiens/croquettes_chien/adulte/9980066615
7613035163126,https://www.zooplus.fr/shop/chiens/croquettes_chien/croquettes_chien_purina_veterinary_diets/troubles_intestinaux_chien_purina_veterinary/233187
8005852126153,https://www.zooplus.fr/shop/chiens/friandises_chien/friandises_batonnet_chien/9980057143
0064992542115,https://www.zooplus.fr/shop/chiens/croquettes_chien/9980002815
4037901128720,https://www.zooplus.fr/shop/chiens/friandises_chien/biscuit_gateau_sec_friandises_chien/biscuits_divers/1455151
0052742803708,https://www.zooplus.fr/shop/chiens/croquettes_chien_races/races_moyennes/9980051682
4001967186888,https://www.zooplus.fr/shop/chiens/friandises_chien/friandise_chien_happy_dog/friandise_chien_happy_dog_naturcroq/2236086
3700062705031,https://www.zooplus.fr/shop/chiens/friandises_chien/biscuit_gateau_sec_friandises_chien/9980062625
3700525902502,https://www.zooplus.fr/shop/chiens/complements_alimentaires_chien/complements_alimentaires_chien_huile_liquide/9980001004
64992181123,https://www.zooplus.fr/shop/chiens/croquettes_chien/riche_en_viande/9980002083
4062911043879,https://www.zooplus.fr/shop/chiens/croquettes_chien/briantos/mini/527887
4033766701573,https://www.zooplus.fr/shop/chiens/friandises_chien/lyophilisees/9980008201
4260697460747,https://www.zooplus.fr/shop/chiens/friandises_chien/friandises_os_chien/9980063496
5060122491785,https://www.zooplus.fr/shop/chiens/croquettes_chien/applaws/naturelles/354867
3182550751148,https://www.zooplus.fr/shop/chiens/croquettes_chien/adulte/9980006963
5430003885598,https://www.zooplus.fr/shop/chiens/complements_alimentaires_chien/hypoallergenique/9980064485
4066736009270,https://www.zooplus.fr/shop/chiens/boites_sachets_barquettes_chien/terra_canis_boites_chien/terra_canis_menu/2144968
8001154122411,https://www.zooplus.fr/shop/chiens/boites_sachets_barquettes_chien/almo_nature_boites_chien/almonature_bioorganic/577073
8424160025369,https://www.zooplus.fr/shop/chiens/complements_alimentaires_chien/complements_alimentaires_chien_huile_liquide/9980000170
4066736010740,https://www.zooplus.fr/shop/chiens/boites_sachets_barquettes_chien/terra_canis_boites_chien/1991108
8414042003851,https://www.zooplus.fr/shop/chiens/complements_alimentaires_chien/complements_alimentaires_chien_huile_liquide/9980006700
8437002535117,https://www.zooplus.fr/shop/chiens/croquettes_chien/natura_diet/1746462
5400585371499,https://www.zooplus.fr/shop/chiens/friandises_chien/friandises_chien_volaille/9980064725
4062911053281,https://www.zooplus.fr/shop/chiens/croquettes_chien/croquettes_chien_purizon/purizon_adult/2113154
4008429092336,https://www.zooplus.fr/shop/chiens/croquettes_chien/perfect_fit/624928
4027671020324,https://www.zooplus.fr/shop/chiens/complements_alimentaires_chien/chien_croissance_performance/poudre_croissance_performance_chien/965953
0052742281803,https://www.zooplus.fr/shop/chiens/croquettes_chien_races/races_moyennes/9980013810
3760401051502,https://www.zooplus.fr/shop/chiens/friandises_chien/friandises_chien_boeuf/9980012941
4251276206214,https://www.zooplus.fr/shop/chiens/friandises_chien/friandises_chien_dokas/autres_friandises/2344436
3760054070905,https://www.zooplus.fr/shop/chiens/complements_alimentaires_chien/complements_alimentaires_chien_huile_liquide/9980066152
4260496590102,https://www.zooplus.fr/shop/chiens/complements_alimentaires_chien/pelage_peau_chien/9980001235
3760401052851,https://www.zooplus.fr/shop/chiens/croquettes_chien/adulte/9980048722
4260730710778,https://www.zooplus.fr/shop/chiens/complements_alimentaires_chien/vitamines_chien/poudre_flocons_vitamines_chien/1746081
4251276204920,https://www.zooplus.fr/shop/chiens/friandises_chien/friandises_batonnet_chien/batonnets_enrobes/1201832
4260677550802,https://www.zooplus.fr/shop/chiens/complements_alimentaires_chien/complements_alimentaires_chien_huile_liquide/9980050392
5425039486024,https://www.zooplus.fr/shop/chiens/croquettes_chien/edgard_cooper/adulte/2589871
4260488281179,https://www.zooplus.fr/shop/chiens/friandises_chien/friandises_sans_cereales_chien/9980062228
3700454507328,https://www.zooplus.fr/shop/chiens/complements_alimentaires_chien/complements_alimentaires_chien_huile_liquide/1347404
5905342292364,https://www.zooplus.fr/shop/chiens/croquettes_chien/pan_miesko/1930963
4015598021876,https://www.zooplus.fr/shop/chiens/friandises_chien/friandises_comprimes_chien/friandises_drop_snack_chien_bosch/1222773
8010276042309,https://www.zooplus.fr/shop/chiens/croquettes_chien/adulte/9980066338
4260488286105,https://www.zooplus.fr/shop/chiens/friandises_chien/friandises_sans_cereales_chien/9980062328
3770026798003,https://www.zooplus.fr/shop/chiens/friandises_chien/petites_friandises/9980002757
3182550771153,https://www.zooplus.fr/shop/chiens/croquettes_chien/adulte/9980007095
4008429001451,https://www.zooplus.fr/shop/chiens/friandises_chien/biscuit_gateau_sec_friandises_chien/biscuits_chien_pedigree/436517
3760235630232,https://www.zooplus.fr/shop/chiens/complements_alimentaires_chien/complements_alimentaires_chien_huile_liquide/9980013870
4260606718075,https://www.zooplus.fr/shop/chiens/complements_alimentaires_chien/estomac_intestin_chien/estomac_intestin_poudre_flocons_chien/1991566
4260488282664,https://www.zooplus.fr/shop/chiens/friandises_chien/bois_corne_sabot/9980175763
052742047553,https://www.zooplus.fr/shop/chiens/croquettes_chien/croquettes_chien_hills_prescription_diet/troubles_intestinaux_chien_hills/159667
4270001670359,https://www.zooplus.fr/shop/chiens/croquettes_chien/adulte/9980000779
3760368525443,https://www.zooplus.fr/shop/chiens/friandises_chien/petites_friandises/9980067423
8595706701259,https://www.zooplus.fr/shop/chiens/croquettes_chien/calibra/1907744
8020997011072,https://www.zooplus.fr/shop/chiens/croquettes_chien/adulte/9980010514
8020245713574,https://www.zooplus.fr/shop/chiens/croquettes_chien/forza10_croquettes_chien/forza10_maintenance_croquettes_chien/1897098
8713447024134,https://www.zooplus.fr/shop/chiens/croquettes_chien/croquettes_chien_fokker/1746453
4260578753951,https://www.zooplus.fr/shop/chiens/friandises_chien/friandises_chien_favoris/2182296
4047459008269,https://www.zooplus.fr/shop/chiens/boites_sachets_barquettes_chien/adulte/9980066584
3700469698240,https://www.zooplus.fr/shop/chiens/friandises_chien/friandises_batonnet_chien/9980002980
074198612413,https://www.zooplus.fr/shop/chiens/croquettes_chien/croquettes_chien_taste_of_the_wild/chiot/409291
4048422110842,https://www.zooplus.fr/shop/chiens/friandises_chien/friandises_os_chien/9980054637
4000158922113,https://www.zooplus.fr/shop/chiens/complements_alimentaires_chien/complements_alimentaires_chien_huile_liquide/1130209
3283021754313,https://www.zooplus.fr/shop/chiens/complements_alimentaires_chien/complements_alimentaires_chien_huile_liquide/9980011209
4260488284590,https://www.zooplus.fr/shop/chiens/friandises_chien/friandises_sans_cereales_chien/9980062296
8714265000423,https://www.zooplus.fr/shop/chiens/croquettes_chien/yarrah_croquettes_chien/yarrah_croquettes_bio_chien/2097253
5407007149247,https://www.zooplus.fr/shop/chiens/croquettes_chien/edgard_cooper/9980002593
5902921394884,https://www.zooplus.fr/shop/chiens/croquettes_chien/dolina_noteci/1991292
4062911035300,https://www.zooplus.fr/shop/chiens/croquettes_chien/lukullus_croquettes_chiens/adulte/1866126
3770000461671,https://www.zooplus.fr/shop/chiens/friandises_chien/friandises_os_chien/9980052266
3760443280113,https://www.zooplus.fr/shop/chiens/complements_alimentaires_chien/pelage_peau_chien/9980066002
4260488283685,https://www.zooplus.fr/shop/chiens/friandises_chien/bois_corne_sabot/9980175769
8718444638087,https://www.zooplus.fr/shop/chiens/complements_alimentaires_chien/complements_alimentaires_chien_huile_liquide/complements_alimentaires_chien_huile_peau_pelage/1691615
3336024821947,https://www.zooplus.fr/shop/chiens/friandises_chien/petites_friandises/9980064669
8001154121902,https://www.zooplus.fr/shop/chiens/croquettes_chien/adulte/9980008418
8413037332051,https://www.zooplus.fr/shop/chiens/croquettes_chien_races/races_moyennes/9980065918
3182550722544,https://www.zooplus.fr/shop/chiens/croquettes_chien/royal_canin_breed_croquettes_chien/chihuahua_croquettes_royal_canin/207067
8683769633331,https://www.zooplus.fr/shop/chiens/friandises_chien/friandises_chien_bandes/9980049657
5391475000233,https://www.zooplus.fr/shop/chiens/complements_alimentaires_chien/pelage_peau_chien/9980012639
3666639116078,https://www.zooplus.fr/shop/chiens/friandises_chien/bois_corne_sabot/9980065090
8410650150185,https://www.zooplus.fr/shop/chiens/croquettes_chien/adulte/9980006946
4260697461454,https://www.zooplus.fr/shop/chiens/croquettes_chien/croquettes/9980063656
4250078907046,https://www.zooplus.fr/shop/chiens/friandises_chien/lyophilisees/9980015097
8710255168838,https://www.zooplus.fr/shop/chiens/croquettes_chien/eukanuba_croquettes_chien/eukanubapremiumnutrition/2384911
8435117890367,https://www.zooplus.fr/shop/chiens/croquettes_chien/arquivet/2228299
3760401051335,https://www.zooplus.fr/shop/chiens/friandises_chien/friandises_chien_volaille/9980013049
8683769641886,https://www.zooplus.fr/shop/chiens/complements_alimentaires_chien/complements_alimentaires_chien_huile_liquide/9980050857
4062911036710,https://www.zooplus.fr/shop/chiens/friandises_chien/friandises_chien_gibier/elan_lapin/600439
4027245003425,https://www.zooplus.fr/shop/chiens/boites_sachets_barquettes_chien/macs_boites_chien/2023277
3701730400494,https://www.zooplus.fr/shop/chiens/friandises_chien/9980053339
3760401050697,https://www.zooplus.fr/shop/chiens/friandises_chien/friandises_chien_poisson/9980013050
4062911020085,https://www.zooplus.fr/shop/chiens/croquettes_chien/wolf_of_wilderness/wolf_of_wilddreness_adulte_croquettes/1367491
3182550799775,https://www.zooplus.fr/shop/chiens/croquettes_chien/royal_canin_breed_croquettes_chien/carlin_croquettes_royal_canin/207068
3182550892759,https://www.zooplus.fr/shop/chiens/croquettes_chien/royal_canin_breed_croquettes_chien/berger_allemand_croquettes_royal_canin/15835
9120063684892,https://www.zooplus.fr/shop/chiens/croquettes_chien/dogs_love/1853072
4262365731470,https://www.zooplus.fr/shop/chiens/friandises_chien/bois_corne_sabot/9980066628
3182550711036,https://www.zooplus.fr/shop/chiens/croquettes_chien/adulte/9980006980
52742041797,https://www.zooplus.fr/shop/chiens/croquettes_chien/croquettes_chien_hills_prescription_diet/problemes_hepatiques/631130
8010276036520,https://www.zooplus.fr/shop/chiens/croquettes_chien/adulte/9980066216
8009470011235,https://www.zooplus.fr/shop/chiens/croquettes_chien/monge/1991290
4000158911704,https://www.zooplus.fr/shop/chiens/croquettes_chien/rinti_canine/max_i_mum/1333875
8001154122114,https://www.zooplus.fr/shop/chiens/croquettes_chien/adulte/9980002575
4008429092350,https://www.zooplus.fr/shop/chiens/croquettes_chien/perfect_fit/624930
8009470011150,https://www.zooplus.fr/shop/chiens/croquettes_chien/monge/1991470
4060629097696,https://www.zooplus.fr/shop/chiens/friandises_chien/chiens_ages/9980012284
4260379441569,https://www.zooplus.fr/shop/chiens/boites_sachets_barquettes_chien/adulte/9980008094
4048422146001,https://www.zooplus.fr/shop/chiens/friandises_chien/friandises_chien_volaille/friandises_lyophilisees_volaille/753928
7350033852255,https://www.zooplus.fr/shop/chiens/croquettes_chien/magnussons/1934519
8595602545957,https://www.zooplus.fr/shop/chiens/croquettes_chien/carnilove/9980009668
5060708564049,https://www.zooplus.fr/shop/chiens/boites_sachets_barquettes_chien/encore/2545278
8683769630286,https://www.zooplus.fr/shop/chiens/friandises_chien/lyophilisees/9980049506
5701170110517,https://www.zooplus.fr/shop/chiens/croquettes_chien/senior/9980006858
9421038210123,https://www.zooplus.fr/shop/chiens/croquettes_chien/ziwi_peak/2202408
4028691518969,https://www.zooplus.fr/shop/chiens/complements_alimentaires_chien/ossature_articulations_chien/ossature_articulations_comprimes_chien/895291
5998749146248,https://www.zooplus.fr/shop/chiens/friandises_chien/friandises_chien_frolic/2237299
8413037335441,https://www.zooplus.fr/shop/chiens/croquettes_chien_races/races_moyennes/9980065944
8002754002318,https://www.zooplus.fr/shop/chiens/croquettes_chien/adulte/9980002581
19014148370,https://www.zooplus.fr/shop/chiens/croquettes_chien/9980008412
7311030447370,https://www.zooplus.fr/shop/chiens/croquettes_chien/bozita_robur_croquettes_chien/bozita_robur_croquettes_chien_adulte/2312038
3182550842648,https://www.zooplus.fr/shop/chiens/croquettes_chien/royal_canin_veterinary_diet/reins_voies_urinaires_chien_croquettes_royal_canin/966012
8445290977212,https://www.zooplus.fr/shop/chiens/croquettes_chien/friskies/2105578
7392552005002,https://www.zooplus.fr/shop/chiens/croquettes_chien/carrier/1991356
8683769638749,https://www.zooplus.fr/shop/chiens/complements_alimentaires_chien/complements_alimentaires_chien_huile_liquide/9980050844
5391475002145,https://www.zooplus.fr/shop/chiens/complements_alimentaires_chien/ossature_articulations_chien/9980012649
8009722000888,https://www.zooplus.fr/shop/chiens/complements_alimentaires_chien/complements_alimentaires_chien_huile_liquide/9980007053
4011905026824,https://www.zooplus.fr/shop/chiens/friandises_chien/friandises_chien_trixie/autres_friandises/15931
3760022741318,https://www.zooplus.fr/shop/chiens/complements_alimentaires_chien/complements_alimentaires_chien_huile_liquide/9980065843
8020245100916,https://www.zooplus.fr/shop/chiens/croquettes_chien/forza10_croquettes_chien/active_line/1991643
4260578753913,https://www.zooplus.fr/shop/chiens/friandises_chien/friandises_chien_bandes/snacks/2182364
8594062086628,https://www.zooplus.fr/shop/chiens/croquettes_chien/calibra/1747051
8721551680733,https://www.zooplus.fr/shop/chiens/friandises_chien/bois_corne_sabot/9980080959
52742021324,https://www.zooplus.fr/shop/chiens/boites_sachets_barquettes_chien/boites_chien_hills_prescription_diet/problemes_renaux_urinaires/754054
4016739436177,https://www.zooplus.fr/shop/chiens/friandises_chien/friandises_soin_dentaire_chien/friandise_chien_soin_dentaire_hunter/50954
4062911047907,https://www.zooplus.fr/shop/chiens/friandises_chien/wolf_of_wilderness/training/1965026
8436586310257,https://www.zooplus.fr/shop/chiens/croquettes_chien/alpha_spirit/the_only_one/617996
8606014105780,https://www.zooplus.fr/shop/chiens/boites_sachets_barquettes_chien/chiot/9980066302
3701730400531,https://www.zooplus.fr/shop/chiens/friandises_chien/petites_friandises/9980053794
4062911000353,https://www.zooplus.fr/shop/chiens/croquettes_chien/rocco_croquettes/offres_d_essai/797454
5998274311180,https://www.zooplus.fr/shop/chiens/croquettes_chien/julius_k9/1996185
8010276042286,https://www.zooplus.fr/shop/chiens/croquettes_chien/croquettes_small_mini_breed/9980066334
3336024821893,https://www.zooplus.fr/shop/chiens/friandises_chien/petites_friandises/9980064664
4032326000019,https://www.zooplus.fr/shop/chiens/croquettes_chien/markus_muehle_croquettes_chien/croquettes_chien_markus_muehle/44312
4062911061170,https://www.zooplus.fr/shop/chiens/croquettes_chien/croquettes_chien_purizon/2490632
4011905919911,https://www.zooplus.fr/shop/chiens/friandises_chien/petites_friandises/9980003830
4027245009182,https://www.zooplus.fr/shop/chiens/boites_sachets_barquettes_chien/macs_boites_chien/2149167
3700525907149,https://www.zooplus.fr/shop/chiens/complements_alimentaires_chien/complements_alimentaires_chien_huile_liquide/9980001013
5414365326036,https://www.zooplus.fr/shop/chiens/friandises_chien/friandises_batonnet_chien/9980008357
3700469697663,https://www.zooplus.fr/shop/chiens/friandises_chien/bois_corne_sabot/9980000200
3660176500185,https://www.zooplus.fr/shop/chiens/complements_alimentaires_chien/complements_alimentaires_chien_huile_liquide/9980006673
4260488284811,https://www.zooplus.fr/shop/chiens/friandises_chien/friandises_sans_cereales_chien/9980062219
8005852126511,https://www.zooplus.fr/shop/chiens/friandises_chien/friandises_batonnet_chien/9980056510
4016598064368,https://www.zooplus.fr/shop/chiens/friandises_chien/friandises_chien_bandes/autres_bandes_macher/2128887
5430002585239,https://www.zooplus.fr/shop/chiens/friandises_chien/friandises_chien_volaille/9980005508
3760401051427,https://www.zooplus.fr/shop/chiens/friandises_chien/friandises_chien_boeuf/9980013010
9003579115039,https://www.zooplus.fr/shop/chiens/boites_sachets_barquettes_chien/royal_canin_boites_chien/9980013785
5430003157343,https://www.zooplus.fr/shop/chiens/complements_alimentaires_chien/ossature_articulations_chien/9980001129
4062911059498,https://www.zooplus.fr/shop/chiens/croquettes_chien/rocco_croquettes/a_decouvrir/2402819
7613035123540,https://www.zooplus.fr/shop/chiens/croquettes_chien/purina_pro_plan_croquettes_chien/senior_optiage/185225
3182550925204,https://www.zooplus.fr/shop/chiens/croquettes_chien/royal_canin_veterinary_diet/sterilisation_castration/864532
4260488284545,https://www.zooplus.fr/shop/chiens/friandises_chien/autruche/9980062323
3336024826737,https://www.zooplus.fr/shop/chiens/friandises_chien/friandises_chien_boeuf/9980003481
4011905277516,https://www.zooplus.fr/shop/chiens/friandises_chien/bois_corne_sabot/2129525
4260488284118,https://www.zooplus.fr/shop/chiens/friandises_chien/friandises_sans_cereales_chien/9980062194
3182550760324,https://www.zooplus.fr/shop/chiens/croquettes_chien/adulte/9980013881
8020245712935,https://www.zooplus.fr/shop/chiens/boites_sachets_barquettes_chien/forza10_boites_chien/1991375
3700454550416,https://www.zooplus.fr/shop/chiens/complements_alimentaires_chien/complements_alimentaires_chien_huile_liquide/9980013835
4032326012753,https://www.zooplus.fr/shop/chiens/complements_alimentaires_chien/hygiene_dentaire_chien/1991273
0052742044170,https://www.zooplus.fr/shop/chiens/croquettes_chien_races/races_moyennes/9980013820
4260650920486,https://www.zooplus.fr/shop/chiens/friandises_chien/friandises_comprimes_chien/2467739
8595237035434,https://www.zooplus.fr/shop/chiens/croquettes_chien/fitmin/1746844
4260488281377,https://www.zooplus.fr/shop/chiens/friandises_chien/friandises_sans_cereales_chien/9980062205
3701451021671,https://www.zooplus.fr/shop/chiens/friandises_chien/petites_friandises/9980005541
8011259002716,https://www.zooplus.fr/shop/chiens/croquettes_chien/exclusion_croquettes_chien/555686
4000158914194,https://www.zooplus.fr/shop/chiens/friandises_chien/friandises_comprimes_chien/rinti/972174
3760240681236,https://www.zooplus.fr/shop/chiens/croquettes_chien/adulte/9980005518
3760302730223,https://www.zooplus.fr/shop/chiens/complements_alimentaires_chien/complements_alimentaires_chien_huile_liquide/9980062159
4000158914439,https://www.zooplus.fr/shop/chiens/friandises_chien/friandises_comprimes_chien/rinti/659248
5060084770607,https://www.zooplus.fr/shop/chiens/croquettes_chien/burns_chien/chien_sensible/195854
4017721824439,https://www.zooplus.fr/shop/chiens/boites_sachets_barquettes_chien/animonda_boites_chien/grancarno_superfoods/1033290
4062911056572,https://www.zooplus.fr/shop/chiens/friandises_chien/briantos_fitbites/meat_rolls_strips/2205162
8015579039711,https://www.zooplus.fr/shop/chiens/boites_sachets_barquettes_chien/prolife/1991392
4040056011632,https://www.zooplus.fr/shop/chiens/complements_alimentaires_chien/complements_alimentaires_chien_huile_liquide/9980010452
4260101763365,https://www.zooplus.fr/shop/chiens/friandises_chien/bois_corne_sabot/9980008524
3700543085379,https://www.zooplus.fr/shop/chiens/complements_alimentaires_chien/complements_alimentaires_chien_huile_liquide/9980002610
4000158970404,https://www.zooplus.fr/shop/chiens/boites_sachets_barquettes_chien/reddy_boites_chien/1179976
8032766455222,https://www.zooplus.fr/shop/chiens/complements_alimentaires_chien/complements_alimentaires_chien_huile_liquide/9980054089
4260488280066,https://www.zooplus.fr/shop/chiens/friandises_chien/friandises_sans_cereales_chien/9980062314
4000158911841,https://www.zooplus.fr/shop/chiens/croquettes_chien/rinti_canine/max_i_mum/1991233
8413037372057,https://www.zooplus.fr/shop/chiens/croquettes_chien_races/races_moyennes/9980065920
3605874565494,https://www.zooplus.fr/shop/chiens/complements_alimentaires_chien/ossature_articulations_chien/ossature_articulations_comprimes_chien/660711
4260650920776,https://www.zooplus.fr/shop/chiens/complements_alimentaires_chien/hygiene_dentaire_chien/9980001255
7613036731942,https://www.zooplus.fr/shop/chiens/croquettes_chien/adulte/9980068177
4250078972228,https://www.zooplus.fr/shop/chiens/friandises_chien/petites_friandises/9980012621
8413037335014,https://www.zooplus.fr/shop/chiens/croquettes_chien_races/races_moyennes/9980065946
3182550894944,https://www.zooplus.fr/shop/chiens/croquettes_chien/royal_canin_care_nutrition/relax_care/2145932
3760404050199,https://www.zooplus.fr/shop/chiens/croquettes_chien/adulte/9980006747
3597133084993,https://www.zooplus.fr/shop/chiens/complements_alimentaires_chien/complements_alimentaires_chien_huile_liquide/9980010436
4260488280257,https://www.zooplus.fr/shop/chiens/friandises_chien/friandises_sans_cereales_chien/9980062198
031658803873,https://www.zooplus.fr/shop/chiens/complements_alimentaires_chien/pelage_peau_chien/pelage_peau_comprimes_chien/2126249
3182550719797,https://www.zooplus.fr/shop/chiens/croquettes_chien/royal_canin_breed_croquettes_chien/bulldog_croquettes_royal_canin/161214
5900951315329,https://www.zooplus.fr/shop/chiens/croquettes_chien/croquettes_chien_frolic/complete/436509
8052286610321,https://www.zooplus.fr/shop/chiens/friandises_chien/bois_corne_sabot/9980001003
8710429017887,https://www.zooplus.fr/shop/chiens/croquettes_chien/smolke_croquettes_chien/2298638
64992185206,https://www.zooplus.fr/shop/chiens/croquettes_chien/adulte/9980002078
4260488281940,https://www.zooplus.fr/shop/chiens/friandises_chien/friandises_sans_cereales_chien/9980062342
4260488283197,https://www.zooplus.fr/shop/chiens/friandises_chien/friandises_sans_cereales_chien/9980062331
4037901105943,https://www.zooplus.fr/shop/chiens/friandises_chien/friandises_chien_bandes/autres_bandes_macher/2114113
4016598064399,https://www.zooplus.fr/shop/chiens/friandises_chien/friandises_chien_volaille/volaille_classique/2128525
3182550839822,https://www.zooplus.fr/shop/chiens/croquettes_chien/adulte/9980007093
4260756991120,https://www.zooplus.fr/shop/chiens/friandises_chien/semi_humide/9980010395
5600276940120,https://www.zooplus.fr/shop/chiens/croquettes_chien/adulte/9980049405
3336024828557,https://www.zooplus.fr/shop/chiens/friandises_chien/friandises_chien_agneau/9980005602
5905342292784,https://www.zooplus.fr/shop/chiens/croquettes_chien/wiejska_zagroda/1926134
4037901131461,https://www.zooplus.fr/shop/chiens/friandises_chien/friandises_chien_volaille/2147302
0052742803906,https://www.zooplus.fr/shop/chiens/croquettes_chien_races/races_moyennes/9980010544
4062911059054,https://www.zooplus.fr/shop/chiens/boites_sachets_barquettes_chien/boites_rosies_farm/rosiesfarm_senior/2236245
5907783961007,https://www.zooplus.fr/shop/chiens/complements_alimentaires_chien/complements_alimentaires_chien_huile_liquide/9980001343
4062911064584,https://www.zooplus.fr/shop/chiens/croquettes_chien/concept_for_life_dogs/race/559558
4062911056763,https://www.zooplus.fr/shop/chiens/boites_sachets_barquettes_chien/rocco_boites_chien/diet_care/2152380
4041489012173,https://www.zooplus.fr/shop/chiens/complements_alimentaires_chien/complements_alimentaires_chien_poudre_farine/chien_poudre_farine_estomac_intestins/2392020
4057166060092,https://www.zooplus.fr/shop/chiens/boites_sachets_barquettes_chien/adulte/9980008009
9120063680214,https://www.zooplus.fr/shop/chiens/boites_sachets_barquettes_chien/dogs_love/1851651
8718444631590,https://www.zooplus.fr/shop/chiens/friandises_chien/friandises_comprimes_chien/friandises_diverses_chien/1691621
4062911046580,https://www.zooplus.fr/shop/chiens/croquettes_chien/rocco_croquettes/mealtime/797452
8015579035447,https://www.zooplus.fr/shop/chiens/croquettes_chien/prolife/1991464
5023308001055,https://www.zooplus.fr/shop/chiens/boites_sachets_barquettes_chien/petit_chien/9980064697
4062911052727,https://www.zooplus.fr/shop/chiens/boites_sachets_barquettes_chien/wolf_of_wilderness/boites_wolf_of_wilderness/698594
8424160024348,https://www.zooplus.fr/shop/chiens/croquettes_chien/adulte/9980000179
4260578754354,https://www.zooplus.fr/shop/chiens/friandises_chien/friandises_chien_bandes/snacks/2188704
3770012332181,https://www.zooplus.fr/shop/chiens/friandises_chien/petites_friandises/9980002055
42601096302182,https://www.zooplus.fr/shop/chiens/boites_sachets_barquettes_chien/terra_canis_boites_chien/decouvrir/965976
4260488286075,https://www.zooplus.fr/shop/chiens/friandises_chien/friandises_sans_cereales_chien/9980062359
8595602527311,https://www.zooplus.fr/shop/chiens/friandises_chien/petites_friandises/9980064690
8002754003148,https://www.zooplus.fr/shop/chiens/croquettes_chien/adulte/9980173813
3700545300517,https://www.zooplus.fr/shop/chiens/complements_alimentaires_chien/complements_alimentaires_chien_huile_liquide/9980007042
4027671010028,https://www.zooplus.fr/shop/chiens/complements_alimentaires_chien/pelage_peau_chien/pelage_peau_farine_poudre_chien/15696
4260488280202,https://www.zooplus.fr/shop/chiens/friandises_chien/friandises_sans_cereales_chien/9980062297
4000819004257,https://www.zooplus.fr/shop/chiens/friandises_chien/friandises_chien_volaille/volaille_classique/138438
4016598064047,https://www.zooplus.fr/shop/chiens/friandises_chien/friandises_chien_volaille/volaille_classique/857421
8429037003006,https://www.zooplus.fr/shop/chiens/croquettes_chien/adulte/9980001002
4062911118928,https://www.zooplus.fr/shop/chiens/friandises_chien/briantos_fitbites/1980773
4011905318479,https://www.zooplus.fr/shop/chiens/friandises_chien/petites_friandises/9980062632
8010276025234,https://www.zooplus.fr/shop/chiens/croquettes_chien/adulte/9980066331
4260756990963,https://www.zooplus.fr/shop/chiens/friandises_chien/semi_humide/9980010388
5407007142194,https://www.zooplus.fr/shop/chiens/friandises_chien/friandises_batonnet_chien/batonnets_soins_dentaires/1923963
5902921396642,https://www.zooplus.fr/shop/chiens/boites_sachets_barquettes_chien/dolina_noteci/1991324
5000166161367,https://www.zooplus.fr/shop/chiens/croquettes_chien/james_wellbeloved_croquettes_chiens/james_wellbeloved_senior_croquettes_chiens/99697
4062911056794,https://www.zooplus.fr/shop/chiens/boites_sachets_barquettes_chien/rocco_boites_chien/diet_care/2152630
4000158925039,https://www.zooplus.fr/shop/chiens/boites_sachets_barquettes_chien/rinti_boites_chien/lot_economique_rinti/1746067
8413037331726,https://www.zooplus.fr/shop/chiens/croquettes_chien_races/races_moyennes/9980065934
4062911037120,https://www.zooplus.fr/shop/chiens/boites_sachets_barquettes_chien/rocco_boites_chien/diet_care/2000786
3336024829509,https://www.zooplus.fr/shop/chiens/friandises_chien/friandises_chien_volaille/9980063490
4062911017979,https://www.zooplus.fr/shop/chiens/croquettes_chien/rocco_croquettes/lots_economiques/1889525
886284543309,https://www.zooplus.fr/shop/chiens/aliments_sans_cereales/friandises_sans_cereales_chien/2227298
5056273604747,https://www.zooplus.fr/shop/chiens/friandises_chien/futterbar_friandises/2223709
3760368528932,https://www.zooplus.fr/shop/chiens/friandises_chien/petites_friandises/9980067416
3760401050994,https://www.zooplus.fr/shop/chiens/friandises_chien/9980012958
8683769644832,https://www.zooplus.fr/shop/chiens/complements_alimentaires_chien/complements_alimentaires_chien_huile_liquide/9980050791
4000158970572,https://www.zooplus.fr/shop/chiens/boites_sachets_barquettes_chien/rinti_boites_chien/rinti_boites_chien/2200702
8711231119165,https://www.zooplus.fr/shop/chiens/complements_alimentaires_chien/pelage_peau_chien/pelage_peau_comprimes_chien/621207
4260488281155,https://www.zooplus.fr/shop/chiens/croquettes_chien/adulte/9980062357
8002754002271,https://www.zooplus.fr/shop/chiens/croquettes_chien/adulte/9980012310
4250078977155,https://www.zooplus.fr/shop/chiens/friandises_chien/petites_friandises/9980015289
8710255129082,https://www.zooplus.fr/shop/chiens/croquettes_chien/eukanuba_veterinary_diets/eukanuba_vet_croquettes_intestinal/678860
4002633509338,https://www.zooplus.fr/shop/chiens/croquettes_chien/bewi_dog/1742435
8002754002257,https://www.zooplus.fr/shop/chiens/croquettes_chien/adulte/9980012309
4260730710259,https://www.zooplus.fr/shop/chiens/complements_alimentaires_chien/vitamines_chien/poudre_flocons_vitamines_chien/1746088
4032326021830,https://www.zooplus.fr/shop/chiens/complements_alimentaires_chien/complements_alimentaires_chien_huile_liquide/complements_alimentaires_chien_huile_peau_pelage/2173689
8015262031374,https://www.zooplus.fr/shop/chiens/complements_alimentaires_chien/complements_alimentaires_chien_huile_liquide/9980013851
3182550925310,https://www.zooplus.fr/shop/chiens/croquettes_chien/royal_canin_veterinary_diet/problemes_dents_chien_royal_canin/358425
5400585182835,https://www.zooplus.fr/shop/chiens/friandises_chien/friandises_chien_agneau/9980005348
4033766701481,https://www.zooplus.fr/shop/chiens/friandises_chien/friandises_batonnet_chien/9980007969
4060629096774,https://www.zooplus.fr/shop/chiens/friandises_chien/chiens_ages/9980012274
4040056012752,https://www.zooplus.fr/shop/chiens/complements_alimentaires_chien/autres_marques/2279617
8595602530793,https://www.zooplus.fr/shop/chiens/croquettes_chien/brit/1991576
3760443010239,https://www.zooplus.fr/shop/chiens/alimentation_barf/9980065164
8410650595993,https://www.zooplus.fr/shop/chiens/croquettes_chien/natures_variety/original/1077666
8424160026489,https://www.zooplus.fr/shop/chiens/boites_sachets_barquettes_chien/adulte/9980000173
4260606714992,https://www.zooplus.fr/shop/chiens/complements_alimentaires_chien/ossature_articulations_chien/ossature_articulations_comprimes_chien/1991478
0064992183127,https://www.zooplus.fr/shop/chiens/croquettes_chien/adulte/9980002090
3700525922524,https://www.zooplus.fr/shop/chiens/complements_alimentaires_chien/complements_alimentaires_chien_huile_liquide/9980000762
8712695211006,https://www.zooplus.fr/shop/chiens/friandises_chien/friandises_chien_gibier/elan_lapin/2283273
3336024829523,https://www.zooplus.fr/shop/chiens/friandises_chien/petites_friandises/9980063484
52742025407,https://www.zooplus.fr/shop/chiens/croquettes_chien_races/races_moyennes/9980010008
8011259003225,https://www.zooplus.fr/shop/chiens/croquettes_chien/exclusion_croquettes_chien/1991112
8425402687093,https://www.zooplus.fr/shop/chiens/croquettes_chien/natural_greatness/1746476
9003579016800,https://www.zooplus.fr/shop/chiens/boites_sachets_barquettes_chien/royal_canin_veterinary_diet/problemes_renaux_urinaires/2027225
3701730400104,https://www.zooplus.fr/shop/chiens/friandises_chien/petites_friandises/9980049094
8424160024416,https://www.zooplus.fr/shop/chiens/croquettes_chien/adulte/9980000168
4260488281834,https://www.zooplus.fr/shop/chiens/croquettes_chien/adulte/9980062275
4016739444127,https://www.zooplus.fr/shop/chiens/friandises_chien/friandises_os_chien/soin_dentaire/99997
4015598021579,https://www.zooplus.fr/shop/chiens/friandises_chien/biscuit_gateau_sec_friandises_chien/biscuits_chien_bosch/1222671
4000158910301,https://www.zooplus.fr/shop/chiens/boites_sachets_barquettes_chien/rinti_boites_chien/rinti_boites_chien/1385348
4251276204296,https://www.zooplus.fr/shop/chiens/friandises_chien/friandises_comprimes_chien/friandises_dokas_chien/1971941
4260697462239,https://www.zooplus.fr/shop/chiens/croquettes_chien/adulte/9980063722
8410650172224,https://www.zooplus.fr/shop/chiens/croquettes_chien/bon_menu/2098625
8010276041012,https://www.zooplus.fr/shop/chiens/croquettes_chien/farmina/ancestral_low_grain/2099280
4016598064139,https://www.zooplus.fr/shop/chiens/friandises_chien/karlie_friandises/2366261
4062911034693,https://www.zooplus.fr/shop/chiens/croquettes_chien/briantos/light/1903515
8710255206363,https://www.zooplus.fr/shop/chiens/boites_sachets_barquettes_chien/eukanuba_boites_chien/2422326
4062911009387,https://www.zooplus.fr/shop/chiens/friandises_chien/friandises_chien_gibier/elan_lapin/576463
8424160026601,https://www.zooplus.fr/shop/chiens/boites_sachets_barquettes_chien/adulte/9980000182
4062911053823,https://www.zooplus.fr/shop/chiens/boites_sachets_barquettes_chien/lukullus_boites_chiens/lukullus_vitality/2153688
4062911011816,https://www.zooplus.fr/shop/chiens/boites_sachets_barquettes_chien/rocco_boites_chien/diet_care/1183298
8032766455239,https://www.zooplus.fr/shop/chiens/complements_alimentaires_chien/complements_alimentaires_chien_huile_liquide/9980054396
4260165197090,https://www.zooplus.fr/shop/chiens/boites_sachets_barquettes_chien/granatapet_boites_chien/654770
3760401051229,https://www.zooplus.fr/shop/chiens/friandises_chien/9980012952
4260488282299,https://www.zooplus.fr/shop/chiens/friandises_chien/friandises_sans_cereales_chien/9980062200
4262422874553,https://www.zooplus.fr/shop/chiens/friandises_chien/friandises_chien_volaille/friandises_chien_volaille_autre/2234145
4062911047389,https://www.zooplus.fr/shop/chiens/boites_sachets_barquettes_chien/wolf_of_wilderness/expedition/1908766
4047459006784,https://www.zooplus.fr/shop/chiens/boites_sachets_barquettes_chien/chiot/9980066656
4032254789857,https://www.zooplus.fr/shop/chiens/croquettes_chien/green_petfood/2423940
4260488280479,https://www.zooplus.fr/shop/chiens/friandises_chien/friandises_sans_cereales_chien/9980062203
4011905245553,https://www.zooplus.fr/shop/chiens/boites_sachets_barquettes_chien/adulte/9980005451
3700062705123,https://www.zooplus.fr/shop/chiens/friandises_chien/biscuit_gateau_sec_friandises_chien/9980062607
8445290020154,https://www.zooplus.fr/shop/chiens/complements_alimentaires_chien/pelage_peau_chien/pelage_peau_complement_liquide__huile_chien/1364815
4260109625092,https://www.zooplus.fr/shop/chiens/boites_sachets_barquettes_chien/terra_canis_boites_chien/1991229
8710255201832,https://www.zooplus.fr/shop/chiens/croquettes_chien/eukanuba_croquettes_chien/eukanubapremiumnutrition/2386419
3700525917339,https://www.zooplus.fr/shop/chiens/complements_alimentaires_chien/complements_alimentaires_chien_huile_liquide/9980000758
9421038210130,https://www.zooplus.fr/shop/chiens/croquettes_chien/adulte/9980066554
5905342292937,https://www.zooplus.fr/shop/chiens/croquettes_chien/wiejska_zagroda/1901430
4027941361782,https://www.zooplus.fr/shop/chiens/friandises_chien/heim/2464969
4038374162006,https://www.zooplus.fr/shop/chiens/friandises_chien/friandises_comprimes_chien/2373389
3760401050772,https://www.zooplus.fr/shop/chiens/friandises_chien/9980012987
8009470011686,https://www.zooplus.fr/shop/chiens/croquettes_chien/monge/1991381
3401576929172,https://www.zooplus.fr/shop/chiens/complements_alimentaires_chien/complements_alimentaires_chien_huile_liquide/9980006681
4000158970411,https://www.zooplus.fr/shop/chiens/boites_sachets_barquettes_chien/reddy_boites_chien/438433
3700469698332,https://www.zooplus.fr/shop/chiens/friandises_chien/bois_corne_sabot/9980000724
5411290242530,https://www.zooplus.fr/shop/chiens/friandises_chien/friandises_chien_volaille/9980004534
8410650273075,https://www.zooplus.fr/shop/chiens/croquettes_chien/croquettes_chien_trainer_natural_nova_foods/croquettes_petit_chien_trainer_natural_nova_foods/1991526
8595602581801,https://www.zooplus.fr/shop/chiens/croquettes_chien/carnilove/chien_adulte/2588897
4000158940506,https://www.zooplus.fr/shop/chiens/boites_sachets_barquettes_chien/rinti_boites_chien/rinti_boites_viande_pure_chien/729046
3700525912488,https://www.zooplus.fr/shop/chiens/complements_alimentaires_chien/complements_alimentaires_chien_huile_liquide/9980000768
4060629102451,https://www.zooplus.fr/shop/chiens/friandises_chien/chiens_ages/9980012245
8010276025296,https://www.zooplus.fr/shop/chiens/croquettes_chien/adulte/9980066303
5906679369286,https://www.zooplus.fr/shop/chiens/complements_alimentaires_chien/complements_alimentaires_chien_huile_liquide/9980000205
4260650920059,https://www.zooplus.fr/shop/chiens/complements_alimentaires_chien/pelage_peau_chien/9980010717
4015598009225,https://www.zooplus.fr/shop/chiens/croquettes_chien/bosch_croquettes_chien/soft/403892
8005852163301,https://www.zooplus.fr/shop/chiens/croquettes_chien/schesir/2110642
8010276036537,https://www.zooplus.fr/shop/chiens/croquettes_chien/farmina/grainfree/1991553
4000158970473,https://www.zooplus.fr/shop/chiens/boites_sachets_barquettes_chien/reddy_boites_chien/438544
4260488282541,https://www.zooplus.fr/shop/chiens/friandises_chien/friandises_sans_cereales_chien/9980062324
4047459006869,https://www.zooplus.fr/shop/chiens/boites_sachets_barquettes_chien/adulte/9980066605
3664499000193,https://www.zooplus.fr/shop/chiens/complements_alimentaires_chien/mp_labo/9980011325
5400585299717,https://www.zooplus.fr/shop/chiens/friandises_chien/friandises_chien_boeuf/9980003826
3182550894319,https://www.zooplus.fr/shop/chiens/croquettes_chien/royal_canin_care_nutrition/relax_care/2026639
8020245712386,https://www.zooplus.fr/shop/chiens/boites_sachets_barquettes_chien/forza10_boites_chien/2223058
4260488284552,https://www.zooplus.fr/shop/chiens/croquettes_chien/adulte/9980062325
3182550717687,https://www.zooplus.fr/shop/chiens/croquettes_chien/royal_canin_veterinary_diet/reins_voies_urinaires_chien_croquettes_royal_canin/301184
5430002585420,https://www.zooplus.fr/shop/chiens/croquettes_chien/adulte/9980003154
8595602537679,https://www.zooplus.fr/shop/chiens/boites_sachets_barquettes_chien/petit_chien/9980002510
8056590980521,https://www.zooplus.fr/shop/chiens/complements_alimentaires_chien/pelage_peau_chien/pelage_peau_complement_liquide__huile_chien/1991309
4041489012586,https://www.zooplus.fr/shop/chiens/complements_alimentaires_chien/pelage_peau_chien/pelage_peau_farine_poudre_chien/2392088
8595602526673,https://www.zooplus.fr/shop/chiens/croquettes_chien/brit/brit_premium/1991174
8021680757901,https://www.zooplus.fr/shop/chiens/friandises_chien/friandises_os_chien/9980048670
8059149432168,https://www.zooplus.fr/shop/chiens/croquettes_chien/croquettes_chien_trainer_natural_nova_foods/croquettes_grand_chien_trainer_fitness/1991538
5701170140019,https://www.zooplus.fr/shop/chiens/friandises_chien/friandises_batonnet_chien/9980065795
8683769641855,https://www.zooplus.fr/shop/chiens/complements_alimentaires_chien/complements_alimentaires_chien_huile_liquide/9980051050
8683769638220,https://www.zooplus.fr/shop/chiens/complements_alimentaires_chien/complements_alimentaires_chien_huile_liquide/9980050337
3760401051540,https://www.zooplus.fr/shop/chiens/friandises_chien/friandises_chien_porc/9980012965
8010276038753,https://www.zooplus.fr/shop/chiens/croquettes_chien/croquettes/9980066286
5902921399452,https://www.zooplus.fr/shop/chiens/croquettes_chien/dolina_noteci/1991567
8010276035073,https://www.zooplus.fr/shop/chiens/croquettes_chien/farmina/ancestral_low_grain/1746848
8435117892835,https://www.zooplus.fr/shop/chiens/croquettes_chien/arquivet/2228340
4260730710273,https://www.zooplus.fr/shop/chiens/complements_alimentaires_chien/vitamines_chien/poudre_flocons_vitamines_chien/1746324
3182550765398,https://www.zooplus.fr/shop/chiens/croquettes_chien/royal_canin_veterinary_diet/calm_antistress_chien_royal_canin/358424
4033766699207,https://www.zooplus.fr/shop/chiens/friandises_chien/biscuit_gateau_sec_friandises_chien/9980008251
4015598021609,https://www.zooplus.fr/shop/chiens/friandises_chien/friandises_batonnet_chien/batonnets_soins_dentaires/1222673
4260730712482,https://www.zooplus.fr/shop/chiens/complements_alimentaires_chien/paws_patch/2397999
4048422102564,https://www.zooplus.fr/shop/chiens/friandises_chien/friandises_os_chien/os_boeuf_fourres_chien/96718
5905342292395,https://www.zooplus.fr/shop/chiens/croquettes_chien/pan_miesko/1931395
5420043707844,https://www.zooplus.fr/shop/chiens/complements_alimentaires_chien/estomac_intestin_chien/estomac_intestin_poudre_flocons_chien/788474
4048422164166,https://www.zooplus.fr/shop/chiens/friandises_chien/friandises_os_chien/os_balle_macher_chien/2145104
4008429169632,https://www.zooplus.fr/shop/chiens/boites_sachets_barquettes_chien/james_wellbeloved/chien_age/2220205
3760401050857,https://www.zooplus.fr/shop/chiens/friandises_chien/friandises_chien_agneau/9980012969
5430001795158,https://www.zooplus.fr/shop/chiens/croquettes_chien/adulte/9980003151
4047459009938,https://www.zooplus.fr/shop/chiens/boites_sachets_barquettes_chien/adulte/9980066636
3760080530602,https://www.zooplus.fr/shop/chiens/croquettes_chien/nutrivet/9980063884
0605848069921,https://www.zooplus.fr/shop/chiens/friandises_chien/bois_corne_sabot/9980002936
4260488284576,https://www.zooplus.fr/shop/chiens/friandises_chien/friandises_sans_cereales_chien/9980062350
4260697462536,https://www.zooplus.fr/shop/chiens/croquettes_chien/croquettes/9980063831
8435117821361,https://www.zooplus.fr/shop/chiens/friandises_chien/bois_corne_sabot/9980010472
3760255511108,https://www.zooplus.fr/shop/chiens/boites_sachets_barquettes_chien/petit_chien/9980002755
3760240681250,https://www.zooplus.fr/shop/chiens/croquettes_chien/adulte/9980006073
4062911056749,https://www.zooplus.fr/shop/chiens/boites_sachets_barquettes_chien/rocco_boites_chien/diet_care/2152483
4260488286242,https://www.zooplus.fr/shop/chiens/friandises_chien/friandises_sans_cereales_chien/9980062332
5701170110425,https://www.zooplus.fr/shop/chiens/croquettes_chien/adulte/9980007088
3770000461725,https://www.zooplus.fr/shop/chiens/friandises_chien/9980052382
3664499000568,https://www.zooplus.fr/shop/chiens/complements_alimentaires_chien/mp_labo/9980013894
3664499000520,https://www.zooplus.fr/shop/chiens/complements_alimentaires_chien/mp_labo/9980010791
8413037332013,https://www.zooplus.fr/shop/chiens/croquettes_chien_races/races_moyennes/9980065933
4062911046122,https://www.zooplus.fr/shop/chiens/friandises_chien/rosies_farm_friandises/friandises_rosies_farm_adult/1960195
4260756991182,https://www.zooplus.fr/shop/chiens/friandises_chien/petites_friandises/9980010390
3760401053056,https://www.zooplus.fr/shop/chiens/croquettes_chien/adulte/9980048726
3283021702017,https://www.zooplus.fr/shop/chiens/complements_alimentaires_chien/9980006164
3561963601644,https://www.zooplus.fr/shop/chiens/croquettes_chien/virbac_vet_hpm/9980013822
4008239310002,https://www.zooplus.fr/shop/chiens/friandises_chien/friandises_comprimes_chien/friandises_drop_chien_vitakraft/556309
3519220045502,https://www.zooplus.fr/shop/chiens/complements_alimentaires_chien/complements_alimentaires_chien_huile_liquide/9980054619
8001154122244,https://www.zooplus.fr/shop/chiens/croquettes_chien/chien_grandes_races_divers/9980004435
4062911006850,https://www.zooplus.fr/shop/chiens/friandises_chien/friandises_chien_bandes/rocco/634553
4062911017368,https://www.zooplus.fr/shop/chiens/boites_sachets_barquettes_chien/greenwoods/adult/1347769
4062911016538,https://www.zooplus.fr/shop/chiens/croquettes_chien/wolf_of_wilderness/wow_softandstrong_croquettes/1227852
4260488283838,https://www.zooplus.fr/shop/chiens/friandises_chien/friandises_sans_cereales_chien/9980062241
3336024826591,https://www.zooplus.fr/shop/chiens/friandises_chien/petites_friandises/9980005581
4011905316567,https://www.zooplus.fr/shop/chiens/friandises_chien/friandises_chien_trixie/autres_friandises/2164264
4032254787860,https://www.zooplus.fr/shop/chiens/croquettes_chien/josera_croquettes_chien/chien_junior_chiot/2406340
0064992184124,https://www.zooplus.fr/shop/chiens/croquettes_chien/croquettes/9980002089
3760240682158,https://www.zooplus.fr/shop/chiens/friandises_chien/friandises_chien_volaille/9980006068
8011259153753,https://www.zooplus.fr/shop/chiens/boites_sachets_barquettes_chien/exclusion/diet/576234
4260697461126,https://www.zooplus.fr/shop/chiens/friandises_chien/petites_friandises/9980064468
8594062086802,https://www.zooplus.fr/shop/chiens/croquettes_chien/calibra/1746879
3401160387715,https://www.zooplus.fr/shop/chiens/complements_alimentaires_chien/estomac_intestin_chien/estomac_intestin_comprimes_chien/1017101
8710255128207,https://www.zooplus.fr/shop/chiens/croquettes_chien/iams_croquettes_chien/adult/175104
4062911001312,https://www.zooplus.fr/shop/chiens/croquettes_chien/wolf_of_wilderness/elements/759900
5060122491761,https://www.zooplus.fr/shop/chiens/croquettes_chien/applaws/naturelles/354870
8020245013155,https://www.zooplus.fr/shop/chiens/croquettes_chien/forza10_croquettes_chien/forza10_maintenance_croquettes_chien/2138647
8005852712530,https://www.zooplus.fr/shop/chiens/boites_sachets_barquettes_chien/adulte/9980063316
52742038704,https://www.zooplus.fr/shop/chiens/croquettes_chien_races/races_moyennes/9980010540
3182550778787,https://www.zooplus.fr/shop/chiens/croquettes_chien/royal_canin_size_croquettes_chien/royal_canin_size_maxi_croquettes_chien/207158
4260488280073,https://www.zooplus.fr/shop/chiens/friandises_chien/friandises_sans_cereales_chien/9980062336
7613035114838,https://www.zooplus.fr/shop/chiens/croquettes_chien/purina_pro_plan_croquettes_chien/sensitive_skin_optiderma/96152
8716081990070,https://www.zooplus.fr/shop/chiens/croquettes_chien/cavom/1746537
4260697463700,https://www.zooplus.fr/shop/chiens/friandises_chien/petites_friandises/9980064463
8032644300873,https://www.zooplus.fr/shop/chiens/complements_alimentaires_chien/complements_alimentaires_chien_huile_liquide/9980006841
8005852161123,https://www.zooplus.fr/shop/chiens/croquettes_chien/schesir/2115994
3336024826447,https://www.zooplus.fr/shop/chiens/friandises_chien/petites_friandises/9980003603
4008429141515,https://www.zooplus.fr/shop/chiens/boites_sachets_barquettes_chien/cesar_boites_chiens/1112518
3770034666028,https://www.zooplus.fr/shop/chiens/croquettes_chien/adulte/9980009689
3401177658006,https://www.zooplus.fr/shop/chiens/complements_alimentaires_chien/mp_labo/9980006732
7392552005217,https://www.zooplus.fr/shop/chiens/croquettes_chien/carrier/1991303
4000819005940,https://www.zooplus.fr/shop/chiens/friandises_chien/friandises_chien_poisson/peau/429982
3182550915236,https://www.zooplus.fr/shop/chiens/croquettes_chien/royal_canin_veterinary_diet/reins_voies_urinaires_chien_croquettes_royal_canin/965911
4017721764001,https://www.zooplus.fr/shop/chiens/boites_sachets_barquettes_chien/animonda_boites_chien/9980008056
3664499000353,https://www.zooplus.fr/shop/chiens/complements_alimentaires_chien/mp_labo/9980012698
3401173689509,https://www.zooplus.fr/shop/chiens/complements_alimentaires_chien/mp_labo/9980006866
8414042003882,https://www.zooplus.fr/shop/chiens/complements_alimentaires_chien/ossature_articulations_chien/ossature_articulations_comprimes_chien/687025
8021680751275,https://www.zooplus.fr/shop/chiens/friandises_chien/friandises_os_chien/9980015258
4011905313474,https://www.zooplus.fr/shop/chiens/friandises_chien/friandises_chien_boeuf/9980069104
3760368527362,https://www.zooplus.fr/shop/chiens/friandises_chien/petites_friandises/9980011311
5400585086386,https://www.zooplus.fr/shop/chiens/friandises_chien/petites_friandises/9980005412
8720165908134,https://www.zooplus.fr/shop/chiens/complements_alimentaires_chien/complements_alimentaires_chien_huile_liquide/9980013645
4062911050754,https://www.zooplus.fr/shop/chiens/croquettes_chien/lukullus_croquettes_chiens/lukullus_vitality/2054617
4033766699214,https://www.zooplus.fr/shop/chiens/friandises_chien/biscuit_gateau_sec_friandises_chien/9980007981
8710429742871,https://www.zooplus.fr/shop/chiens/boites_sachets_barquettes_chien/rodi/895812
9421016592050,https://www.zooplus.fr/shop/chiens/friandises_chien/viande_de_cerf/9980066613
8714265000317,https://www.zooplus.fr/shop/chiens/croquettes_chien/yarrah_croquettes_chien/9980012307
4260488282107,https://www.zooplus.fr/shop/chiens/friandises_chien/friandises_sans_cereales_chien/9980062257
3666639124639,https://www.zooplus.fr/shop/chiens/friandises_chien/bois_corne_sabot/9980067235
4002633560025,https://www.zooplus.fr/shop/chiens/croquettes_chien/belcando/chiot/2176740
4251424302027,https://www.zooplus.fr/shop/chiens/friandises_chien/friandise_chien_caniland/2379718
3760401051304,https://www.zooplus.fr/shop/chiens/friandises_chien/friandises_chien_volaille/9980012998
4011905318523,https://www.zooplus.fr/shop/chiens/friandises_chien/lyophilisees/9980008252
3700545301033,https://www.zooplus.fr/shop/chiens/complements_alimentaires_chien/complements_alimentaires_chien_huile_liquide/9980006819
5998749139400,https://www.zooplus.fr/shop/chiens/friandises_chien/friandises_os_chien/os_boeuf_fourres_chien/360826
4008239413338,https://www.zooplus.fr/shop/chiens/friandises_chien/friandise_chien_vitakraft/friandises_vitakraft_chicken/2363755
8595602581375,https://www.zooplus.fr/shop/chiens/croquettes_chien/carnilove/chiot/2589166
5400585296419,https://www.zooplus.fr/shop/chiens/friandises_chien/friandises_chien_volaille/9980003851
8032766975713,https://www.zooplus.fr/shop/chiens/complements_alimentaires_chien/complements_alimentaires_chien_huile_liquide/9980048646
4260488283227,https://www.zooplus.fr/shop/chiens/friandises_chien/friandises_sans_cereales_chien/9980062249
3336024823422,https://www.zooplus.fr/shop/chiens/friandises_chien/friandises_chien_volaille/9980005624
8010276036483,https://www.zooplus.fr/shop/chiens/croquettes_chien/adulte/9980066221
8716811001052,https://www.zooplus.fr/shop/chiens/boites_sachets_barquettes_chien/trovet/1895020
5430001795066,https://www.zooplus.fr/shop/chiens/croquettes_chien/riche_en_viande/9980005500
4011905315713,https://www.zooplus.fr/shop/chiens/friandises_chien/friandises_chien_bandes/autres_bandes_macher/201726
4260488283593,https://www.zooplus.fr/shop/chiens/friandises_chien/friandises_sans_cereales_chien/9980062354
5902921393986,https://www.zooplus.fr/shop/chiens/boites_sachets_barquettes_chien/dolina_noteci/1991453
52742060323,https://www.zooplus.fr/shop/chiens/boites_sachets_barquettes_chien/boites_chien_hills_prescription_diet/problemes_renaux_urinaires/1893726
3182550780919,https://www.zooplus.fr/shop/chiens/croquettes_chien/royal_canin_veterinary_diet/reins_voies_urinaires_chien_croquettes_royal_canin/565925
3760401051441,https://www.zooplus.fr/shop/chiens/friandises_chien/friandises_chien_boeuf/9980013005
7613038127538,https://www.zooplus.fr/shop/chiens/friandises_chien/friandises_batonnet_chien/batonnets_soins_dentaires/982873
3401173689448,https://www.zooplus.fr/shop/chiens/complements_alimentaires_chien/mp_labo/9980006761
3760404050458,https://www.zooplus.fr/shop/chiens/croquettes_chien/adulte/9980052230
4009932139860,https://www.zooplus.fr/shop/chiens/complements_alimentaires_chien/ossature_articulations_chien/ossature_articulations_comprimes_chien/1991336
4260488281391,https://www.zooplus.fr/shop/chiens/friandises_chien/friandises_sans_cereales_chien/9980062335
052742039817,https://www.zooplus.fr/shop/chiens/boites_sachets_barquettes_chien/boites_chien_hills_prescription_diet/troubles_intestinaux/754154
8683769630385,https://www.zooplus.fr/shop/chiens/friandises_chien/friandises_chien_bandes/9980049646
4260697462703,https://www.zooplus.fr/shop/chiens/friandises_chien/petites_friandises/9980063657
8020245713239,https://www.zooplus.fr/shop/chiens/croquettes_chien/forza10_croquettes_chien/active_line/2142957
8445290018403,https://www.zooplus.fr/shop/chiens/complements_alimentaires_chien/vitamines_chien/comprimes_taurine_vitamines_chien/1364758
4062911000674,https://www.zooplus.fr/shop/chiens/friandises_chien/friandises_chien_bandes/rocco/749166
4062911009721,https://www.zooplus.fr/shop/chiens/boites_sachets_barquettes_chien/lukullus_menu_gustico/offres_essai/982803
5430002585543,https://www.zooplus.fr/shop/chiens/croquettes_chien/adulte/9980005525
6430069588814,https://www.zooplus.fr/shop/chiens/croquettes_chien/primadog/2206735
52742064383,https://www.zooplus.fr/shop/chiens/croquettes_chien_races/races_moyennes/9980064836
4260704280818,https://www.zooplus.fr/shop/chiens/croquettes_chien/bugbell/2220559
3700469699230,https://www.zooplus.fr/shop/chiens/friandises_chien/bois_corne_sabot/9980056981
3182550711364,https://www.zooplus.fr/shop/chiens/croquettes_chien/adulte/9980052259
5701170110951,https://www.zooplus.fr/shop/chiens/croquettes_chien/adulte/9980006823
4000158913098,https://www.zooplus.fr/shop/chiens/friandises_chien/friandises_comprimes_chien/rinti/659160
4027671011254,https://www.zooplus.fr/shop/chiens/complements_alimentaires_chien/pelage_peau_chien/pelage_peau_comprimes_chien/1905392
4062911020092,https://www.zooplus.fr/shop/chiens/croquettes_chien/wolf_of_wilderness/wolf_of_wildreness_junior_croquettes/1367505
8595237016013,https://www.zooplus.fr/shop/chiens/croquettes_chien/fitmin/1991397
8020245712843,https://www.zooplus.fr/shop/chiens/boites_sachets_barquettes_chien/forza10_boites_chien/boites_forza10_maintenance_chien/2215470
3701451002915,https://www.zooplus.fr/shop/chiens/friandises_chien/9980005641
4062911065178,https://www.zooplus.fr/shop/chiens/croquettes_chien/wolf_of_wilderness/wolf_of_wilddreness_adulte_croquettes/957053
9003579029756,https://www.zooplus.fr/shop/chiens/boites_sachets_barquettes_chien/royal_canin_boites_chien/medium/2070223
3182550771160,https://www.zooplus.fr/shop/chiens/croquettes_chien/royal_canin_veterinary_diet/troubles_intestinaux_chien_royal_canin_veterinary/564512
8059149252704,https://www.zooplus.fr/shop/chiens/croquettes_chien/croquettes_chien_trainer_natural_nova_foods/croquettes_grand_chien_trainer_fitness/1991365
3760401051557,https://www.zooplus.fr/shop/chiens/friandises_chien/friandises_chien_boeuf/9980012974
8714265000270,https://www.zooplus.fr/shop/chiens/croquettes_chien/yarrah_croquettes_chien/lot_economique_croquettes_chien_yarrah/1306326
8683769675201,https://www.zooplus.fr/shop/chiens/friandises_chien/lyophilisees/9980050549
3770033314005,https://www.zooplus.fr/shop/chiens/complements_alimentaires_chien/ossature_articulations_chien/9980015377
4260275027058,https://www.zooplus.fr/shop/chiens/boites_sachets_barquettes_chien/fleischeslust/2132357
4260488286082,https://www.zooplus.fr/shop/chiens/friandises_chien/friandises_sans_cereales_chien/9980062213
4260488281216,https://www.zooplus.fr/shop/chiens/friandises_chien/bois_corne_sabot/9980175811
8437019876548,https://www.zooplus.fr/shop/chiens/friandises_chien/bois_corne_sabot/9980064671
3182550915625,https://www.zooplus.fr/shop/chiens/croquettes_chien/adulte/9980013369
8429037016426,https://www.zooplus.fr/shop/chiens/croquettes_chien/adulte/9980001043
8010276041098,https://www.zooplus.fr/shop/chiens/croquettes_chien/riche_en_viande/9980066218
4262500460111,https://www.zooplus.fr/shop/chiens/croquettes_chien/adulte/9980063491
4262375560176,https://www.zooplus.fr/shop/chiens/complements_alimentaires_chien/complements_alimentaires_chien_huile_liquide/9980001201
3597133075731,https://www.zooplus.fr/shop/chiens/complements_alimentaires_chien/anti_stress_chien/1347397
8425402749616,https://www.zooplus.fr/shop/chiens/friandises_chien/bois_corne_sabot/9980010529
8436586310820,https://www.zooplus.fr/shop/chiens/croquettes_chien/primal/1746549
5404040804102,https://www.zooplus.fr/shop/chiens/croquettes_chien/edgard_cooper/adulte/2578521
5391475003265,https://www.zooplus.fr/shop/chiens/complements_alimentaires_chien/hygiene_dentaire_chien/2124712
8010276025241,https://www.zooplus.fr/shop/chiens/croquettes_chien/adulte/9980066285
8009470004749,https://www.zooplus.fr/shop/chiens/croquettes_chien/monge/1991243
4060629075663,https://www.zooplus.fr/shop/chiens/friandises_chien/chiens_ages/9980012277
8595237035373,https://www.zooplus.fr/shop/chiens/croquettes_chien/fitmin/1746842
8009470012119,https://www.zooplus.fr/shop/chiens/croquettes_chien/monge/1991304
4062911018693,https://www.zooplus.fr/shop/chiens/croquettes_chien/concept_for_life_veterinary_diet/surpoids_diabete/789193
4260165193610,https://www.zooplus.fr/shop/chiens/friandises_chien/friandises_chien_bandes/autres_bandes_macher/781663
8009470004718,https://www.zooplus.fr/shop/chiens/croquettes_chien/monge/1991559
4027671088669,https://www.zooplus.fr/shop/chiens/boites_sachets_barquettes_chien/grau_boites_chien/1746062
8595602562534,https://www.zooplus.fr/shop/chiens/complements_alimentaires_chien/complements_alimentaires_chien_comprimes/estomac_intestin_complement_chien/1991491
4260488284767,https://www.zooplus.fr/shop/chiens/friandises_chien/friandises_sans_cereales_chien/9980062274
8009722012171,https://www.zooplus.fr/shop/chiens/complements_alimentaires_chien/complements_alimentaires_chien_huile_liquide/9980006839
3700062705253,https://www.zooplus.fr/shop/chiens/friandises_chien/biscuit_gateau_sec_friandises_chien/9980003009
4060629032833,https://www.zooplus.fr/shop/chiens/friandises_chien/chiens_ages/9980012266
8015579035416,https://www.zooplus.fr/shop/chiens/croquettes_chien/prolife/1991138
4262500460005,https://www.zooplus.fr/shop/chiens/complements_alimentaires_chien/complements_alimentaires_chien_huile_liquide/9980064455
8410650170695,https://www.zooplus.fr/shop/chiens/croquettes_chien/affinity_advance_veterinary_diets/peau_pelage/516243
4260578754477,https://www.zooplus.fr/shop/chiens/friandises_chien/friandises_chien_bandes/snacks/2188544
4062911066755,https://www.zooplus.fr/shop/chiens/croquettes_chien/croquettes_chien_purizon/purizon_puppy/1001767
3760240681892,https://www.zooplus.fr/shop/chiens/croquettes_chien/riche_en_viande/9980005509
8430336092066,https://www.zooplus.fr/shop/chiens/complements_alimentaires_chien/estomac_intestin_chien/estomac_intestin_poudre_flocons_chien/1995538
3700545300555,https://www.zooplus.fr/shop/chiens/complements_alimentaires_chien/complements_alimentaires_chien_huile_liquide/9980006755
3760443010277,https://www.zooplus.fr/shop/chiens/alimentation_barf/9980065167
8424160025352,https://www.zooplus.fr/shop/chiens/complements_alimentaires_chien/complements_alimentaires_chien_huile_liquide/9980000163
4001967117080,https://www.zooplus.fr/shop/chiens/croquettes_chien/happy_dog_medium_croquettes_chien/happy_dog_medium_croquettes_chien/139335
5414970060783,https://www.zooplus.fr/shop/chiens/croquettes_chien/arion/1991547
8424160027400,https://www.zooplus.fr/shop/chiens/friandises_chien/friandises_chien_volaille/9980000153
8410650595962,https://www.zooplus.fr/shop/chiens/croquettes_chien/natures_variety/original_no_grain/1077672
8711231154692,https://www.zooplus.fr/shop/chiens/complements_alimentaires_chien/pelage_peau_chien/pelage_peau_comprimes_chien/787914
8059149252476,https://www.zooplus.fr/shop/chiens/croquettes_chien/croquettes_chien_trainer_natural_nova_foods/croquettes_grand_chien_trainer_fitness/1991413
4002633560629,https://www.zooplus.fr/shop/chiens/croquettes_chien/belcando/senior/2175307
5023538100641,https://www.zooplus.fr/shop/chiens/friandises_chien/friandises_comprimes_chien/friandises_chien_thrive/391019
8413037371333,https://www.zooplus.fr/shop/chiens/croquettes_chien_races/races_moyennes/9980065937
4260488281889,https://www.zooplus.fr/shop/chiens/friandises_chien/friandises_sans_cereales_chien/9980062327
5600276940021,https://www.zooplus.fr/shop/chiens/croquettes_chien/croquettes_small_mini_breed/9980049407
8606014105537,https://www.zooplus.fr/shop/chiens/boites_sachets_barquettes_chien/adulte/9980066273
5060084773882,https://www.zooplus.fr/shop/chiens/boites_sachets_barquettes_chien/burns_patee_chien/1746872
3760401051151,https://www.zooplus.fr/shop/chiens/friandises_chien/friandises_chien_poisson/9980012940
8424160027127,https://www.zooplus.fr/shop/chiens/croquettes_chien/adulte/9980000184
4009932139891,https://www.zooplus.fr/shop/chiens/complements_alimentaires_chien/complements_alimentaires_chien_comprimes/complements_alimentaires_chien_pelage_peau/1991440
3597132001540,https://www.zooplus.fr/shop/chiens/complements_alimentaires_chien/complements_alimentaires_chien_huile_liquide/9980006815
4260730711089,https://www.zooplus.fr/shop/chiens/complements_alimentaires_chien/vitamines_chien/poudre_flocons_vitamines_chien/1746085
4260650920097,https://www.zooplus.fr/shop/chiens/complements_alimentaires_chien/pelage_peau_chien/9980010719
3561963600456,https://www.zooplus.fr/shop/chiens/croquettes_chien/virbac_vet_hpm/9980052256
4008239288011,https://www.zooplus.fr/shop/chiens/friandises_chien/friandise_chien_vitakraft/2134858
9120134040664,https://www.zooplus.fr/shop/chiens/croquettes_chien/wow/1852937
4260488284934,https://www.zooplus.fr/shop/chiens/friandises_chien/friandises_sans_cereales_chien/9980062330
5430001795103,https://www.zooplus.fr/shop/chiens/croquettes_chien/adulte/9980005483
4047459006845,https://www.zooplus.fr/shop/chiens/boites_sachets_barquettes_chien/adulte/9980066659
4040056001671,https://www.zooplus.fr/shop/chiens/complements_alimentaires_chien/complements_alimentaires_chien_huile_liquide/complements_alimentaires_chien_huile_peau_pelage/1991492
5998274315133,https://www.zooplus.fr/shop/chiens/croquettes_chien/fitactive/2002610
3770000461657,https://www.zooplus.fr/shop/chiens/friandises_chien/9980052297
8716081990100,https://www.zooplus.fr/shop/chiens/croquettes_chien/cavom/1746442
5902921399483,https://www.zooplus.fr/shop/chiens/croquettes_chien/dolina_noteci/1991568
4062911000339,https://www.zooplus.fr/shop/chiens/croquettes_chien/rocco_croquettes/mealtime/797274
8711231131785,https://www.zooplus.fr/shop/chiens/friandises_chien/friandises_soin_dentaire_chien/soins_dents_chien_friandise/1243171
3541990417791,https://www.zooplus.fr/shop/chiens/friandises_chien/bois_corne_sabot/9980061706
8595602526468,https://www.zooplus.fr/shop/chiens/croquettes_chien/brit/lots_economiques/612551
3760368526020,https://www.zooplus.fr/shop/chiens/friandises_chien/petites_friandises/9980010518
3760054070387,https://www.zooplus.fr/shop/chiens/complements_alimentaires_chien/complements_alimentaires_chien_huile_liquide/9980066171
8010276036049,https://www.zooplus.fr/shop/chiens/croquettes_chien/adulte/9980066700
4250078977131,https://www.zooplus.fr/shop/chiens/friandises_chien/lyophilisees/9980009698
5400585147025,https://www.zooplus.fr/shop/chiens/friandises_chien/friandises_chien_volaille/9980005370
3666639124684,https://www.zooplus.fr/shop/chiens/friandises_chien/bois_corne_sabot/9980067184
8595602581290,https://www.zooplus.fr/shop/chiens/croquettes_chien/carnilove/chien_adulte/2589004
8710255196152,https://www.zooplus.fr/shop/chiens/croquettes_chien/eukanuba_special_breed_croquettes_chien/eukanuba_special_care_croquettes_chien/1005161
3065890135154,https://www.zooplus.fr/shop/chiens/boites_sachets_barquettes_chien/cesar_boites_chiens/9980007931
3700469698349,https://www.zooplus.fr/shop/chiens/friandises_chien/bois_corne_sabot/9980000719
8710255187822,https://www.zooplus.fr/shop/chiens/croquettes_chien/eukanuba_special_breed_croquettes_chien/eukanuba_special_care_croquettes_chien/2621228
8410650201573,https://www.zooplus.fr/shop/chiens/friandises_chien/friandises_batonnet_chien/autres_batonnets_viande/607869
4016598126400,https://www.zooplus.fr/shop/chiens/friandises_chien/karlie_friandises/2368806
3375761007054,https://www.zooplus.fr/shop/chiens/friandises_chien/9980008795
4260165193559,https://www.zooplus.fr/shop/chiens/friandises_chien/friandises_chien_bandes/autres_bandes_macher/781667
5400585146974,https://www.zooplus.fr/shop/chiens/friandises_chien/9980048740
4260697463748,https://www.zooplus.fr/shop/chiens/boites_sachets_barquettes_chien/adulte/9980063497
3760080532842,https://www.zooplus.fr/shop/chiens/croquettes_chien/riche_en_viande/9980014584
5430001795042,https://www.zooplus.fr/shop/chiens/croquettes_chien/adulte/9980003157
8020245202245,https://www.zooplus.fr/shop/chiens/croquettes_chien/forza10_croquettes_chien/active_line/1897297
4260488280615,https://www.zooplus.fr/shop/chiens/friandises_chien/friandises_sans_cereales_chien/9980062366
4260488280561,https://www.zooplus.fr/shop/chiens/friandises_chien/friandises_sans_cereales_chien/9980062321
8424160027097,https://www.zooplus.fr/shop/chiens/croquettes_chien/adulte/9980000159
4016598114926,https://www.zooplus.fr/shop/chiens/friandises_chien/friandises_os_chien/os_balle_macher_chien/2130293
4000158916402,https://www.zooplus.fr/shop/chiens/friandises_chien/friandises_soin_dentaire_chien/soins_dents_chien_friandise/644789
4751008432077,https://www.zooplus.fr/shop/chiens/complements_alimentaires_chien/estomac_intestin_chien/9980066844
0052742026176,https://www.zooplus.fr/shop/chiens/croquettes_chien_races/races_moyennes/9980010541
8410650235271,https://www.zooplus.fr/shop/chiens/croquettes_chien/affinity_advance/affinity_advance/1101571
4032254796008,https://www.zooplus.fr/shop/chiens/croquettes_chien/josera_croquettes_chien/2503324
4260748893609,https://www.zooplus.fr/shop/chiens/boites_sachets_barquettes_chien/petit_chien/9980180069
8595602582570,https://www.zooplus.fr/shop/chiens/croquettes_chien/carnilove/chiot/2631115
0052742047447,https://www.zooplus.fr/shop/chiens/croquettes_chien_races/races_moyennes/9980012500
3760270500491,https://www.zooplus.fr/shop/chiens/complements_alimentaires_chien/complements_alimentaires_chien_huile_liquide/9980057197
8683769632709,https://www.zooplus.fr/shop/chiens/complements_alimentaires_chien/complements_alimentaires_chien_huile_liquide/9980049918
4016598065174,https://www.zooplus.fr/shop/chiens/friandises_chien/friandises_os_chien/os_chien/965967
0064992185602,https://www.zooplus.fr/shop/chiens/croquettes_chien/adulte/9980002074
5400585398229,https://www.zooplus.fr/shop/chiens/friandises_chien/petites_friandises/9980062641
8595602546169,https://www.zooplus.fr/shop/chiens/friandises_chien/petites_friandises/9980002751
3760329472427,https://www.zooplus.fr/shop/chiens/boites_sachets_barquettes_chien/adulte/9980059249
4008429091803,https://www.zooplus.fr/shop/chiens/boites_sachets_barquettes_chien/cesar_boites_chiens/9980008205
8710255196138,https://www.zooplus.fr/shop/chiens/croquettes_chien/eukanuba_special_breed_croquettes_chien/eukanuba_special_care_croquettes_chien/1005015
4260697461607,https://www.zooplus.fr/shop/chiens/friandises_chien/petites_friandises/9980064479
4255634606289,https://www.zooplus.fr/shop/chiens/boites_sachets_barquettes_chien/mjamjam/2102227
8595602582600,https://www.zooplus.fr/shop/chiens/aliments_sans_cereales/carnilove/friandises/2589845
5056273609377,https://www.zooplus.fr/shop/chiens/friandises_chien/friandises_batonnet_chien/9980065887
4000819007968,https://www.zooplus.fr/shop/chiens/friandises_chien/friandises_comprimes_chien/friandises_diverses_chien/2104519
4000819008200,https://www.zooplus.fr/shop/chiens/friandises_chien/friandises_comprimes_chien/friandises_diverses_chien/1413816
3065890159839,https://www.zooplus.fr/shop/chiens/boites_sachets_barquettes_chien/pedigree_pur_boites_chien/sachets_fraicheur/595341
4002633560421,https://www.zooplus.fr/shop/chiens/croquettes_chien/belcando/adulte/2174219
8410650150130,https://www.zooplus.fr/shop/chiens/croquettes_chien/affinity_advance/affinity_advance/390763
64992510114,https://www.zooplus.fr/shop/chiens/croquettes_chien/9980002819
5414970060790,https://www.zooplus.fr/shop/chiens/croquettes_chien/arion/1990755
8606014105490,https://www.zooplus.fr/shop/chiens/boites_sachets_barquettes_chien/nourriture_humide/9980066237
4062911054196,https://www.zooplus.fr/shop/chiens/friandises_chien/friandises_chien_lukullus/lukullus_vitality/2165421
4060629150766,https://www.zooplus.fr/shop/chiens/croquettes_chien/adulte/9980073906
5056273605003,https://www.zooplus.fr/shop/chiens/friandises_chien/friandises_batonnet_chien/9980068193
8711231112449,https://www.zooplus.fr/shop/chiens/complements_alimentaires_chien/complements_alimentaires_chien_huile_liquide/9980006803
4001967166071,https://www.zooplus.fr/shop/chiens/croquettes_chien/happy_dog_medium_croquettes_chien/happy_dog_medium_croquettes_chien/2105558
8717249774389,https://www.zooplus.fr/shop/chiens/friandises_chien/friandises_batonnet_chien/batonnets_enrobes/1071711
5060318130146,https://www.zooplus.fr/shop/chiens/croquettes_chien/simpsons_premium/adult/365459
4027941362499,https://www.zooplus.fr/shop/chiens/friandises_chien/heim/2468747
8683769637896,https://www.zooplus.fr/shop/chiens/complements_alimentaires_chien/complements_alimentaires_chien_huile_liquide/9980049742
5060333430634,https://www.zooplus.fr/shop/chiens/boites_sachets_barquettes_chien/encore/1745910
4260358519425,https://www.zooplus.fr/shop/chiens/boites_sachets_barquettes_chien/lukullus_boites_chiens/lots_decouvertes_lukullus/709517
8714265000478,https://www.zooplus.fr/shop/chiens/croquettes_chien/yarrah_croquettes_chien/yarrah_croquettes_bio_chien/1017367
8716811000888,https://www.zooplus.fr/shop/chiens/boites_sachets_barquettes_chien/trovet/1894942
4017721726115,https://www.zooplus.fr/shop/chiens/boites_sachets_barquettes_chien/animonda_boites_chien/9980008323
0064992182205,https://www.zooplus.fr/shop/chiens/croquettes_chien/adulte/9980063451
4260358517322,https://www.zooplus.fr/shop/chiens/croquettes_chien/wolf_of_wilderness/wow_softandstrong_croquettes/683823
9120100971558,https://www.zooplus.fr/shop/chiens/friandises_chien/friandises_batonnet_chien/9980063974
3760302730049,https://www.zooplus.fr/shop/chiens/complements_alimentaires_chien/complements_alimentaires_chien_huile_liquide/9980007079
4062911007772,https://www.zooplus.fr/shop/chiens/friandises_chien/friandises_comprimes_chien/friandises_diverses_chien/981764
8413037372026,https://www.zooplus.fr/shop/chiens/croquettes_chien_races/races_moyennes/9980065952
4062911047075,https://www.zooplus.fr/shop/chiens/boites_sachets_barquettes_chien/wolf_of_wilderness/offfres_essai/1908768
4017721824347,https://www.zooplus.fr/shop/chiens/boites_sachets_barquettes_chien/animonda_boites_chien/grancarno_single/983343
4032254787723,https://www.zooplus.fr/shop/chiens/croquettes_chien/josera_croquettes_chien/2426010
3445020105286,https://www.zooplus.fr/shop/chiens/complements_alimentaires_chien/pelage_peau_chien/9980049537
8425402686706,https://www.zooplus.fr/shop/chiens/croquettes_chien/natural_greatness/1746570
4032254785262,https://www.zooplus.fr/shop/chiens/croquettes_chien/josera_croquettes_chien/chien_adulte/2414741
5400585261486,https://www.zooplus.fr/shop/chiens/friandises_chien/petites_friandises/9980003845
4251424301143,https://www.zooplus.fr/shop/chiens/friandises_chien/friandises_comprimes_chien/friandises_drop_chien_caniland/858136
7613035417298,https://www.zooplus.fr/shop/chiens/croquettes_chien/purina_pro_plan_croquettes_chien/sensitive_skin_optiderma/670739
8410650271217,https://www.zooplus.fr/shop/chiens/croquettes_chien/adulte/9980052205
5400585278217,https://www.zooplus.fr/shop/chiens/friandises_chien/petites_friandises/9980005599
3700260245346,https://www.zooplus.fr/shop/chiens/croquettes_chien/ultima_croquettes_chien/lot_economique_advance_breed/457480
5902921394860,https://www.zooplus.fr/shop/chiens/croquettes_chien/dolina_noteci/1991291
8009470011730,https://www.zooplus.fr/shop/chiens/croquettes_chien/monge/1991454
4260488280134,https://www.zooplus.fr/shop/chiens/friandises_chien/friandises_sans_cereales_chien/9980062360
8011391600122,https://www.zooplus.fr/shop/chiens/croquettes_chien/adulte/9980061694
8011391191729,https://www.zooplus.fr/shop/chiens/croquettes_chien/9980061703
074198613380,https://www.zooplus.fr/shop/chiens/boites_sachets_barquettes_chien/taste_of_the_wild/totw_boites_chien/480108
4260198584904,https://www.zooplus.fr/shop/chiens/complements_alimentaires_chien/autres_marques/2114137
8683769640568,https://www.zooplus.fr/shop/chiens/complements_alimentaires_chien/complements_alimentaires_chien_huile_liquide/9980050211
8021680751541,https://www.zooplus.fr/shop/chiens/friandises_chien/friandises_chien_bandes/9980015261
8710429018181,https://www.zooplus.fr/shop/chiens/croquettes_chien/smolke_croquettes_chien/1746384
8594062086642,https://www.zooplus.fr/shop/chiens/croquettes_chien/calibra/1747045
0052742025384,https://www.zooplus.fr/shop/chiens/croquettes_chien_races/races_moyennes/9980010546
8595602530731,https://www.zooplus.fr/shop/chiens/croquettes_chien/brit/1991204
4260488284729,https://www.zooplus.fr/shop/chiens/friandises_chien/friandises_sans_cereales_chien/9980062367
4048422190783,https://www.zooplus.fr/shop/chiens/complements_alimentaires_chien/complements_alimentaires_chien_8_in_1/2344508
5902921307129,https://www.zooplus.fr/shop/chiens/friandises_chien/friandises_chien_agneau/autres_friandises_agneau/2142184
8424160024461,https://www.zooplus.fr/shop/chiens/boites_sachets_barquettes_chien/chiot/9980000162
4250078908968,https://www.zooplus.fr/shop/chiens/friandises_chien/chiens_ages/9980015099
5400274992592,https://www.zooplus.fr/shop/chiens/friandises_chien/friandises_chien_volaille/9980004742
4062911014565,https://www.zooplus.fr/shop/chiens/friandises_chien/friandises_batonnet_chien/batonnets_enrobes/1354248
3182550787581,https://www.zooplus.fr/shop/chiens/croquettes_chien/royal_canin_breed_croquettes_chien/labrador_croquettes_royal_canin/248433
8710974804505,https://www.zooplus.fr/shop/chiens/croquettes_chien/problemes_articulaires_chien/9980008420
8906167460133,https://www.zooplus.fr/shop/chiens/friandises_chien/bois_corne_sabot/9980066699
5060481898706,https://www.zooplus.fr/shop/chiens/boites_sachets_barquettes_chien/applaws_boites_chien/sachets_chien_applaws/1317169
4053032406629,https://www.zooplus.fr/shop/chiens/friandises_chien/friandises_os_chien/os_balle_macher_chien/201985
3182550783910,https://www.zooplus.fr/shop/chiens/croquettes_chien/royal_canin_veterinary_diet/problemes_dents_chien_royal_canin/566832
8710255206370,https://www.zooplus.fr/shop/chiens/boites_sachets_barquettes_chien/eukanuba_boites_chien/2410023
3700525905282,https://www.zooplus.fr/shop/chiens/complements_alimentaires_chien/complements_alimentaires_chien_huile_liquide/9980000740
4027941362284,https://www.zooplus.fr/shop/chiens/friandises_chien/heim/1997089
4040056043121,https://www.zooplus.fr/shop/chiens/complements_alimentaires_chien/chien_croissance_performance/poudre_croissance_performance_chien/1991404
4011905315386,https://www.zooplus.fr/shop/chiens/friandises_chien/friandises_batonnet_chien/batonnets_enrobes/2162458
4260165191104,https://www.zooplus.fr/shop/chiens/croquettes_chien/granatapet_croquettes_chien/granatapet_natural_taste/2314126
4062911047815,https://www.zooplus.fr/shop/chiens/friandises_chien/briantos_fitbites/dogbiski/2000783
4041489007650,https://www.zooplus.fr/shop/chiens/complements_alimentaires_chien/vitamines_chien/2391998
0064992501112,https://www.zooplus.fr/shop/chiens/croquettes_chien/acana/9980066204
8594062089964,https://www.zooplus.fr/shop/chiens/croquettes_chien/calibra_veterinary_diet/1909558
0064992183608,https://www.zooplus.fr/shop/chiens/croquettes_chien/adulte/9980002085
4062911006331,https://www.zooplus.fr/shop/chiens/boites_sachets_barquettes_chien/lukullus_menu_gustico/lots_economiques_patee_lukullus_gustico/742643
8711231103126,https://www.zooplus.fr/shop/chiens/complements_alimentaires_chien/pelage_peau_chien/pelage_peau_comprimes_chien/787807
3336024823293,https://www.zooplus.fr/shop/chiens/friandises_chien/9980005635
4250078907107,https://www.zooplus.fr/shop/chiens/friandises_chien/petites_friandises/9980014616
7613034488657,https://www.zooplus.fr/shop/chiens/croquettes_chien/dog_chow_croquettes_chien/chiot/457447
4260697461119,https://www.zooplus.fr/shop/chiens/friandises_chien/petites_friandises/9980064465
8001154121919,https://www.zooplus.fr/shop/chiens/croquettes_chien/adulte/9980002759
4062911010246,https://www.zooplus.fr/shop/chiens/friandises_chien/friandises_batonnet_chien/batonnets_enrobes/1132215
0052742210100,https://www.zooplus.fr/shop/chiens/croquettes_chien_races/races_moyennes/9980065847
3701730400814,https://www.zooplus.fr/shop/chiens/friandises_chien/petites_friandises/9980062926
8437024553014,https://www.zooplus.fr/shop/chiens/friandises_chien/petites_friandises/9980009409
4260512871994,https://www.zooplus.fr/shop/chiens/boites_sachets_barquettes_chien/mjamjam/1991476
7350118550144,https://www.zooplus.fr/shop/chiens/croquettes_chien/croquettes/9980066571
52742026114,https://www.zooplus.fr/shop/chiens/croquettes_chien_races/races_moyennes/9980010543
4054651024676,https://www.zooplus.fr/shop/chiens/boites_sachets_barquettes_chien/zooplus_bio/2122309
4008429148774,https://www.zooplus.fr/shop/chiens/croquettes_chien/perfect_fit/624929
5430003157329,https://www.zooplus.fr/shop/chiens/complements_alimentaires_chien/pelage_peau_chien/9980001190
8421763543443,https://www.zooplus.fr/shop/chiens/complements_alimentaires_chien/complements_alimentaires_chien_huile_liquide/9980013486
8713447026138,https://www.zooplus.fr/shop/chiens/croquettes_chien/croquettes_chien_fokker/1746555
3760401051359,https://www.zooplus.fr/shop/chiens/friandises_chien/friandises_chien_volaille/9980013037
8721551680313,https://www.zooplus.fr/shop/chiens/friandises_chien/bois_corne_sabot/9980073284
8683769643545,https://www.zooplus.fr/shop/chiens/complements_alimentaires_chien/complements_alimentaires_chien_huile_liquide/9980050537
3665549206619,https://www.zooplus.fr/shop/chiens/friandises_chien/friandises_os_chien/9980062467
074198614547,https://www.zooplus.fr/shop/chiens/croquettes_chien/croquettes_chien_taste_of_the_wild/croquettes_taste_of_the_wild_chien/1930046
8594062086765,https://www.zooplus.fr/shop/chiens/croquettes_chien/calibra/1747044
3700525914468,https://www.zooplus.fr/shop/chiens/complements_alimentaires_chien/complements_alimentaires_chien_huile_liquide/9980000738
5414970060615,https://www.zooplus.fr/shop/chiens/croquettes_chien/arion/1991457
4260488280967,https://www.zooplus.fr/shop/chiens/friandises_chien/friandises_sans_cereales_chien/9980062195
8020245714007,https://www.zooplus.fr/shop/chiens/croquettes_chien/forza10_croquettes_chien/active_line/2142892
4015598012881,https://www.zooplus.fr/shop/chiens/croquettes_chien/bosch_croquettes_chien/bosch_junior_croquettes_chien/570306
8595602546046,https://www.zooplus.fr/shop/chiens/croquettes_chien/carnilove/9980002586
4062911059443,https://www.zooplus.fr/shop/chiens/croquettes_chien/rocco_croquettes/a_decouvrir/2402379
4000158916501,https://www.zooplus.fr/shop/chiens/friandises_chien/friandises_chien_bandes/bande_a_macher_rinti/348531
8595706700269,https://www.zooplus.fr/shop/chiens/boites_sachets_barquettes_chien/calibra_veterinary_diet/1927988
5430002585581,https://www.zooplus.fr/shop/chiens/croquettes_chien/adulte/9980005524
3336024826157,https://www.zooplus.fr/shop/chiens/friandises_chien/friandises_os_chien/9980062804
3605874645523,https://www.zooplus.fr/shop/chiens/complements_alimentaires_chien/complements_alimentaires_chien_huile_liquide/9980011666
4011905031736,https://www.zooplus.fr/shop/chiens/friandises_chien/petites_friandises/9980005353
5430001795097,https://www.zooplus.fr/shop/chiens/croquettes_chien/adulte/9980005502
4022858130575,https://www.zooplus.fr/shop/chiens/friandises_chien/lyophilisees/9980008099
8721551680344,https://www.zooplus.fr/shop/chiens/friandises_chien/bois_corne_sabot/9980073190
8424160027691,https://www.zooplus.fr/shop/chiens/friandises_chien/friandises_chien_volaille/9980002973
8410650271668,https://www.zooplus.fr/shop/chiens/croquettes_chien/natures_variety/selected/1077585
8710255206387,https://www.zooplus.fr/shop/chiens/boites_sachets_barquettes_chien/eukanuba_boites_chien/2404522
4260488283692,https://www.zooplus.fr/shop/chiens/friandises_chien/friandises_sans_cereales_chien/9980062349
8430336092011,https://www.zooplus.fr/shop/chiens/complements_alimentaires_chien/ossature_articulations_chien/ossature_articulations_comprimes_chien/1747091
3561963601040,https://www.zooplus.fr/shop/chiens/croquettes_chien/virbac_vet_hpm/9980006741
3182550702874,https://www.zooplus.fr/shop/chiens/croquettes_chien/royal_canin_club_selection_croquettes_chien/royal_canin_special_club_croquettes_chien/45551
3760401052837,https://www.zooplus.fr/shop/chiens/friandises_chien/bois_corne_sabot/9980012934
8594062088929,https://www.zooplus.fr/shop/chiens/croquettes_chien/calibra/1747111
4011905315867,https://www.zooplus.fr/shop/chiens/friandises_chien/friandises_batonnet_chien/batonnets_fourres/1746077
8021680752937,https://www.zooplus.fr/shop/chiens/friandises_chien/lyophilisees/9980048641
5400585094107,https://www.zooplus.fr/shop/chiens/friandises_chien/friandises_chien_volaille/9980005610
4060629154177,https://www.zooplus.fr/shop/chiens/complements_alimentaires_chien/complements_alimentaires_chien_huile_liquide/9980181614
8002754102827,https://www.zooplus.fr/shop/chiens/croquettes_chien/adulte/9980002522
5425039486239,https://www.zooplus.fr/shop/chiens/croquettes_chien/edgard_cooper/chiot/1613832
5701170121032,https://www.zooplus.fr/shop/chiens/boites_sachets_barquettes_chien/adulte/9980006843
9003579114896,https://www.zooplus.fr/shop/chiens/boites_sachets_barquettes_chien/adulte/9980055129
4011905313283,https://www.zooplus.fr/shop/chiens/friandises_chien/petites_friandises/9980005579
5060560754312,https://www.zooplus.fr/shop/chiens/complements_alimentaires_chien/vitamines_chien/comprimes_taurine_vitamines_chien/2001822
3561963601507,https://www.zooplus.fr/shop/chiens/croquettes_chien/virbac_vet_hpm/9980007019
8059149043210,https://www.zooplus.fr/shop/chiens/croquettes_chien/croquettes_chien_trainer_natural_nova_foods/croquettes_petit_chien_trainer_natural_nova_foods/1991510
3760255510972,https://www.zooplus.fr/shop/chiens/friandises_chien/petites_friandises/9980002743
8710429018167,https://www.zooplus.fr/shop/chiens/croquettes_chien/smolke_croquettes_chien/1746381
4260535818334,https://www.zooplus.fr/shop/chiens/boites_sachets_barquettes_chien/rocco_boites_chien/rocco_menu_boites_chien/979684
8424160025246,https://www.zooplus.fr/shop/chiens/boites_sachets_barquettes_chien/adulte/9980000150
8710255202013,https://www.zooplus.fr/shop/chiens/croquettes_chien/eukanuba_croquettes_chien/eukanubapremiumnutrition/2387510
4260488282152,https://www.zooplus.fr/shop/chiens/croquettes_chien/adulte/9980062317
3770000461695,https://www.zooplus.fr/shop/chiens/friandises_chien/9980052409
3401173690048,https://www.zooplus.fr/shop/chiens/complements_alimentaires_chien/mp_labo/9980006925
3760401052714,https://www.zooplus.fr/shop/chiens/friandises_chien/bois_corne_sabot/9980012938
5011792006410,https://www.zooplus.fr/shop/chiens/friandises_chien/9980008495
9003579008201,https://www.zooplus.fr/shop/chiens/boites_sachets_barquettes_chien/royal_canin_boites_chien/mini/697255
4260101763372,https://www.zooplus.fr/shop/chiens/friandises_chien/friandises_comprimes_chien/friandises_drop_snack_chien_chewies/453787
3182550736046,https://www.zooplus.fr/shop/chiens/croquettes_chien/royal_canin_breed_croquettes_chien/dogue_allemand_croquettes_royal_canin/207061
8435117891098,https://www.zooplus.fr/shop/chiens/croquettes_chien/arquivet/2227039
4062911065154,https://www.zooplus.fr/shop/chiens/croquettes_chien/wolf_of_wilderness/wolf_of_wilddreness_adulte_croquettes/957516
4260488282244,https://www.zooplus.fr/shop/chiens/friandises_chien/friandises_sans_cereales_chien/9980062263
4032326019479,https://www.zooplus.fr/shop/chiens/complements_alimentaires_chien/estomac_intestin_chien/estomac_intestin_poudre_flocons_chien/1746024
4250078977612,https://www.zooplus.fr/shop/chiens/friandises_chien/petites_friandises/9980049533
3760185061186,https://www.zooplus.fr/shop/chiens/croquettes_chien/adulte/9980002565
4260488284668,https://www.zooplus.fr/shop/chiens/friandises_chien/friandises_sans_cereales_chien/9980062269
8425402750124,https://www.zooplus.fr/shop/chiens/friandises_chien/petites_friandises/9980052774
4260697460532,https://www.zooplus.fr/shop/chiens/friandises_chien/bois_corne_sabot/9980063495
3700525902557,https://www.zooplus.fr/shop/chiens/complements_alimentaires_chien/complements_alimentaires_chien_huile_liquide/9980000747
3605874408975,https://www.zooplus.fr/shop/chiens/complements_alimentaires_chien/complements_alimentaires_chien_huile_liquide/9980007089
8714265000256,https://www.zooplus.fr/shop/chiens/croquettes_chien/yarrah_croquettes_chien/9980002571
5060184244817,https://www.zooplus.fr/shop/chiens/boites_sachets_barquettes_chien/lilys_kitchen/2093031
4260488283364,https://www.zooplus.fr/shop/chiens/friandises_chien/friandises_sans_cereales_chien/9980062264
8435117821354,https://www.zooplus.fr/shop/chiens/friandises_chien/lyophilisees/9980010500
8424160024454,https://www.zooplus.fr/shop/chiens/boites_sachets_barquettes_chien/adulte/9980000164
3760080533122,https://www.zooplus.fr/shop/chiens/croquettes_chien/nutrivet/nutrivet_croquettes_naturelles_chien/2109022
8710255154046,https://www.zooplus.fr/shop/chiens/croquettes_chien/iams_croquettes_chien/adult/2145991
3666639133211,https://www.zooplus.fr/shop/chiens/friandises_chien/bois_corne_sabot/9980069174
8010276036490,https://www.zooplus.fr/shop/chiens/croquettes_chien/farmina/grainfree/1991467
4260488284200,https://www.zooplus.fr/shop/chiens/friandises_chien/friandises_sans_cereales_chien/9980062356
8435117892798,https://www.zooplus.fr/shop/chiens/croquettes_chien/adulte/9980063914
4000819005919,https://www.zooplus.fr/shop/chiens/friandises_chien/friandises_chien_poisson/friandises_chien_poisson_deshydrate/860254
31658803880,https://www.zooplus.fr/shop/chiens/complements_alimentaires_chien/complements_alimentaires_chien_comprimes/2126333
8005852161758,https://www.zooplus.fr/shop/chiens/complements_alimentaires_chien/complements_alimentaires_chien_huile_liquide/9980068154
8710255206318,https://www.zooplus.fr/shop/chiens/boites_sachets_barquettes_chien/eukanuba_boites_chien/2422660
3336024823156,https://www.zooplus.fr/shop/chiens/friandises_chien/9980005638
7392552005057,https://www.zooplus.fr/shop/chiens/croquettes_chien/carrier/1991355
8716811000109,https://www.zooplus.fr/shop/chiens/boites_sachets_barquettes_chien/trovet/2361129
3182550939829,https://www.zooplus.fr/shop/chiens/croquettes_chien/royal_canin_veterinary_diet/allergies_intolerance_alimentaires_chien/301231
9120134040169,https://www.zooplus.fr/shop/chiens/friandises_chien/friandises_chien_favoris/2301290
4260730711713,https://www.zooplus.fr/shop/chiens/complements_alimentaires_chien/ossature_articulations_chien/2093727
8020245713208,https://www.zooplus.fr/shop/chiens/croquettes_chien/forza10_croquettes_chien/forza10_diet_croquettes_chien/1990977
3411113083946,https://www.zooplus.fr/shop/chiens/complements_alimentaires_chien/anti_stress_chien/1396195
8710255121062,https://www.zooplus.fr/shop/chiens/croquettes_chien/adulte/9980007007
5060978814059,https://www.zooplus.fr/shop/chiens/complements_alimentaires_chien/complements_alimentaires_chien_huile_liquide/9980003054
9003579029817,https://www.zooplus.fr/shop/chiens/boites_sachets_barquettes_chien/royal_canin_boites_chien/medium/2070417
5430003885031,https://www.zooplus.fr/shop/chiens/complements_alimentaires_chien/pelage_peau_chien/9980014102
4032254770749,https://www.zooplus.fr/shop/chiens/croquettes_chien/josera_croquettes_chien/chien_profiline/2168422
3561963600296,https://www.zooplus.fr/shop/chiens/croquettes_chien/virbac_vet_hpm/9980007016
3605874350823,https://www.zooplus.fr/shop/chiens/complements_alimentaires_chien/anti_stress_chien/614535
4008429169618,https://www.zooplus.fr/shop/chiens/boites_sachets_barquettes_chien/james_wellbeloved/chien_adulte/2220031
5425039486475,https://www.zooplus.fr/shop/chiens/boites_sachets_barquettes_chien/edgard_cooper/chiot/1605917
4047459008009,https://www.zooplus.fr/shop/chiens/boites_sachets_barquettes_chien/chiot/9980066686
9120063682881,https://www.zooplus.fr/shop/chiens/friandises_chien/friandises_chien_volaille/friandises_chien_volaille_autre/2317960
5400585145885,https://www.zooplus.fr/shop/chiens/friandises_chien/friandises_chien_volaille/9980005640
4011905258232,https://www.zooplus.fr/shop/chiens/complements_alimentaires_chien/complements_alimentaires_chien_huile_liquide/9980005461
8001154121865,https://www.zooplus.fr/shop/chiens/croquettes_chien/adulte/9980008514
4011905092683,https://www.zooplus.fr/shop/chiens/friandises_chien/petites_friandises/9980005549
8020245104259,https://www.zooplus.fr/shop/chiens/croquettes_chien/forza10_croquettes_chien/active_line/1991098
4260488281094,https://www.zooplus.fr/shop/chiens/friandises_chien/friandises_sans_cereales_chien/9980062240
4011905315911,https://www.zooplus.fr/shop/chiens/friandises_chien/friandises_os_chien/os_chien_pedigree/571469
8425402750094,https://www.zooplus.fr/shop/chiens/friandises_chien/bois_corne_sabot/9980010532
8410650206448,https://www.zooplus.fr/shop/chiens/croquettes_chien/affinity_advance_veterinary_diets/lots_eco_affinity_advance/453987
8606014105605,https://www.zooplus.fr/shop/chiens/boites_sachets_barquettes_chien/adulte/9980066277
4260488281049,https://www.zooplus.fr/shop/chiens/friandises_chien/friandises_sans_cereales_chien/9980062258
5400585146578,https://www.zooplus.fr/shop/chiens/friandises_chien/petites_friandises/9980005646
9003579024447,https://www.zooplus.fr/shop/chiens/boites_sachets_barquettes_chien/royal_canin_veterinary_diet/troubles_intestinaux/1897433
8005852161710,https://www.zooplus.fr/shop/chiens/croquettes_chien_races/races_moyennes/9980065767
4000158913654,https://www.zooplus.fr/shop/chiens/friandises_chien/friandises_chien_bandes/bande_a_macher_rinti/171766
4011905092676,https://www.zooplus.fr/shop/chiens/friandises_chien/petites_friandises/9980004466
5600276940106,https://www.zooplus.fr/shop/chiens/croquettes_chien/adulte/9980049403
3760443010260,https://www.zooplus.fr/shop/chiens/alimentation_barf/9980065173
6430032290553,https://www.zooplus.fr/shop/chiens/complements_alimentaires_chien/ossature_articulations_chien/9980066684
4062911048973,https://www.zooplus.fr/shop/chiens/boites_sachets_barquettes_chien/briantos/offres_essai/2005243
7311030450615,https://www.zooplus.fr/shop/chiens/croquettes_chien/bozita_croquettes_chien/sans_cereales/1413818
8410650168128,https://www.zooplus.fr/shop/chiens/croquettes_chien/affinity_advance_veterinary_diets/reins_voies_urinaires/607865
8436586310844,https://www.zooplus.fr/shop/chiens/croquettes_chien/primal/1746551
9421038210093,https://www.zooplus.fr/shop/chiens/croquettes_chien/ziwi_peak/2178102
3283021753972,https://www.zooplus.fr/shop/chiens/complements_alimentaires_chien/complements_alimentaires_chien_huile_liquide/9980011199
0064992185121,https://www.zooplus.fr/shop/chiens/croquettes_chien/adulte/9980002075
4066736007139,https://www.zooplus.fr/shop/chiens/boites_sachets_barquettes_chien/terra_canis_boites_chien/terra_canis_sans_cereales/1851862
4260488283708,https://www.zooplus.fr/shop/chiens/friandises_chien/friandises_sans_cereales_chien/9980062301
4048422152637,https://www.zooplus.fr/shop/chiens/friandises_chien/friandises_chien_bandes/8in1/1418219
8595706701235,https://www.zooplus.fr/shop/chiens/croquettes_chien/calibra/1907705
4260358517292,https://www.zooplus.fr/shop/chiens/croquettes_chien/wolf_of_wilderness/offres_essai/475976
4062911012417,https://www.zooplus.fr/shop/chiens/croquettes_chien/concept_for_life_dogs/mini/559502
8410650206479,https://www.zooplus.fr/shop/chiens/croquettes_chien/affinity_advance_veterinary_diets/problemes_articulaires/590359
4062911019362,https://www.zooplus.fr/shop/chiens/croquettes_chien/lukullus_croquettes_chiens/adulte/873008
4250078980339,https://www.zooplus.fr/shop/chiens/boites_sachets_barquettes_chien/petit_chien/9980064494
4062911047624,https://www.zooplus.fr/shop/chiens/friandises_chien/friandises_chien_lukullus/vegan/1990829
4015598024105,https://www.zooplus.fr/shop/chiens/croquettes_chien/bosch_croquettes_chien/my_friend/1998604
0064992521110,https://www.zooplus.fr/shop/chiens/croquettes_chien/adulte/9980066199
3182550710992,https://www.zooplus.fr/shop/chiens/croquettes_chien/adulte/9980006818
4260488281100,https://www.zooplus.fr/shop/chiens/friandises_chien/viande_de_cerf/9980175850
4250078977643,https://www.zooplus.fr/shop/chiens/friandises_chien/9980049527
3561963630330,https://www.zooplus.fr/shop/chiens/croquettes_chien/virbac_vet_hpm/adulte/617341
810833027514,https://www.zooplus.fr/shop/chiens/friandises_chien/friandises_os_chien/os_noue_boeuf_chien/1406556
7640303590391,https://www.zooplus.fr/shop/chiens/friandises_chien/friandises_chien_agneau/oreilles_panses/972120
8011259002556,https://www.zooplus.fr/shop/chiens/croquettes_chien/exclusion_croquettes_chien/1991200
8410650271439,https://www.zooplus.fr/shop/chiens/croquettes_chien/adulte/9980052273
3760151730160,https://www.zooplus.fr/shop/chiens/complements_alimentaires_chien/complements_alimentaires_chien_huile_liquide/9980054654
8713447058306,https://www.zooplus.fr/shop/chiens/croquettes_chien/croquettes_chien_fokker/croquettes_fokker_chien_adulte/2138296
5400585130966,https://www.zooplus.fr/shop/chiens/friandises_chien/friandises_os_chien/9980003222
3283021704257,https://www.zooplus.fr/shop/chiens/friandises_chien/petites_friandises/9980003610
4032254770701,https://www.zooplus.fr/shop/chiens/croquettes_chien/josera_croquettes_chien/chien_profiline/2168097
3666639133068,https://www.zooplus.fr/shop/chiens/friandises_chien/bois_corne_sabot/9980069140
3760401052639,https://www.zooplus.fr/shop/chiens/croquettes_chien/adulte/9980049055
8595602508891,https://www.zooplus.fr/shop/chiens/croquettes_chien/carnilove/9980065584
3336024823637,https://www.zooplus.fr/shop/chiens/friandises_chien/petites_friandises/9980057877
7613035158788,https://www.zooplus.fr/shop/chiens/croquettes_chien/croquettes_chien_purina_veterinary_diets/reins_voies_urinaires_chien_croquettes_purina/233188
3336024826706,https://www.zooplus.fr/shop/chiens/friandises_chien/friandises_chien_boeuf/9980005211
4260578754293,https://www.zooplus.fr/shop/chiens/friandises_chien/friandises_chien_bandes/snacks/2188560
5400585322880,https://www.zooplus.fr/shop/chiens/friandises_chien/friandises_chien_volaille/9980065475
3760080533108,https://www.zooplus.fr/shop/chiens/croquettes_chien/nutrivet/nutrivet_croquettes_naturelles_chien/2177378
8010276040091,https://www.zooplus.fr/shop/chiens/croquettes_chien/adulte/9980066358
3760401051878,https://www.zooplus.fr/shop/chiens/friandises_chien/bois_corne_sabot/9980013047
8710255201818,https://www.zooplus.fr/shop/chiens/croquettes_chien/eukanuba_croquettes_chien/eukanubapremiumnutrition/2393354
8714265090622,https://www.zooplus.fr/shop/chiens/boites_sachets_barquettes_chien/yarrah_boites_chien/yarrah_barquettes_chien/44426
4260730712499,https://www.zooplus.fr/shop/chiens/complements_alimentaires_chien/paws_patch/2398078
3701730400678,https://www.zooplus.fr/shop/chiens/pathologies_canines/low_fat/9980061326
4032254748922,https://www.zooplus.fr/shop/chiens/friandises_chien/friandises_comprimes_chien/friandises_drop_chien_josera/767903
7613035158757,https://www.zooplus.fr/shop/chiens/croquettes_chien/croquettes_chien_purina_veterinary_diets/croquettes_obesite_surpoids_veterinary_diets_chien/233276
5701170112115,https://www.zooplus.fr/shop/chiens/croquettes_chien/adulte/9980006961
4260730710235,https://www.zooplus.fr/shop/chiens/complements_alimentaires_chien/vitamines_chien/poudre_flocons_vitamines_chien/1746087
4000819005209,https://www.zooplus.fr/shop/chiens/friandises_chien/friandises_chien_dibo/2230344
4260650920868,https://www.zooplus.fr/shop/chiens/complements_alimentaires_chien/complements_alimentaires_chien_huile_liquide/9980001256
4062911016514,https://www.zooplus.fr/shop/chiens/croquettes_chien/wolf_of_wilderness/wow_softandstrong_croquettes/1225620
8859387701114,https://www.zooplus.fr/shop/chiens/friandises_chien/bois_corne_sabot/9980066638
6154531810820,https://www.zooplus.fr/shop/chiens/complements_alimentaires_chien/complements_alimentaires_chien_huile_liquide/9980061279
5425039486161,https://www.zooplus.fr/shop/chiens/croquettes_chien/edgard_cooper/9980014001
4011905027326,https://www.zooplus.fr/shop/chiens/friandises_chien/friandises_batonnet_chien/batonnets_fourres/16022
5060708560423,https://www.zooplus.fr/shop/chiens/pathologies_canines/low_fat/9980066340
8032766444004,https://www.zooplus.fr/shop/chiens/friandises_chien/friandises_batonnet_chien/9980052845
5056273604822,https://www.zooplus.fr/shop/chiens/friandises_chien/friandises_batonnet_chien/9980006978
4062911016972,https://www.zooplus.fr/shop/chiens/croquettes_chien/concept_for_life_dogs/race/559559
8005852150134,https://www.zooplus.fr/shop/chiens/croquettes_chien/schesir/2111465
4000819008002,https://www.zooplus.fr/shop/chiens/friandises_chien/friandises_comprimes_chien/friandises_diverses_chien/48703
3336024828694,https://www.zooplus.fr/shop/chiens/friandises_chien/friandises_os_chien/9980003343
4047459010026,https://www.zooplus.fr/shop/chiens/boites_sachets_barquettes_chien/nourriture_humide/9980066611
8710255206691,https://www.zooplus.fr/shop/chiens/croquettes_chien/eukanuba_croquettes_chien/eukanuba_adulte_croquettes_chien/1268427
3760368528642,https://www.zooplus.fr/shop/chiens/friandises_chien/petites_friandises/9980048644
8009470004411,https://www.zooplus.fr/shop/chiens/croquettes_chien/monge/1991648
8010276044648,https://www.zooplus.fr/shop/chiens/croquettes_chien/farmina/n_d_low_grain/2276955
052742064932,https://www.zooplus.fr/shop/chiens/boites_sachets_barquettes_chien/boites_chien_hills_prescription_diet/troubles_intestinaux/469341
4260697462130,https://www.zooplus.fr/shop/chiens/croquettes_chien/adulte/9980064464
816551001263,https://www.zooplus.fr/shop/chiens/croquettes_chien/adulte/9980066539
052742058603,https://www.zooplus.fr/shop/chiens/boites_sachets_barquettes_chien/boites_chien_hills_prescription_diet/obesite_surpoids/1665426
4250078967996,https://www.zooplus.fr/shop/chiens/friandises_chien/friandises_sans_cereales_chien/9980049932
4057589090911,https://www.zooplus.fr/shop/chiens/friandises_chien/lyophilisees/9980064750
7640135420217,https://www.zooplus.fr/shop/chiens/complements_alimentaires_chien/ossature_articulations_chien/9980063821
3401173905470,https://www.zooplus.fr/shop/chiens/complements_alimentaires_chien/complements_alimentaires_chien_huile_liquide/9980065705
3760368523906,https://www.zooplus.fr/shop/chiens/friandises_chien/petites_friandises/9980052368
4260488282114,https://www.zooplus.fr/shop/chiens/friandises_chien/friandises_sans_cereales_chien/9980062300
3760401051120,https://www.zooplus.fr/shop/chiens/friandises_chien/friandises_chien_poisson/9980013019
8410136028908,https://www.zooplus.fr/shop/chiens/boites_sachets_barquettes_chien/cesar_boites_chiens/sachets/626962
4048422181125,https://www.zooplus.fr/shop/chiens/friandises_chien/friandise_chien_8in1delights/delights_poulet/2145246
3700525917377,https://www.zooplus.fr/shop/chiens/complements_alimentaires_chien/complements_alimentaires_chien_huile_liquide/9980000770
9003579013502,https://www.zooplus.fr/shop/chiens/boites_sachets_barquettes_chien/royal_canin_veterinary_diet/problemes_renaux_urinaires/565909
3760401052387,https://www.zooplus.fr/shop/chiens/friandises_chien/bois_corne_sabot/9980013031
3760401050826,https://www.zooplus.fr/shop/chiens/friandises_chien/9980013012
4260730711317,https://www.zooplus.fr/shop/chiens/complements_alimentaires_chien/paws_patch/2105832
8413037331993,https://www.zooplus.fr/shop/chiens/croquettes_chien_races/races_moyennes/9980065909
4060629081619,https://www.zooplus.fr/shop/chiens/friandises_chien/chiens_ages/9980012278
4017721727327,https://www.zooplus.fr/shop/chiens/boites_sachets_barquettes_chien/animonda_boites_chien/9980008458
5400585218947,https://www.zooplus.fr/shop/chiens/friandises_chien/friandises_chien_boeuf/9980003852
4260488281896,https://www.zooplus.fr/shop/chiens/friandises_chien/friandises_sans_cereales_chien/9980062287
8424160025260,https://www.zooplus.fr/shop/chiens/boites_sachets_barquettes_chien/adulte/9980000152
8683769640698,https://www.zooplus.fr/shop/chiens/complements_alimentaires_chien/complements_alimentaires_chien_huile_liquide/9980050793
4260488281032,https://www.zooplus.fr/shop/chiens/friandises_chien/friandises_sans_cereales_chien/9980062260
4251276205972,https://www.zooplus.fr/shop/chiens/friandises_chien/friandises_chien_dokas/autres_friandises/2344543
4060629151824,https://www.zooplus.fr/shop/chiens/boites_sachets_barquettes_chien/adulte/9980069058
8001154121933,https://www.zooplus.fr/shop/chiens/croquettes_chien/croquettes_small_mini_breed/9980004707
4002633556813,https://www.zooplus.fr/shop/chiens/croquettes_chien/belcando/sans_cereales/629407
5998749140741,https://www.zooplus.fr/shop/chiens/friandises_chien/friandises_batonnet_chien/batonnets_soins_dentaires/300725
4015598021678,https://www.zooplus.fr/shop/chiens/friandises_chien/sammy/2595612
4032254795681,https://www.zooplus.fr/shop/chiens/croquettes_chien/josera_croquettes_chien/2473760
3541990388596,https://www.zooplus.fr/shop/chiens/friandises_chien/petites_friandises/9980002543
3700380388176,https://www.zooplus.fr/shop/chiens/friandises_chien/petites_friandises/9980012624
5400585328196,https://www.zooplus.fr/shop/chiens/friandises_chien/petites_friandises/9980015114
8005852163400,https://www.zooplus.fr/shop/chiens/croquettes_chien/schesir/2110484
4032254753742,https://www.zooplus.fr/shop/chiens/croquettes_chien/josera_croquettes_chien/chien_adulte/2234211
8720165908127,https://www.zooplus.fr/shop/chiens/complements_alimentaires_chien/complements_alimentaires_chien_huile_liquide/9980011662
8710255120980,https://www.zooplus.fr/shop/chiens/croquettes_chien/adulte/9980006964
8009470011112,https://www.zooplus.fr/shop/chiens/croquettes_chien/monge/1991406
4260730711539,https://www.zooplus.fr/shop/chiens/complements_alimentaires_chien/paws_patch/2196129
8021680755365,https://www.zooplus.fr/shop/chiens/friandises_chien/lyophilisees/9980048663
8425402686690,https://www.zooplus.fr/shop/chiens/croquettes_chien/natural_greatness/1746479
5410340330661,https://www.zooplus.fr/shop/chiens/croquettes_chien/adulte/9980054667
3760401051588,https://www.zooplus.fr/shop/chiens/friandises_chien/friandises_chien_porc/9980012947
4016598065266,https://www.zooplus.fr/shop/chiens/friandises_chien/friandises_os_chien/os_chien/2129956
3182550761826,https://www.zooplus.fr/shop/chiens/croquettes_chien/royal_canin_veterinary_diet/sterilisation_castration/2138012
3336024828830,https://www.zooplus.fr/shop/chiens/friandises_chien/friandises_chien_volaille/9980003510
4001967113860,https://www.zooplus.fr/shop/chiens/croquettes_chien/happy_dog_croquettes_chien/happy_dog_supreme_croquettes_chien/702242
3760401052905,https://www.zooplus.fr/shop/chiens/friandises_chien/friandises_chien_boeuf/9980013048
4000158914392,https://www.zooplus.fr/shop/chiens/friandises_chien/friandise_chien_rinti/chicko_plus/2541654
5425039486109,https://www.zooplus.fr/shop/chiens/croquettes_chien/edgard_cooper/adulte/2579433
5400585146998,https://www.zooplus.fr/shop/chiens/friandises_chien/9980005367
3182550915359,https://www.zooplus.fr/shop/chiens/croquettes_chien/adulte/9980013775
3700543085447,https://www.zooplus.fr/shop/chiens/complements_alimentaires_chien/complements_alimentaires_chien_huile_liquide/9980002606
4260730710990,https://www.zooplus.fr/shop/chiens/complements_alimentaires_chien/vitamines_chien/poudre_flocons_vitamines_chien/1746083
4260677550062,https://www.zooplus.fr/shop/chiens/complements_alimentaires_chien/complements_alimentaires_chien_huile_liquide/9980050420
8683769900648,https://www.zooplus.fr/shop/chiens/complements_alimentaires_chien/complements_alimentaires_chien_huile_liquide/9980061113
8410650206455,https://www.zooplus.fr/shop/chiens/croquettes_chien/affinity_advance_veterinary_diets/problemes_articulaires/590360
3701730400821,https://www.zooplus.fr/shop/chiens/croquettes_chien/riche_en_viande/9980062932
8595237035335,https://www.zooplus.fr/shop/chiens/croquettes_chien/fitmin/1746841
8437024553052,https://www.zooplus.fr/shop/chiens/friandises_chien/bois_corne_sabot/9980009406
8595602526529,https://www.zooplus.fr/shop/chiens/croquettes_chien/brit/brit_premium/1746525
3760401050680,https://www.zooplus.fr/shop/chiens/friandises_chien/friandises_chien_poisson/9980013018
4260756990994,https://www.zooplus.fr/shop/chiens/croquettes_chien/9980003098
3597133083095,https://www.zooplus.fr/shop/chiens/friandises_chien/friandises_batonnet_chien/9980013807
8020245713499,https://www.zooplus.fr/shop/chiens/croquettes_chien/forza10_croquettes_chien/forza10_diet_croquettes_chien/2031633
4037901128928,https://www.zooplus.fr/shop/chiens/friandises_chien/friandises_batonnet_chien/batonnets_enrobes/1455415
5998274315737,https://www.zooplus.fr/shop/chiens/croquettes_chien/fitactive/2178120
3700525918138,https://www.zooplus.fr/shop/chiens/complements_alimentaires_chien/pelage_peau_chien/9980000760
4062911037106,https://www.zooplus.fr/shop/chiens/boites_sachets_barquettes_chien/rocco_boites_chien/diet_care/2000885
4047459009877,https://www.zooplus.fr/shop/chiens/boites_sachets_barquettes_chien/adulte/9980066685
3760401051311,https://www.zooplus.fr/shop/chiens/friandises_chien/friandises_chien_volaille/9980012972
5391475002152,https://www.zooplus.fr/shop/chiens/complements_alimentaires_chien/chien_croissance_performance/9980012642
8020245712393,https://www.zooplus.fr/shop/chiens/boites_sachets_barquettes_chien/forza10_boites_chien/2213087
4011905318448,https://www.zooplus.fr/shop/chiens/boites_sachets_barquettes_chien/chiot/9980005474
4062911066175,https://www.zooplus.fr/shop/chiens/friandises_chien/wolf_of_wilderness/oreilles/2470671
8437013576192,https://www.zooplus.fr/shop/chiens/friandises_chien/friandises_os_chien/os_chien/289044
3700469699216,https://www.zooplus.fr/shop/chiens/friandises_chien/bois_corne_sabot/9980000725
4001967158649,https://www.zooplus.fr/shop/chiens/croquettes_chien/happy_dog_medium_croquettes_chien/happy_dog_medium_flocons_chien/1397970
4262459380898,https://www.zooplus.fr/shop/chiens/friandises_chien/friandiseschiengeorgeandbob/2349602
4032254789628,https://www.zooplus.fr/shop/chiens/croquettes_chien/green_petfood/2414920
3700971801237,https://www.zooplus.fr/shop/chiens/croquettes_chien/croquettes/9980067130
8683769976414,https://www.zooplus.fr/shop/chiens/complements_alimentaires_chien/complements_alimentaires_chien_huile_liquide/9980053296
4000158970442,https://www.zooplus.fr/shop/chiens/boites_sachets_barquettes_chien/reddy_boites_chien/729089
4251424300900,https://www.zooplus.fr/shop/chiens/friandises_chien/friandises_comprimes_chien/friandises_drop_chien_caniland/781730
3760401051045,https://www.zooplus.fr/shop/chiens/friandises_chien/friandises_chien_volaille/9980012932
3664499000575,https://www.zooplus.fr/shop/chiens/complements_alimentaires_chien/9980013374
8005852126252,https://www.zooplus.fr/shop/chiens/friandises_chien/friandises_batonnet_chien/9980057216
074198614585,https://www.zooplus.fr/shop/chiens/croquettes_chien/croquettes_chien_taste_of_the_wild/croquettes_taste_of_the_wild_chien/1928729
8410650557519,https://www.zooplus.fr/shop/chiens/croquettes_chien/affinity_libra/1746389
8001154124491,https://www.zooplus.fr/shop/chiens/boites_sachets_barquettes_chien/petit_chien/9980002572
4062911118119,https://www.zooplus.fr/shop/chiens/boites_sachets_barquettes_chien/rocco_boites_chien/diet_care/1889535
4262437747835,https://www.zooplus.fr/shop/chiens/boites_sachets_barquettes_chien/boitesluckyjim/2415256
8009470006934,https://www.zooplus.fr/shop/chiens/boites_sachets_barquettes_chien/monge/1991215
8445290297983,https://www.zooplus.fr/shop/chiens/boites_sachets_barquettes_chien/purina_one/2234924
6420612233834,https://www.zooplus.fr/shop/chiens/croquettes_chien/golden_eagle/1991348
3770015318052,https://www.zooplus.fr/shop/chiens/boites_sachets_barquettes_chien/petit_chien/9980064653
5400585146967,https://www.zooplus.fr/shop/chiens/friandises_chien/9980003978
3760270500507,https://www.zooplus.fr/shop/chiens/complements_alimentaires_chien/complements_alimentaires_chien_huile_liquide/9980057027
4011905027999,https://www.zooplus.fr/shop/chiens/friandises_chien/friandises_chien_trixie/batonnets_a_macher/2470313
4260697461133,https://www.zooplus.fr/shop/chiens/friandises_chien/petites_friandises/9980064467
5425039485140,https://www.zooplus.fr/shop/chiens/croquettes_chien/edgard_cooper/adulte/2578047
8435458401765,https://www.zooplus.fr/shop/chiens/complements_alimentaires_chien/ossature_articulations_chien/ossature_articulations_comprimes_chien/626470
7613287106513,https://www.zooplus.fr/shop/chiens/friandises_chien/friandises_batonnet_chien/batonnets_soins_dentaires/2184523
4017721823616,https://www.zooplus.fr/shop/chiens/boites_sachets_barquettes_chien/animonda_boites_chien/animonda_vom_feinsten_barquettes_chien/1895172
5701170111712,https://www.zooplus.fr/shop/chiens/croquettes_chien/adulte/9980006778
8020245713468,https://www.zooplus.fr/shop/chiens/croquettes_chien/forza10_croquettes_chien/2025549
5060084773905,https://www.zooplus.fr/shop/chiens/boites_sachets_barquettes_chien/burns_patee_chien/332533
5054251026031,https://www.zooplus.fr/shop/chiens/croquettes_chien/applaws/9980008446
7613036611329,https://www.zooplus.fr/shop/chiens/croquettes_chien/purina_pro_plan_croquettes_chien/adult_optibalance/2184295
3760404050120,https://www.zooplus.fr/shop/chiens/croquettes_chien/adulte/9980013841
3666639124622,https://www.zooplus.fr/shop/chiens/friandises_chien/bois_corne_sabot/9980067262
7610290020003,https://www.zooplus.fr/shop/chiens/friandises_chien/friandises_chien_bandes/delibest/610387
4032254797920,https://www.zooplus.fr/shop/chiens/boites_sachets_barquettes_chien/josera_boites_chien/2616913
7613036731324,https://www.zooplus.fr/shop/chiens/croquettes_chien/adulte/9980009705
3701730401002,https://www.zooplus.fr/shop/chiens/complements_alimentaires_chien/pelage_peau_chien/9980064533
3700971800261,https://www.zooplus.fr/shop/chiens/croquettes_chien/adulte/9980066878
4260650920875,https://www.zooplus.fr/shop/chiens/complements_alimentaires_chien/estomac_intestin_chien/9980001254
4062911038325,https://www.zooplus.fr/shop/chiens/croquettes_chien/croquettes_chien_purizon/single_meat/764008
7392552005019,https://www.zooplus.fr/shop/chiens/croquettes_chien/carrier/1991124
3760401051274,https://www.zooplus.fr/shop/chiens/friandises_chien/9980013033
8002754102759,https://www.zooplus.fr/shop/chiens/croquettes_chien/adulte/9980173751
4260488282213,https://www.zooplus.fr/shop/chiens/friandises_chien/friandises_sans_cereales_chien/9980062232
9120063683154,https://www.zooplus.fr/shop/chiens/croquettes_chien/dogs_love/1852956
3336024828670,https://www.zooplus.fr/shop/chiens/friandises_chien/friandises_chien_boeuf/9980003193
9003579010129,https://www.zooplus.fr/shop/chiens/boites_sachets_barquettes_chien/royal_canin_veterinary_diet/problemes_renaux_urinaires/750280
8710255206790,https://www.zooplus.fr/shop/chiens/croquettes_chien/eukanuba_croquettes_chien/eukanuba_adulte_croquettes_chien/1371017
03605874645523,https://www.zooplus.fr/shop/chiens/complements_alimentaires_chien/anti_stress_chien/706450
8425402749630,https://www.zooplus.fr/shop/chiens/friandises_chien/bois_corne_sabot/9980010536
7613035893160,https://www.zooplus.fr/shop/chiens/friandises_chien/friandises_batonnet_chien/9980007982
5060144750358,https://www.zooplus.fr/shop/chiens/complements_alimentaires_chien/estomac_intestin_chien/estomac_intestin_comprimes_chien/2319259
5998749128329,https://www.zooplus.fr/shop/chiens/croquettes_chien/chappi/1742925
5060144750075,https://www.zooplus.fr/shop/chiens/complements_alimentaires_chien/complements_alimentaires_chien_comprimes/complements_alimentaires_chien_os_articulations/1747025
8595602551460,https://www.zooplus.fr/shop/chiens/friandises_chien/brit/1746907
3182550822138,https://www.zooplus.fr/shop/chiens/croquettes_chien/royal_canin_breed_croquettes_chien/jack_russel_croquettes_royal_canin/1992202
3182550731355,https://www.zooplus.fr/shop/chiens/croquettes_chien/adulte/9980006869
3283021704295,https://www.zooplus.fr/shop/chiens/complements_alimentaires_chien/complements_alimentaires_chien_huile_liquide/9980063270
3760404050229,https://www.zooplus.fr/shop/chiens/croquettes_chien/adulte/9980006993
4011905919928,https://www.zooplus.fr/shop/chiens/friandises_chien/petites_friandises/9980005572
4062911037137,https://www.zooplus.fr/shop/chiens/boites_sachets_barquettes_chien/rocco_boites_chien/diet_care/2000791
4032326024398,https://www.zooplus.fr/shop/chiens/friandises_chien/lupo_friandises/2356727
8683769675225,https://www.zooplus.fr/shop/chiens/friandises_chien/bois_corne_sabot/9980050529
3760368529311,https://www.zooplus.fr/shop/chiens/friandises_chien/petites_friandises/9980048669
8059149252414,https://www.zooplus.fr/shop/chiens/croquettes_chien/croquettes_chien_trainer_natural_nova_foods/croquettes_petit_chien_trainer_natural_nova_foods/1991640
5900951315299,https://www.zooplus.fr/shop/chiens/croquettes_chien/croquettes_chien_frolic/complete/2101808
8435117891029,https://www.zooplus.fr/shop/chiens/croquettes_chien/arquivet/2226881
8413037376727,https://www.zooplus.fr/shop/chiens/croquettes_chien_races/races_moyennes/9980065988
8716793909216,https://www.zooplus.fr/shop/chiens/friandises_chien/friandises_comprimes_chien/friandises_diverses_chien/1390622
8595602581214,https://www.zooplus.fr/shop/chiens/croquettes_chien/carnilove/chien_adulte/2589718
4032254768982,https://www.zooplus.fr/shop/chiens/friandises_chien/friandises_batonnet_chien/batonnets_soins_dentaires/1581719
4062911012929,https://www.zooplus.fr/shop/chiens/complements_alimentaires_chien/concept_for_life/mobility_pellets/1018832
4260488286099,https://www.zooplus.fr/shop/chiens/friandises_chien/friandises_sans_cereales_chien/9980062338
3336024826409,https://www.zooplus.fr/shop/chiens/friandises_chien/9980005550
3660176500062,https://www.zooplus.fr/shop/chiens/complements_alimentaires_chien/complements_alimentaires_chien_huile_liquide/9980063794
5902921306238,https://www.zooplus.fr/shop/chiens/friandises_chien/friandises_comprimes_chien/friandises_diverses_chien/2129237
5701170140118,https://www.zooplus.fr/shop/chiens/friandises_chien/friandises_batonnet_chien/9980006640
8595602526437,https://www.zooplus.fr/shop/chiens/croquettes_chien/brit/brit_premium/1746526
5425039486390,https://www.zooplus.fr/shop/chiens/boites_sachets_barquettes_chien/edgard_cooper/lots_economiques/1932638
4062911003699,https://www.zooplus.fr/shop/chiens/croquettes_chien/wolf_of_wilderness/lots_economiques/1336532
8437002582883,https://www.zooplus.fr/shop/chiens/complements_alimentaires_chien/ossature_articulations_chien/ossature_articulations_comprimes_chien/687024
3760443010291,https://www.zooplus.fr/shop/chiens/alimentation_barf/9980178522
4260488283418,https://www.zooplus.fr/shop/chiens/croquettes_chien/adulte/9980062334
3401144846443,https://www.zooplus.fr/shop/chiens/complements_alimentaires_chien/mp_labo/9980007021
4260730711553,https://www.zooplus.fr/shop/chiens/complements_alimentaires_chien/paws_patch/2195911
4017721726207,https://www.zooplus.fr/shop/chiens/boites_sachets_barquettes_chien/animonda_boites_chien/9980008468
5600276940113,https://www.zooplus.fr/shop/chiens/croquettes_chien/adulte/9980052715
4062911012455,https://www.zooplus.fr/shop/chiens/croquettes_chien/briantos/special_care/527940
7350033851159,https://www.zooplus.fr/shop/chiens/croquettes_chien/magnussons/1930419
7613035379053,https://www.zooplus.fr/shop/chiens/friandises_chien/friandises_chien_boeuf/9980003829
8430336091977,https://www.zooplus.fr/shop/chiens/complements_alimentaires_chien/vitamines_chien/pate_huile_vitamines_chien/1746586
4251424300139,https://www.zooplus.fr/shop/chiens/friandises_chien/friandises_comprimes_chien/friandises_drop_chien_caniland/405322
3760270500149,https://www.zooplus.fr/shop/chiens/complements_alimentaires_chien/complements_alimentaires_chien_huile_liquide/9980006713
8005852150103,https://www.zooplus.fr/shop/chiens/croquettes_chien/schesir/2111558
4032326012555,https://www.zooplus.fr/shop/chiens/complements_alimentaires_chien/ossature_articulations_chien/ossature_articulations_comprimes_chien/742695
4062911016576,https://www.zooplus.fr/shop/chiens/croquettes_chien/wolf_of_wilderness/wow_softandstrong_croquettes/1225623
3428170006597,https://www.zooplus.fr/shop/chiens/complements_alimentaires_chien/complements_alimentaires_chien_huile_liquide/9980001517
8010276033307,https://www.zooplus.fr/shop/chiens/croquettes_chien/adulte/9980066562
3701730400807,https://www.zooplus.fr/shop/chiens/friandises_chien/petites_friandises/9980062928
8020245713505,https://www.zooplus.fr/shop/chiens/croquettes_chien/forza10_croquettes_chien/1990849
9120100970582,https://www.zooplus.fr/shop/chiens/complements_alimentaires_chien/complements_alimentaires_chien_huile_liquide/9980002844
052742047485,https://www.zooplus.fr/shop/chiens/croquettes_chien/croquettes_chien_hills_prescription_diet/allergies_intolerance_alimentaires_chien_hills/1080511
8010276044792,https://www.zooplus.fr/shop/chiens/croquettes_chien/aliments_medicalises/problemes_digestifs/2258537
4016598065327,https://www.zooplus.fr/shop/chiens/friandises_chien/friandises_os_chien/os_chien/966075
4011905311470,https://www.zooplus.fr/shop/chiens/friandises_chien/friandises_comprimes_chien/friandises_diverses_chien/2141925
8430235680326,https://www.zooplus.fr/shop/chiens/friandises_chien/petites_friandises/9980012626
6430062469707,https://www.zooplus.fr/shop/chiens/croquettes_chien/primadog/2206746
5701170341096,https://www.zooplus.fr/shop/chiens/complements_alimentaires_chien/complements_alimentaires_chien_huile_liquide/9980013372
8023222187160,https://www.zooplus.fr/shop/chiens/alimentation_barf/alimentation_barf_chien/9980008444
7392552005200,https://www.zooplus.fr/shop/chiens/croquettes_chien/carrier/1991357
3660176500420,https://www.zooplus.fr/shop/chiens/complements_alimentaires_chien/complements_alimentaires_chien_huile_liquide/9980006647
9120134040633,https://www.zooplus.fr/shop/chiens/croquettes_chien/wow/1853051
3700380382907,https://www.zooplus.fr/shop/chiens/friandises_chien/biscuit_gateau_sec_friandises_chien/9980002545
3760404050144,https://www.zooplus.fr/shop/chiens/croquettes_chien/adulte/9980013826
3182550760423,https://www.zooplus.fr/shop/chiens/croquettes_chien/royal_canin_veterinary_diet/chiens_ages/2145758
8410650173535,https://www.zooplus.fr/shop/chiens/croquettes_chien/affinity_advance/affinity_advance_adulte_toutes_races/276679
3760401050840,https://www.zooplus.fr/shop/chiens/friandises_chien/9980013002
4262437741789,https://www.zooplus.fr/shop/chiens/friandises_chien/chewies_friandises/autres_friandises/2167956
8595602526604,https://www.zooplus.fr/shop/chiens/croquettes_chien/brit/brit_premium/1991206
3166780056297,https://www.zooplus.fr/shop/chiens/friandises_chien/friandises_batonnet_chien/9980007935
9003579023822,https://www.zooplus.fr/shop/chiens/boites_sachets_barquettes_chien/royal_canin_veterinary_diet/troubles_intestinaux/564487
3428460077849,https://www.zooplus.fr/shop/chiens/boites_sachets_barquettes_chien/petit_chien/9980066885
3336024823286,https://www.zooplus.fr/shop/chiens/friandises_chien/9980003824
4260606718532,https://www.zooplus.fr/shop/chiens/complements_alimentaires_chien/vitamines_chien/poudre_flocons_vitamines_chien/1991565
8009470011341,https://www.zooplus.fr/shop/chiens/croquettes_chien/monge/1991086
9421038210024,https://www.zooplus.fr/shop/chiens/croquettes_chien/ziwi_peak/2172821
9003579021941,https://www.zooplus.fr/shop/chiens/boites_sachets_barquettes_chien/royal_canin_veterinary_diet/allergies_intolerance_alimentaires/564479
5400585278231,https://www.zooplus.fr/shop/chiens/friandises_chien/petites_friandises/9980061341
3770033314029,https://www.zooplus.fr/shop/chiens/complements_alimentaires_chien/pelage_peau_chien/9980013356
8424160027370,https://www.zooplus.fr/shop/chiens/friandises_chien/friandises_chien_volaille/9980000165
5025730009210,https://www.zooplus.fr/shop/chiens/friandises_chien/natural_trainer/2240099
4260488281681,https://www.zooplus.fr/shop/chiens/friandises_chien/friandises_sans_cereales_chien/9980062271
3760240681977,https://www.zooplus.fr/shop/chiens/croquettes_chien/adulte/9980005492
8606014105650,https://www.zooplus.fr/shop/chiens/croquettes_chien/adulte/9980066321
8711231141272,https://www.zooplus.fr/shop/chiens/complements_alimentaires_chien/complements_alimentaires_chien_huile_liquide/9980059116
3605874645769,https://www.zooplus.fr/shop/chiens/complements_alimentaires_chien/complements_alimentaires_chien_huile_liquide/9980054657
4062911066243,https://www.zooplus.fr/shop/chiens/friandises_chien/wolf_of_wilderness/a_decouvrir/2470746
8414042003868,https://www.zooplus.fr/shop/chiens/complements_alimentaires_chien/complements_alimentaires_chien_huile_liquide/9980063321
8424160027417,https://www.zooplus.fr/shop/chiens/friandises_chien/friandises_chien_poisson/9980000156
3182551063677,https://www.zooplus.fr/shop/chiens/friandises_chien/friandises_chien_royal_canin/royal_canin_supplements/2227609
5430003157244,https://www.zooplus.fr/shop/chiens/complements_alimentaires_chien/complements_alimentaires_chien_huile_liquide/9980001130
5900469570777,https://www.zooplus.fr/shop/chiens/croquettes_chien/tropidog/1991298
3700469698097,https://www.zooplus.fr/shop/chiens/friandises_chien/bois_corne_sabot/9980000723
5902921399476,https://www.zooplus.fr/shop/chiens/croquettes_chien/dolina_noteci/1991483
6420612233544,https://www.zooplus.fr/shop/chiens/croquettes_chien/golden_eagle/1991100
4260101766021,https://www.zooplus.fr/shop/chiens/friandises_chien/bois_corne_sabot/425064
3182550928687,https://www.zooplus.fr/shop/chiens/croquettes_chien/royal_canin_care_nutrition/digestive_care/15465
4000158916716,https://www.zooplus.fr/shop/chiens/friandises_chien/friandises_os_chien/os_balle_macher_chien/1279840
3666639124660,https://www.zooplus.fr/shop/chiens/friandises_chien/bois_corne_sabot/9980067249
5400585130751,https://www.zooplus.fr/shop/chiens/friandises_chien/friandises_chien_boeuf/9980005627
4037901131447,https://www.zooplus.fr/shop/chiens/friandises_chien/friandises_chien_volaille/friandises_chien_volaille_autre/2147350
8015699007058,https://www.zooplus.fr/shop/chiens/croquettes_chien/croquettes_chien_trainer_natural_nova_foods/croquettes_grand_chien_trainer_fitness/1991185
4250078907893,https://www.zooplus.fr/shop/chiens/friandises_chien/lyophilisees/9980012623
3336024823170,https://www.zooplus.fr/shop/chiens/friandises_chien/9980005642
90311017,https://www.zooplus.fr/shop/chiens/complements_alimentaires_chien/hygiene_dentaire_chien/9980012175
5701170140309,https://www.zooplus.fr/shop/chiens/friandises_chien/friandises_batonnet_chien/9980006929
8015262031381,https://www.zooplus.fr/shop/chiens/complements_alimentaires_chien/complements_alimentaires_chien_huile_liquide/9980013809
8595237034062,https://www.zooplus.fr/shop/chiens/croquettes_chien/fitmin/1991064
4048422152668,https://www.zooplus.fr/shop/chiens/friandises_chien/friandises_chien_bandes/8in1/1418218
3561963603273,https://www.zooplus.fr/shop/chiens/croquettes_chien/virbac_vet_hpm/adulte/2177242
5060184246781,https://www.zooplus.fr/shop/chiens/friandises_chien/friandises_batonnet_chien/batonnets_soins_dentaires/2200183
3561963603358,https://www.zooplus.fr/shop/chiens/croquettes_chien/virbac_vet_hpm/adulte/613831
4060629154160,https://www.zooplus.fr/shop/chiens/boites_sachets_barquettes_chien/adulte/9980181674
0052742023229,https://www.zooplus.fr/shop/chiens/croquettes_chien_races/races_moyennes/9980013778
8445290018373,https://www.zooplus.fr/shop/chiens/complements_alimentaires_chien/vitamines_chien/comprimes_taurine_vitamines_chien/1364813
4062911007260,https://www.zooplus.fr/shop/chiens/croquettes_chien/croquettes_chien_purizon/purizon_adult/967419
3770026453117,https://www.zooplus.fr/shop/chiens/friandises_chien/vegetarien/9980063015
4062911014022,https://www.zooplus.fr/shop/chiens/friandises_chien/friandises_comprimes_chien/friandises_diverses_chien/1100422
8020245713185,https://www.zooplus.fr/shop/chiens/croquettes_chien/forza10_croquettes_chien/forza10_diet_croquettes_chien/1991062
3760401051205,https://www.zooplus.fr/shop/chiens/friandises_chien/9980013053
4062911056787,https://www.zooplus.fr/shop/chiens/boites_sachets_barquettes_chien/rocco_boites_chien/diet_care/2152613
3595890242205,https://www.zooplus.fr/shop/chiens/complements_alimentaires_chien/complements_alimentaires_chien_huile_liquide/9980013830
8714265000416,https://www.zooplus.fr/shop/chiens/croquettes_chien/yarrah_croquettes_chien/yarrah_croquettes_bio_chien/1017452
8002754103275,https://www.zooplus.fr/shop/chiens/croquettes_chien/adulte/9980173765
3401121049331,https://www.zooplus.fr/shop/chiens/complements_alimentaires_chien/complements_alimentaires_chien_huile_liquide/9980182309
4260488285115,https://www.zooplus.fr/shop/chiens/friandises_chien/friandises_sans_cereales_chien/9980062237
9421016592975,https://www.zooplus.fr/shop/chiens/croquettes_chien/croquettes/9980066690
4260748894606,https://www.zooplus.fr/shop/chiens/boites_sachets_barquettes_chien/petit_chien/9980180082
8011259002921,https://www.zooplus.fr/shop/chiens/croquettes_chien/exclusion_croquettes_chien/1991637
7613038102429,https://www.zooplus.fr/shop/chiens/friandises_chien/friandises_batonnet_chien/9980003840
4260606718280,https://www.zooplus.fr/shop/chiens/complements_alimentaires_chien/complements_alimentaires_chien_huile_liquide/complements_alimentaires_chien_huile_peau_pelage/1991198
3182550761918,https://www.zooplus.fr/shop/chiens/croquettes_chien/adulte/9980007005
0052742025834,https://www.zooplus.fr/shop/chiens/croquettes_chien_races/races_moyennes/9980010568
5400585146455,https://www.zooplus.fr/shop/chiens/friandises_chien/friandises_chien_volaille/9980005643
8001154121186,https://www.zooplus.fr/shop/chiens/boites_sachets_barquettes_chien/petit_chien/9980002740
5400585313932,https://www.zooplus.fr/shop/chiens/friandises_chien/friandises_chien_volaille/9980067197
4250078971429,https://www.zooplus.fr/shop/chiens/friandises_chien/petites_friandises/9980066532
4062911046030,https://www.zooplus.fr/shop/chiens/croquettes_chien/briantos/adult/527881
8606014105629,https://www.zooplus.fr/shop/chiens/boites_sachets_barquettes_chien/adulte/9980066238
6430032290515,https://www.zooplus.fr/shop/chiens/complements_alimentaires_chien/complements_alimentaires_chien_huile_liquide/9980066703
4015598013277,https://www.zooplus.fr/shop/chiens/croquettes_chien/bosch_croquettes_chien/bosch_adulte_croquettes_chien/570376
8595237035427,https://www.zooplus.fr/shop/chiens/croquettes_chien/fitmin/1746843
5701170341102,https://www.zooplus.fr/shop/chiens/complements_alimentaires_chien/complements_alimentaires_chien_huile_liquide/9980006679
4000158914361,https://www.zooplus.fr/shop/chiens/friandises_chien/friandises_comprimes_chien/rinti/586012
5060084773141,https://www.zooplus.fr/shop/chiens/croquettes_chien/burns_chien/1990761
9421016596683,https://www.zooplus.fr/shop/chiens/boites_sachets_barquettes_chien/adulte/9980066627
4262422870814,https://www.zooplus.fr/shop/chiens/boites_sachets_barquettes_chien/doggydogboiteschiens/2157254
8683769633188,https://www.zooplus.fr/shop/chiens/friandises_chien/lyophilisees/9980050114
5400585146752,https://www.zooplus.fr/shop/chiens/friandises_chien/friandises_chien_volaille/9980003844
4060629095869,https://www.zooplus.fr/shop/chiens/friandises_chien/chiens_ages/9980012283
4260488283548,https://www.zooplus.fr/shop/chiens/friandises_chien/friandises_sans_cereales_chien/9980062281
7350033851258,https://www.zooplus.fr/shop/chiens/croquettes_chien/magnussons/1930400
8683769896620,https://www.zooplus.fr/shop/chiens/complements_alimentaires_chien/complements_alimentaires_chien_huile_liquide/9980051467
4062911052543,https://www.zooplus.fr/shop/chiens/friandises_chien/friandises_chien_lukullus/puppy_mini_hearts/2167594
8710429018198,https://www.zooplus.fr/shop/chiens/croquettes_chien/smolke_croquettes_chien/1746382
8710255129952,https://www.zooplus.fr/shop/chiens/croquettes_chien/eukanuba_veterinary_diets/eukanuba_vet_croquettes_derma/678857
8595602583720,https://www.zooplus.fr/shop/chiens/boites_sachets_barquettes_chien/carnilove/2590578
4011905276144,https://www.zooplus.fr/shop/chiens/friandises_chien/friandises_chien_trixie/os_a_macher/2407942
8429037016754,https://www.zooplus.fr/shop/chiens/croquettes_chien/adulte/9980002094
3182550765169,https://www.zooplus.fr/shop/chiens/croquettes_chien/royal_canin_breed_croquettes_chien/dalmatien_croquettes_royal_canin/207073
3700525917865,https://www.zooplus.fr/shop/chiens/complements_alimentaires_chien/complements_alimentaires_chien_huile_liquide/9980073408
5415245075501,https://www.zooplus.fr/shop/chiens/friandises_chien/friandises_chien_volaille/9980062813
4015598013734,https://www.zooplus.fr/shop/chiens/croquettes_chien/senior/9980008525
4048422148111,https://www.zooplus.fr/shop/chiens/friandises_chien/friandises_batonnet_chien/batonnets_enrobes/1675325
9003579015759,https://www.zooplus.fr/shop/chiens/boites_sachets_barquettes_chien/royal_canin_boites_chien/9980013868
8010276036940,https://www.zooplus.fr/shop/chiens/croquettes_chien/troubles_intestinaux_chien/9980066248
5400585280562,https://www.zooplus.fr/shop/chiens/friandises_chien/friandises_chien_volaille/9980005565
4062911059436,https://www.zooplus.fr/shop/chiens/croquettes_chien/rocco_croquettes/2402836
3182550771115,https://www.zooplus.fr/shop/chiens/croquettes_chien/adulte/9980013819
8032766455253,https://www.zooplus.fr/shop/chiens/complements_alimentaires_chien/complements_alimentaires_chien_huile_liquide/9980053963
4027671020133,https://www.zooplus.fr/shop/chiens/complements_alimentaires_chien/pelage_peau_chien/pelage_peau_comprimes_chien/35723
8595237034109,https://www.zooplus.fr/shop/chiens/croquettes_chien/fitmin/1991322
8005852163202,https://www.zooplus.fr/shop/chiens/croquettes_chien/schesir/2110588
8595602526307,https://www.zooplus.fr/shop/chiens/croquettes_chien/brit/brit_premium/1746852
9120134040657,https://www.zooplus.fr/shop/chiens/croquettes_chien/wow/1852935
8015699006518,https://www.zooplus.fr/shop/chiens/croquettes_chien/croquettes_chien_trainer_natural_nova_foods/croquettes_petit_chien_trainer_natural_nova_foods/212874
0064992542207,https://www.zooplus.fr/shop/chiens/croquettes_chien/acana/9980002815
3760151730368,https://www.zooplus.fr/shop/chiens/complements_alimentaires_chien/complements_alimentaires_chien_huile_liquide/9980054656
3666639128255,https://www.zooplus.fr/shop/chiens/friandises_chien/bois_corne_sabot/9980066106
8683769647796,https://www.zooplus.fr/shop/chiens/complements_alimentaires_chien/complements_alimentaires_chien_huile_liquide/9980050972
5907489324687,https://www.zooplus.fr/shop/chiens/friandises_chien/friandises_chien_poisson/friandises_chien_poisson_deshydrate/2194867
4260748897027,https://www.zooplus.fr/shop/chiens/croquettes_chien/adulte/9980180080
5023538100016,https://www.zooplus.fr/shop/chiens/friandises_chien/petites_friandises/9980066608
8716081990131,https://www.zooplus.fr/shop/chiens/croquettes_chien/cavom/1746534
3760401051144,https://www.zooplus.fr/shop/chiens/friandises_chien/friandises_chien_poisson/9980012954
4260488280622,https://www.zooplus.fr/shop/chiens/croquettes_chien/adulte/9980062315
3760401053032,https://www.zooplus.fr/shop/chiens/croquettes_chien/adulte/9980049056
4062911048164,https://www.zooplus.fr/shop/chiens/friandises_chien/briantos_fitbites/dogbiski/2000876
4062911031623,https://www.zooplus.fr/shop/chiens/croquettes_chien/croquettes_chien_purizon/coldpressed/1857741
4015598011150,https://www.zooplus.fr/shop/chiens/croquettes_chien/bosch_croquettes_chien/soft/565246
4032254789673,https://www.zooplus.fr/shop/chiens/croquettes_chien/green_petfood/2422954
5400585146721,https://www.zooplus.fr/shop/chiens/friandises_chien/friandises_chien_volaille/9980005560
3700525925365,https://www.zooplus.fr/shop/chiens/complements_alimentaires_chien/complements_alimentaires_chien_huile_liquide/9980001017
8435117821200,https://www.zooplus.fr/shop/chiens/friandises_chien/bois_corne_sabot/9980010461
3700525917742,https://www.zooplus.fr/shop/chiens/complements_alimentaires_chien/complements_alimentaires_chien_huile_liquide/9980000736
9120134040626,https://www.zooplus.fr/shop/chiens/croquettes_chien/wow/1852938
4260730711676,https://www.zooplus.fr/shop/chiens/complements_alimentaires_chien/ossature_articulations_chien/farine_poudre_ossature_articulations_chien/2093621
4260677550567,https://www.zooplus.fr/shop/chiens/complements_alimentaires_chien/complements_alimentaires_chien_huile_liquide/9980050422
5902811742658,https://www.zooplus.fr/shop/chiens/croquettes_chien/4vets/1991267
8020245104198,https://www.zooplus.fr/shop/chiens/croquettes_chien/forza10_croquettes_chien/active_line/1991164
4062911009202,https://www.zooplus.fr/shop/chiens/friandises_chien/pate_creme/1014573
3760443010284,https://www.zooplus.fr/shop/chiens/alimentation_barf/9980178570
5407007149278,https://www.zooplus.fr/shop/chiens/croquettes_chien/edgard_cooper/9980014004
8002754003087,https://www.zooplus.fr/shop/chiens/croquettes_chien/adulte/9980173821
3700543086987,https://www.zooplus.fr/shop/chiens/complements_alimentaires_chien/estomac_intestin_chien/9980002609
4262422871057,https://www.zooplus.fr/shop/chiens/croquettes_chien/doggy_dog/2157446
8020245712805,https://www.zooplus.fr/shop/chiens/boites_sachets_barquettes_chien/forza10_boites_chien/boites_forza10_maintenance_chien/2216600
5000166161312,https://www.zooplus.fr/shop/chiens/croquettes_chien/james_wellbeloved_croquettes_chiens/james_wellbeloved_adult_croquettes_chiens/589938
9120100970568,https://www.zooplus.fr/shop/chiens/complements_alimentaires_chien/complements_alimentaires_chien_huile_liquide/9980002840
4260748893630,https://www.zooplus.fr/shop/chiens/boites_sachets_barquettes_chien/petit_chien/9980180103
3760401050895,https://www.zooplus.fr/shop/chiens/friandises_chien/9980012967
5905342292333,https://www.zooplus.fr/shop/chiens/croquettes_chien/pan_miesko/1931443
3760401050963,https://www.zooplus.fr/shop/chiens/friandises_chien/9980013029
8437013127004,https://www.zooplus.fr/shop/chiens/croquettes_chien/natura_diet/1746559
8010276036025,https://www.zooplus.fr/shop/chiens/croquettes_chien/farmina/grainfree/1991549
4062911011557,https://www.zooplus.fr/shop/chiens/croquettes_chien/concept_for_life_dogs/medium/559620
9003579015780,https://www.zooplus.fr/shop/chiens/boites_sachets_barquettes_chien/royal_canin_veterinary_diet/problemes_renaux_urinaires/2027329
3760401052479,https://www.zooplus.fr/shop/chiens/friandises_chien/9980013009
3760401052967,https://www.zooplus.fr/shop/chiens/friandises_chien/friandises_chien_porc/9980012929
3760401052882,https://www.zooplus.fr/shop/chiens/croquettes_chien/adulte/9980048677
5902921396635,https://www.zooplus.fr/shop/chiens/boites_sachets_barquettes_chien/dolina_noteci/1747088
3336024823408,https://www.zooplus.fr/shop/chiens/friandises_chien/friandises_chien_volaille/9980005540
4250078972433,https://www.zooplus.fr/shop/chiens/friandises_chien/lyophilisees/9980066531
5400585094046,https://www.zooplus.fr/shop/chiens/friandises_chien/friandises_chien_volaille/9980005343
8710255202181,https://www.zooplus.fr/shop/chiens/croquettes_chien/eukanuba_croquettes_chien/eukanubapremiumnutrition/2385158
4017721827973,https://www.zooplus.fr/shop/chiens/boites_sachets_barquettes_chien/animonda_boites_chien/animonda_vom_feinsten_barquettes_chien/1092668
8005852126504,https://www.zooplus.fr/shop/chiens/friandises_chien/friandises_batonnet_chien/9980056508
3428460077832,https://www.zooplus.fr/shop/chiens/boites_sachets_barquettes_chien/petit_chien/9980066899
9120100970674,https://www.zooplus.fr/shop/chiens/friandises_chien/friandises_soin_dentaire_chien/9980002831
3700525925495,https://www.zooplus.fr/shop/chiens/complements_alimentaires_chien/complements_alimentaires_chien_huile_liquide/9980000775
4000158954008,https://www.zooplus.fr/shop/chiens/friandises_chien/friandise_chien_rinti/2201771
3760401051496,https://www.zooplus.fr/shop/chiens/croquettes_chien/adulte/9980048721
4017721829441,https://www.zooplus.fr/shop/chiens/croquettes_chien/animonda_croquettes_chien/2094802
4027941362536,https://www.zooplus.fr/shop/chiens/friandises_chien/heim/2463383
3182550925105,https://www.zooplus.fr/shop/chiens/croquettes_chien/royal_canin_veterinary_diet/chiens_ages/1966050
4017721864442,https://www.zooplus.fr/shop/chiens/croquettes_chien/croquettes_specifiques_chien_integra/647827
8595602530755,https://www.zooplus.fr/shop/chiens/croquettes_chien/brit/1991203
4262375560138,https://www.zooplus.fr/shop/chiens/complements_alimentaires_chien/pelage_peau_chien/9980001204
5400585394481,https://www.zooplus.fr/shop/chiens/friandises_chien/petites_friandises/9980062640
3519220049128,https://www.zooplus.fr/shop/chiens/complements_alimentaires_chien/complements_alimentaires_chien_huile_liquide/9980013357
8413037378226,https://www.zooplus.fr/shop/chiens/croquettes_chien/optimova_croquettes_chien/besoins_specifiques/453779
4047459903670,https://www.zooplus.fr/shop/chiens/croquettes_chien/herrmanns/2091982
0052742025865,https://www.zooplus.fr/shop/chiens/croquettes_chien_races/races_moyennes/9980010547
3605874403123,https://www.zooplus.fr/shop/chiens/complements_alimentaires_chien/complements_alimentaires_chien_huile_liquide/9980006682
8015579035515,https://www.zooplus.fr/shop/chiens/croquettes_chien/prolife/1991415
4000819004400,https://www.zooplus.fr/shop/chiens/friandises_chien/friandises_chien_porc/friandises_chien_oreilles_porc/138435
5701170120226,https://www.zooplus.fr/shop/chiens/boites_sachets_barquettes_chien/adulte/9980007004
3700469698875,https://www.zooplus.fr/shop/chiens/friandises_chien/friandises_os_chien/9980002871
3666639118676,https://www.zooplus.fr/shop/chiens/friandises_chien/bois_corne_sabot/9980064746
5400585232585,https://www.zooplus.fr/shop/chiens/friandises_chien/petites_friandises/9980003819
8413037332075,https://www.zooplus.fr/shop/chiens/croquettes_chien_races/races_moyennes/9980065976
3182550761765,https://www.zooplus.fr/shop/chiens/croquettes_chien/adulte/9980013813
052742048123,https://www.zooplus.fr/shop/chiens/croquettes_chien/croquettes_chien_hills_prescription_diet/troubles_intestinaux_chien_hills/594485
3700971800445,https://www.zooplus.fr/shop/chiens/croquettes_chien/croquettes/9980066879
8710255145884,https://www.zooplus.fr/shop/chiens/croquettes_chien/senior/9980006821
3701730401026,https://www.zooplus.fr/shop/chiens/friandises_chien/lyophilisees/9980066526
5065013712000,https://www.zooplus.fr/shop/chiens/croquettes_chien/coya/2186389
8683769642753,https://www.zooplus.fr/shop/chiens/complements_alimentaires_chien/complements_alimentaires_chien_huile_liquide/9980051321
4262365731784,https://www.zooplus.fr/shop/chiens/friandises_chien/petites_friandises/9980066621
0810833027408,https://www.zooplus.fr/shop/chiens/friandises_chien/friandises_os_chien/os_noue_boeuf_chien/1406555
3760401051953,https://www.zooplus.fr/shop/chiens/croquettes_chien/adulte/9980049058
4060629152999,https://www.zooplus.fr/shop/chiens/croquettes_chien/adulte/9980069083
8015699006631,https://www.zooplus.fr/shop/chiens/croquettes_chien/croquettes_chien_trainer_natural_nova_foods/croquettes_petit_chien_trainer_natural_nova_foods/1991529
8595237015979,https://www.zooplus.fr/shop/chiens/croquettes_chien/fitmin/1746859
4011905318011,https://www.zooplus.fr/shop/chiens/friandises_chien/lyophilisees/9980008064
5430002585604,https://www.zooplus.fr/shop/chiens/croquettes_chien/adulte/9980006074
8716793902750,https://www.zooplus.fr/shop/chiens/friandises_chien/friandises_batonnet_chien/batonnets_enrobes/700831
8595237034116,https://www.zooplus.fr/shop/chiens/croquettes_chien/fitmin/1746871
4260077045526,https://www.zooplus.fr/shop/chiens/friandises_chien/friandises_chien_boeuf/friandise_boeuf_cimier_chien/229572
3561963601101,https://www.zooplus.fr/shop/chiens/croquettes_chien/virbac_vet_hpm/9980006743
4062911011083,https://www.zooplus.fr/shop/chiens/croquettes_chien/rocco_croquettes/mealtime/1229349
4250078907947,https://www.zooplus.fr/shop/chiens/friandises_chien/bois_corne_sabot/9980008517
8710255196411,https://www.zooplus.fr/shop/chiens/croquettes_chien/eukanuba_special_breed_croquettes_chien/eukanuba_special_care_croquettes_chien/1016607
3760054071230,https://www.zooplus.fr/shop/chiens/complements_alimentaires_chien/complements_alimentaires_chien_huile_liquide/9980066155
5701170110210,https://www.zooplus.fr/shop/chiens/croquettes_chien/adulte/9980007049
3700062705130,https://www.zooplus.fr/shop/chiens/friandises_chien/biscuit_gateau_sec_friandises_chien/9980062614
4060629157598,https://www.zooplus.fr/shop/chiens/friandises_chien/chiens_ages/9980181660
4000158970497,https://www.zooplus.fr/shop/chiens/boites_sachets_barquettes_chien/reddy_boites_chien/438536
5060978811928,https://www.zooplus.fr/shop/chiens/complements_alimentaires_chien/chien_croissance_performance/9980003042
8001154122107,https://www.zooplus.fr/shop/chiens/croquettes_chien/adulte/9980002583
4032254745570,https://www.zooplus.fr/shop/chiens/croquettes_chien/josera_croquettes_chien/chien_profiline/1421676
4062911035263,https://www.zooplus.fr/shop/chiens/friandises_chien/friandises_chien_lukullus/lukullus_coins/1949273
3283021703656,https://www.zooplus.fr/shop/chiens/friandises_chien/petites_friandises/9980008596
4260488280523,https://www.zooplus.fr/shop/chiens/friandises_chien/bois_corne_sabot/9980175829
3666639133129,https://www.zooplus.fr/shop/chiens/friandises_chien/bois_corne_sabot/9980069122
3336024823347,https://www.zooplus.fr/shop/chiens/friandises_chien/9980005626
8001154121155,https://www.zooplus.fr/shop/chiens/boites_sachets_barquettes_chien/petit_chien/9980002756
8424160025383,https://www.zooplus.fr/shop/chiens/complements_alimentaires_chien/complements_alimentaires_chien_huile_liquide/9980000174
8010276025432,https://www.zooplus.fr/shop/chiens/croquettes_chien/farmina/vet_life/505701
4008429169595,https://www.zooplus.fr/shop/chiens/boites_sachets_barquettes_chien/james_wellbeloved/chien_adulte/2220336
5060708562199,https://www.zooplus.fr/shop/chiens/boites_sachets_barquettes_chien/encore/1746017
5400585214246,https://www.zooplus.fr/shop/chiens/friandises_chien/petites_friandises/9980058085
3401141363349,https://www.zooplus.fr/shop/chiens/complements_alimentaires_chien/complements_alimentaires_chien_huile_liquide/9980013781
3336024823194,https://www.zooplus.fr/shop/chiens/friandises_chien/9980005647
3701730400746,https://www.zooplus.fr/shop/chiens/friandises_chien/9980062935
3760302730292,https://www.zooplus.fr/shop/chiens/complements_alimentaires_chien/complements_alimentaires_chien_huile_liquide/9980013867
5028399622318,https://www.zooplus.fr/shop/chiens/croquettes_chien/adulte/9980050188
7392552005040,https://www.zooplus.fr/shop/chiens/croquettes_chien/carrier/1991634
4062911006836,https://www.zooplus.fr/shop/chiens/friandises_chien/friandises_comprimes_chien/friandises_rocco/698486
8010276021816,https://www.zooplus.fr/shop/chiens/croquettes_chien/adulte/9980066254
3605874421639,https://www.zooplus.fr/shop/chiens/complements_alimentaires_chien/complements_alimentaires_chien_huile_liquide/9980013864
8009722003780,https://www.zooplus.fr/shop/chiens/complements_alimentaires_chien/complements_alimentaires_chien_huile_liquide/9980006897
8710429018051,https://www.zooplus.fr/shop/chiens/croquettes_chien/smolke_croquettes_chien/1746108
4008429105074,https://www.zooplus.fr/shop/chiens/friandises_chien/friandises_chien_bandes/pedigree/678736
4062911007185,https://www.zooplus.fr/shop/chiens/croquettes_chien/croquettes_chien_purizon/offres_essai/1344454
8032766976901,https://www.zooplus.fr/shop/chiens/friandises_chien/friandises_chien_bandes/9980048656
3760401050789,https://www.zooplus.fr/shop/chiens/friandises_chien/friandises_chien_poisson/9980012945
8908012564874,https://www.zooplus.fr/shop/chiens/croquettes_chien/9980066603
4250078906148,https://www.zooplus.fr/shop/chiens/friandises_chien/petites_friandises/9980015102
4016739657862,https://www.zooplus.fr/shop/chiens/friandises_chien/friandises_chien_hunter/2398810
8015579035362,https://www.zooplus.fr/shop/chiens/croquettes_chien/prolife/1991554
3182551063387,https://www.zooplus.fr/shop/chiens/croquettes_chien/royal_canin_veterinary_diet/obesite_surpoids_royal_canin_veterinary_diet_chien/2555813
5905342292425,https://www.zooplus.fr/shop/chiens/croquettes_chien/pan_miesko/1931520
8714265975127,https://www.zooplus.fr/shop/chiens/friandises_chien/friandises_comprimes_chien/friandises_diverses_chien/1204298
4000158970817,https://www.zooplus.fr/shop/chiens/boites_sachets_barquettes_chien/reddy_boites_chien/729095
4062911036840,https://www.zooplus.fr/shop/chiens/boites_sachets_barquettes_chien/lukullus_boites_chiens/organic_bio/2011458
3760240682127,https://www.zooplus.fr/shop/chiens/friandises_chien/friandises_chien_volaille/9980006064
5400585146660,https://www.zooplus.fr/shop/chiens/friandises_chien/friandises_chien_volaille/9980003838
7311030441378,https://www.zooplus.fr/shop/chiens/croquettes_chien/bozita_robur_croquettes_chien/bozita_robur_croquettes_chien_adulte/2328430
3760098110308,https://www.zooplus.fr/shop/chiens/complements_alimentaires_chien/complements_alimentaires_chien_huile_liquide/9980006828
3760401051533,https://www.zooplus.fr/shop/chiens/friandises_chien/friandises_chien_porc/9980013004
3561963603624,https://www.zooplus.fr/shop/chiens/croquettes_chien/virbac_vet_hpm/adulte/2163138
3760270500514,https://www.zooplus.fr/shop/chiens/complements_alimentaires_chien/complements_alimentaires_chien_huile_liquide/9980057082
3760080532927,https://www.zooplus.fr/shop/chiens/croquettes_chien/senior/9980014586
4002633560124,https://www.zooplus.fr/shop/chiens/croquettes_chien/belcando/adulte/2175290
8059149428185,https://www.zooplus.fr/shop/chiens/croquettes_chien/croquettes_chien_trainer_natural_nova_foods/croquettes_grand_chien_trainer_fitness/1990996
8595602582006,https://www.zooplus.fr/shop/chiens/croquettes_chien/carnilove/chiot/2589431
6430032290539,https://www.zooplus.fr/shop/chiens/complements_alimentaires_chien/pelage_peau_chien/9980066620
7090051270203,https://www.zooplus.fr/shop/chiens/friandises_chien/bois_corne_sabot/9980066563
8710429018143,https://www.zooplus.fr/shop/chiens/croquettes_chien/smolke_croquettes_chien/1746380
3700469698233,https://www.zooplus.fr/shop/chiens/friandises_chien/friandises_batonnet_chien/9980002981
8010276022479,https://www.zooplus.fr/shop/chiens/croquettes_chien/adulte/9980066314
4000158840523,https://www.zooplus.fr/shop/chiens/boites_sachets_barquettes_chien/rinti_boites_chien/9980008404
8410650612164,https://www.zooplus.fr/shop/chiens/croquettes_chien/ultima_croquettes_chien/croquettes/1764639
3336024821909,https://www.zooplus.fr/shop/chiens/friandises_chien/petites_friandises/9980064654
8032766961419,https://www.zooplus.fr/shop/chiens/boites_sachets_barquettes_chien/9980054939
4032254768975,https://www.zooplus.fr/shop/chiens/friandises_chien/friandises_batonnet_chien/batonnets_soins_dentaires/1581717
4260606710581,https://www.zooplus.fr/shop/chiens/complements_alimentaires_chien/hygiene_dentaire_chien/1991651
8711231200399,https://www.zooplus.fr/shop/chiens/complements_alimentaires_chien/complements_alimentaires_chien_huile_liquide/9980061282
4260488281117,https://www.zooplus.fr/shop/chiens/friandises_chien/friandises_sans_cereales_chien/9980062298
4000158970831,https://www.zooplus.fr/shop/chiens/boites_sachets_barquettes_chien/reddy_boites_chien/729091
8425402749593,https://www.zooplus.fr/shop/chiens/friandises_chien/bois_corne_sabot/9980010523
4260488281957,https://www.zooplus.fr/shop/chiens/friandises_chien/friandises_sans_cereales_chien/9980062353
3666639132894,https://www.zooplus.fr/shop/chiens/friandises_chien/bois_corne_sabot/9980069119
4262365731463,https://www.zooplus.fr/shop/chiens/friandises_chien/bois_corne_sabot/9980066599
0052742042114,https://www.zooplus.fr/shop/chiens/croquettes_chien_races/races_moyennes/9980013849
5400585146691,https://www.zooplus.fr/shop/chiens/friandises_chien/friandises_chien_volaille/9980005571
8595602581139,https://www.zooplus.fr/shop/chiens/croquettes_chien/carnilove/chien_adulte/2589441
8010276033284,https://www.zooplus.fr/shop/chiens/croquettes_chien/riche_en_viande/9980066386
3182550755351,https://www.zooplus.fr/shop/chiens/croquettes_chien/royal_canin_breed_croquettes_chien/rottweiler_croquettes_royal_canin/207059
3760401051182,https://www.zooplus.fr/shop/chiens/friandises_chien/9980013025
8410650596600,https://www.zooplus.fr/shop/chiens/croquettes_chien/natures_variety/original/2172163
3605874232907,https://www.zooplus.fr/shop/chiens/complements_alimentaires_chien/complements_alimentaires_chien_huile_liquide/9980007904
9003579008485,https://www.zooplus.fr/shop/chiens/boites_sachets_barquettes_chien/royal_canin_boites_chien/maxi/697263
5400585178043,https://www.zooplus.fr/shop/chiens/friandises_chien/friandises_chien_volaille/9980005189
4011905919997,https://www.zooplus.fr/shop/chiens/friandises_chien/friandises_chien_volaille/9980005612
3182550707077,https://www.zooplus.fr/shop/chiens/croquettes_chien/royal_canin_size_croquettes_chien/royal_canin_size_geant_croquettes_chien/15569
4048422122593,https://www.zooplus.fr/shop/chiens/friandises_chien/friandises_batonnet_chien/autres_batonnets_viande/1906047
8710429015784,https://www.zooplus.fr/shop/chiens/boites_sachets_barquettes_chien/rodi/895267
3760401052486,https://www.zooplus.fr/shop/chiens/friandises_chien/9980013015
4008239234155,https://www.zooplus.fr/shop/chiens/friandises_chien/friandise_chien_vitakraft/batonnets_vitakraft_beef_stick/2364321
8714265002168,https://www.zooplus.fr/shop/chiens/friandises_chien/petites_friandises/9980012308
3701145680108,https://www.zooplus.fr/shop/chiens/complements_alimentaires_chien/complements_alimentaires_chien_huile_liquide/9980062161
8683769900631,https://www.zooplus.fr/shop/chiens/complements_alimentaires_chien/complements_alimentaires_chien_huile_liquide/9980061327
8713447051208,https://www.zooplus.fr/shop/chiens/croquettes_chien/croquettes_chien_fokker/1746474
3597132000086,https://www.zooplus.fr/shop/chiens/complements_alimentaires_chien/complements_alimentaires_chien_huile_liquide/9980007077
4260748894835,https://www.zooplus.fr/shop/chiens/boites_sachets_barquettes_chien/petit_chien/9980180130
4033766700699,https://www.zooplus.fr/shop/chiens/friandises_chien/friandises_batonnet_chien/9980007959
3336024828489,https://www.zooplus.fr/shop/chiens/friandises_chien/petites_friandises/9980005620
4251424301884,https://www.zooplus.fr/shop/chiens/friandises_chien/friandises_comprimes_chien/friandises_drop_chien_caniland/2014457
3700260417248,https://www.zooplus.fr/shop/chiens/croquettes_chien/ultima_croquettes_chien/croquettes/438808
3770026798096,https://www.zooplus.fr/shop/chiens/friandises_chien/petites_friandises/9980002742
4000158970428,https://www.zooplus.fr/shop/chiens/boites_sachets_barquettes_chien/reddy_boites_chien/572474
4062911046146,https://www.zooplus.fr/shop/chiens/friandises_chien/rosies_farm_friandises/friandises_rosies_farm_adult/1960196
4008429163616,https://www.zooplus.fr/shop/chiens/croquettes_chien/croquettes_chien_pedigree/croquettes_chien_pedigree_adulte/1975335
8595602556823,https://www.zooplus.fr/shop/chiens/croquettes_chien/carnilove/9980004146
5998749134351,https://www.zooplus.fr/shop/chiens/friandises_chien/friandise_pedigree_chien/9980008341
6420612233438,https://www.zooplus.fr/shop/chiens/croquettes_chien/golden_eagle/1991121
4260358513461,https://www.zooplus.fr/shop/chiens/boites_sachets_barquettes_chien/wolf_of_wilderness/lots_economiques/564259
4062911003705,https://www.zooplus.fr/shop/chiens/croquettes_chien/wolf_of_wilderness/wow_softandstrong_croquettes/841215
8595602508877,https://www.zooplus.fr/shop/chiens/croquettes_chien/carnilove/9980007104
4260697461676,https://www.zooplus.fr/shop/chiens/friandises_chien/petites_friandises/9980061294
4062911037083,https://www.zooplus.fr/shop/chiens/boites_sachets_barquettes_chien/rocco_boites_chien/diet_care/2000790
5400585182507,https://www.zooplus.fr/shop/chiens/friandises_chien/friandises_chien_agneau/9980005617
4062911047051,https://www.zooplus.fr/shop/chiens/boites_sachets_barquettes_chien/wolf_of_wilderness/offfres_essai/1908830
8410650595726,https://www.zooplus.fr/shop/chiens/croquettes_chien/natures_variety/original/2172221
5400585238686,https://www.zooplus.fr/shop/chiens/friandises_chien/petites_friandises/9980005649
4048422190844,https://www.zooplus.fr/shop/chiens/complements_alimentaires_chien/pelage_peau_chien/pelage_peau_comprimes_chien/192394
8711231200306,https://www.zooplus.fr/shop/chiens/friandises_chien/friandises_batonnet_chien/9980059252
8005852161086,https://www.zooplus.fr/shop/chiens/croquettes_chien/schesir/1991468
4260606715715,https://www.zooplus.fr/shop/chiens/complements_alimentaires_chien/estomac_intestin_chien/estomac_intestin_poudre_flocons_chien/1991153
3336024823187,https://www.zooplus.fr/shop/chiens/friandises_chien/9980005639
4260488283616,https://www.zooplus.fr/shop/chiens/friandises_chien/autruche/9980175757
4011905315850,https://www.zooplus.fr/shop/chiens/friandises_chien/friandises_os_chien/os_chien_pedigree/348265
4032254774808,https://www.zooplus.fr/shop/chiens/croquettes_chien/josera_croquettes_chien/chien_profiline/410531
3182550760393,https://www.zooplus.fr/shop/chiens/croquettes_chien/adulte/9980052277
3182550811774,https://www.zooplus.fr/shop/chiens/croquettes_chien/royal_canin_breed_croquettes_chien/west_highland_terrier_croquettes_royal_canin/207064
3701730401019,https://www.zooplus.fr/shop/chiens/friandises_chien/lyophilisees/9980064782
8010276036551,https://www.zooplus.fr/shop/chiens/croquettes_chien/croquettes/9980066287
4048422190813,https://www.zooplus.fr/shop/chiens/complements_alimentaires_chien/complements_alimentaires_chien_8_in_1/2344492
9375777109081,https://www.zooplus.fr/shop/chiens/boites_sachets_barquettes_chien/adulte/9980055720
8445291437302,https://www.zooplus.fr/shop/chiens/friandises_chien/adventuros/2282431
3700494579958,https://www.zooplus.fr/shop/chiens/complements_alimentaires_chien/complements_alimentaires_chien_huile_liquide/9980062160
5400274942955,https://www.zooplus.fr/shop/chiens/friandises_chien/friandises_chien_volaille/9980005554
3760151730030,https://www.zooplus.fr/shop/chiens/complements_alimentaires_chien/complements_alimentaires_chien_huile_liquide/9980006915
8711231142736,https://www.zooplus.fr/shop/chiens/friandises_chien/friandises_batonnet_chien/9980061309
4250078976110,https://www.zooplus.fr/shop/chiens/friandises_chien/entrainement_training/9980053793
8010276030368,https://www.zooplus.fr/shop/chiens/croquettes_chien/adulte/9980066225
4062911002579,https://www.zooplus.fr/shop/chiens/boites_sachets_barquettes_chien/boites_rosies_farm/rosiesfarm_puppy/782165
4062911054202,https://www.zooplus.fr/shop/chiens/friandises_chien/friandises_chien_lukullus/lukullus_vitality/2165533
3336024823552,https://www.zooplus.fr/shop/chiens/friandises_chien/petites_friandises/9980057679
8430336091304,https://www.zooplus.fr/shop/chiens/complements_alimentaires_chien/anti_stress_chien/1746444
4002633509222,https://www.zooplus.fr/shop/chiens/croquettes_chien/bewi_dog/1742434
8010276033260,https://www.zooplus.fr/shop/chiens/croquettes_chien/croquettes/9980066265
8437024553007,https://www.zooplus.fr/shop/chiens/friandises_chien/petites_friandises/9980009408
7640118831450,https://www.zooplus.fr/shop/chiens/friandises_chien/friandises_soin_dentaire_chien/soins_dents_chien_friandise/2195945
8015699006693,https://www.zooplus.fr/shop/chiens/croquettes_chien/croquettes_chien_trainer_natural_nova_foods/croquettes_petit_chien_trainer_natural_nova_foods/212877
8594062086741,https://www.zooplus.fr/shop/chiens/croquettes_chien/calibra/1746877
4062911046023,https://www.zooplus.fr/shop/chiens/croquettes_chien/briantos/sans_cereales/1000822
5060184246828,https://www.zooplus.fr/shop/chiens/friandises_chien/friandises_batonnet_chien/batonnets_soins_dentaires/2200000
4011905276212,https://www.zooplus.fr/shop/chiens/friandises_chien/friandises_chien_boeuf/9980061192
5000166159203,https://www.zooplus.fr/shop/chiens/croquettes_chien/james_wellbeloved_croquettes_chiens/james_wellbeloved_adult_croquettes_chiens/99693
3700525914451,https://www.zooplus.fr/shop/chiens/complements_alimentaires_chien/complements_alimentaires_chien_huile_liquide/9980000735
8020997011805,https://www.zooplus.fr/shop/chiens/croquettes_chien/sans_gluten_chien/9980011327
5900951015946,https://www.zooplus.fr/shop/chiens/boites_sachets_barquettes_chien/pedigree_pur_boites_chien/pedigree_boites_chien/2131141
3700545301064,https://www.zooplus.fr/shop/chiens/complements_alimentaires_chien/complements_alimentaires_chien_huile_liquide/9980006834
5411290176026,https://www.zooplus.fr/shop/chiens/friandises_chien/friandises_chien_volaille/9980005636
6430032290584,https://www.zooplus.fr/shop/chiens/complements_alimentaires_chien/pelage_peau_chien/9980066689
4000819004752,https://www.zooplus.fr/shop/chiens/friandises_chien/friandises_os_chien/os_boeuf_fourres_chien/429979
8010276036094,https://www.zooplus.fr/shop/chiens/croquettes_chien/farmina/n_d_low_grain/505707
4062911011588,https://www.zooplus.fr/shop/chiens/croquettes_chien/concept_for_life_dogs/medium/559621
8683769632655,https://www.zooplus.fr/shop/chiens/complements_alimentaires_chien/complements_alimentaires_chien_huile_liquide/9980049898
8683769642999,https://www.zooplus.fr/shop/chiens/complements_alimentaires_chien/complements_alimentaires_chien_huile_liquide/9980050915
3700469699384,https://www.zooplus.fr/shop/chiens/friandises_chien/bois_corne_sabot/9980063127
8595602546152,https://www.zooplus.fr/shop/chiens/friandises_chien/petites_friandises/9980002744
3336024828502,https://www.zooplus.fr/shop/chiens/friandises_chien/petites_friandises/9980003411
3760255510354,https://www.zooplus.fr/shop/chiens/friandises_chien/petites_friandises/9980002736
4027941362246,https://www.zooplus.fr/shop/chiens/friandises_chien/heim/1994764
5400585176124,https://www.zooplus.fr/shop/chiens/friandises_chien/9980005354
5023538100856,https://www.zooplus.fr/shop/chiens/friandises_chien/chiens_ages/9980066713
3700525902496,https://www.zooplus.fr/shop/chiens/complements_alimentaires_chien/complements_alimentaires_chien_huile_liquide/9980000743
8710255206837,https://www.zooplus.fr/shop/chiens/croquettes_chien/eukanuba_croquettes_chien/eukanuba_adulte_croquettes_chien/1940821
3664499000469,https://www.zooplus.fr/shop/chiens/complements_alimentaires_chien/mp_labo/9980006735
7640154282346,https://www.zooplus.fr/shop/chiens/friandises_chien/friandises_chien_volaille/friandises_chien_volaille_autre/466196
8710255153995,https://www.zooplus.fr/shop/chiens/croquettes_chien/iams_croquettes_chien/9980052260
8020245713864,https://www.zooplus.fr/shop/chiens/croquettes_chien/forza10_croquettes_chien/active_line/2143345
8010276041111,https://www.zooplus.fr/shop/chiens/croquettes_chien_races/races_moyennes/9980065803
8410650217154,https://www.zooplus.fr/shop/chiens/croquettes_chien/affinity_libra/1923728
7350033852156,https://www.zooplus.fr/shop/chiens/croquettes_chien/magnussons/1934518
5425039486246,https://www.zooplus.fr/shop/chiens/croquettes_chien/edgard_cooper/9980002574
3700526008487,https://www.zooplus.fr/shop/chiens/complements_alimentaires_chien/complements_alimentaires_chien_huile_liquide/9980000755
7613035123359,https://www.zooplus.fr/shop/chiens/croquettes_chien/purina_pro_plan_croquettes_chien/adult_optibalance/15539
5906679369224,https://www.zooplus.fr/shop/chiens/complements_alimentaires_chien/complements_alimentaires_chien_huile_liquide/9980000204
3561963600210,https://www.zooplus.fr/shop/chiens/croquettes_chien/virbac_vet_hpm/9980006635
3336024826249,https://www.zooplus.fr/shop/chiens/friandises_chien/friandises_chien_volaille/9980005605
4037901128713,https://www.zooplus.fr/shop/chiens/friandises_chien/friandises_chien_bandes/autres_bandes_macher/1455419
4250078979890,https://www.zooplus.fr/shop/chiens/friandises_chien/entrainement_training/9980061663
4250078905622,https://www.zooplus.fr/shop/chiens/friandises_chien/petites_friandises/9980015278
8437013127165,https://www.zooplus.fr/shop/chiens/croquettes_chien/natura_diet/1746884
8606014105575,https://www.zooplus.fr/shop/chiens/boites_sachets_barquettes_chien/adulte/9980066247
3666639116108,https://www.zooplus.fr/shop/chiens/friandises_chien/bois_corne_sabot/9980064955
3182550938921,https://www.zooplus.fr/shop/chiens/croquettes_chien/royal_canin_veterinary_diet/allergies_intolerance_alimentaires_chien/1422241
3700654000117,https://www.zooplus.fr/shop/chiens/boites_sachets_barquettes_chien/petit_chien/9980002753
9003579029862,https://www.zooplus.fr/shop/chiens/boites_sachets_barquettes_chien/royal_canin_boites_chien/maxi/2050220
3182550778831,https://www.zooplus.fr/shop/chiens/croquettes_chien/royal_canin_size_croquettes_chien/royal_canin_size_geant_croquettes_chien/207076
8710255206332,https://www.zooplus.fr/shop/chiens/boites_sachets_barquettes_chien/eukanuba_boites_chien/2404795
5998749147375,https://www.zooplus.fr/shop/chiens/friandises_chien/friandise_pedigree_chien/pedigree_dentastix/2317367
8710255201795,https://www.zooplus.fr/shop/chiens/croquettes_chien/eukanuba_croquettes_chien/eukanubapremiumnutrition/2393003
8683769630224,https://www.zooplus.fr/shop/chiens/friandises_chien/lyophilisees/9980049504
4062911039735,https://www.zooplus.fr/shop/chiens/boites_sachets_barquettes_chien/lukullus_menu_gustico/boites/742524
4062911006973,https://www.zooplus.fr/shop/chiens/friandises_chien/friandises_comprimes_chien/wolf_of_wilderness/600389
8005852712639,https://www.zooplus.fr/shop/chiens/boites_sachets_barquettes_chien/chiot/9980063334
3401145279165,https://www.zooplus.fr/shop/chiens/complements_alimentaires_chien/mp_labo/9980006661
4062911056718,https://www.zooplus.fr/shop/chiens/boites_sachets_barquettes_chien/rocco_boites_chien/diet_care/2152323
3700062705147,https://www.zooplus.fr/shop/chiens/friandises_chien/biscuit_gateau_sec_friandises_chien/9980062502
4008239582775,https://www.zooplus.fr/shop/chiens/friandises_chien/friandise_chien_vitakraft/2364393
3182550765183,https://www.zooplus.fr/shop/chiens/croquettes_chien/royal_canin_breed_croquettes_chien/dalmatien_croquettes_royal_canin/207072
7311030450714,https://www.zooplus.fr/shop/chiens/croquettes_chien/bozita_croquettes_chien/sans_cereales/1413736
4062911046108,https://www.zooplus.fr/shop/chiens/friandises_chien/rosies_farm_friandises/friandises_rosies_farm_puppy/1960111
7613035123342,https://www.zooplus.fr/shop/chiens/croquettes_chien/purina_pro_plan_croquettes_chien/sensitive_skin_optiderma/15541
3182550743891,https://www.zooplus.fr/shop/chiens/croquettes_chien/royal_canin_breed_croquettes_chien/bulldog_croquettes_royal_canin/207060
8595602581887,https://www.zooplus.fr/shop/chiens/croquettes_chien/carnilove/chien_adulte/2588917
5060184249812,https://www.zooplus.fr/shop/chiens/friandises_chien/friandises_comprimes_chien/friandises_diverses_chien/2199978
4011905315461,https://www.zooplus.fr/shop/chiens/friandises_chien/friandises_chien_trixie/9980062785
8410650200392,https://www.zooplus.fr/shop/chiens/friandises_chien/biscuit_gateau_sec_friandises_chien/advance/607868
8445291546516,https://www.zooplus.fr/shop/chiens/boites_sachets_barquettes_chien/purina_veterinary_diets_canine/1400009
3666639124653,https://www.zooplus.fr/shop/chiens/friandises_chien/bois_corne_sabot/9980067318
3660176500291,https://www.zooplus.fr/shop/chiens/complements_alimentaires_chien/complements_alimentaires_chien_huile_liquide/9980052269
4000158916495,https://www.zooplus.fr/shop/chiens/friandises_chien/friandises_chien_bandes/bande_a_macher_rinti/572558
4062911047112,https://www.zooplus.fr/shop/chiens/boites_sachets_barquettes_chien/wolf_of_wilderness/offfres_essai/1908831
4011905313719,https://www.zooplus.fr/shop/chiens/friandises_chien/friandises_chien_volaille/9980053785
3666639116115,https://www.zooplus.fr/shop/chiens/friandises_chien/bois_corne_sabot/9980065005
4001967186918,https://www.zooplus.fr/shop/chiens/friandises_chien/friandise_chien_happy_dog/friandise_chien_happy_dog_naturcroq/2236157
5430001795578,https://www.zooplus.fr/shop/chiens/friandises_chien/friandises_sans_cereales_chien/9980005514
8594062086505,https://www.zooplus.fr/shop/chiens/croquettes_chien/calibra/1746881
8005852161741,https://www.zooplus.fr/shop/chiens/croquettes_chien_races/races_moyennes/9980068137
4262459380843,https://www.zooplus.fr/shop/chiens/friandises_chien/friandiseschiengeorgeandbob/2349922
5056273602316,https://www.zooplus.fr/shop/chiens/friandises_chien/petites_friandises/9980005561
8721551680184,https://www.zooplus.fr/shop/chiens/friandises_chien/bois_corne_sabot/9980073387
8020997011065,https://www.zooplus.fr/shop/chiens/croquettes_chien/adulte/9980010512
3760401050949,https://www.zooplus.fr/shop/chiens/friandises_chien/friandises_chien_volaille/9980013044
4032254770695,https://www.zooplus.fr/shop/chiens/croquettes_chien/josera_croquettes_chien/chien_profiline/2168247
5060126300069,https://www.zooplus.fr/shop/chiens/complements_alimentaires_chien/estomac_intestin_chien/estomac_intestin_comprimes_chien/210520
8711231200344,https://www.zooplus.fr/shop/chiens/complements_alimentaires_chien/complements_alimentaires_chien_huile_liquide/9980058101
4015598021562,https://www.zooplus.fr/shop/chiens/friandises_chien/biscuit_gateau_sec_friandises_chien/biscuits_chien_bosch/1228517
4260077047209,https://www.zooplus.fr/shop/chiens/friandises_chien/friandises_chien_bandes/rocco/206205
8010276041913,https://www.zooplus.fr/shop/chiens/croquettes_chien/croquettes/9980066341
8595237035366,https://www.zooplus.fr/shop/chiens/croquettes_chien/fitmin/1968810
9120100970667,https://www.zooplus.fr/shop/chiens/friandises_chien/bois_corne_sabot/9980002821
3700469697793,https://www.zooplus.fr/shop/chiens/friandises_chien/bois_corne_sabot/9980000324
8021680751862,https://www.zooplus.fr/shop/chiens/friandises_chien/9980015264
8712695167372,https://www.zooplus.fr/shop/chiens/friandises_chien/friandises_batonnet_chien/batonnets_vegetariens/707126
4260165193313,https://www.zooplus.fr/shop/chiens/boites_sachets_barquettes_chien/granatapet_boites_chien/407929
0052742064468,https://www.zooplus.fr/shop/chiens/croquettes_chien_races/races_moyennes/9980065181
8010276038937,https://www.zooplus.fr/shop/chiens/croquettes_chien/adulte/9980066231
3336024826232,https://www.zooplus.fr/shop/chiens/friandises_chien/friandises_chien_volaille/9980005591
3336024821930,https://www.zooplus.fr/shop/chiens/friandises_chien/petites_friandises/9980064665
8718444638575,https://www.zooplus.fr/shop/chiens/friandises_chien/friandises_batonnet_chien/batonnets_enrobes/1344283
5998749120491,https://www.zooplus.fr/shop/chiens/friandises_chien/friandises_chien_boeuf/2237273
4262459380805,https://www.zooplus.fr/shop/chiens/friandises_chien/friandiseschiengeorgeandbob/2353510
3760401051649,https://www.zooplus.fr/shop/chiens/friandises_chien/9980048714
8710255119717,https://www.zooplus.fr/shop/chiens/croquettes_chien/eukanuba_special_breed_croquettes_chien/eukanuba_special_care_croquettes_chien/2638314
4062911048058,https://www.zooplus.fr/shop/chiens/boites_sachets_barquettes_chien/boites_chien_purizon/single_meat/1919891
4015598013611,https://www.zooplus.fr/shop/chiens/croquettes_chien/adulte/9980008031
3760401050642,https://www.zooplus.fr/shop/chiens/friandises_chien/friandises_chien_poisson/9980012982
8711231107902,https://www.zooplus.fr/shop/chiens/complements_alimentaires_chien/complements_alimentaires_chien_huile_liquide/9980059114
5998274311159,https://www.zooplus.fr/shop/chiens/croquettes_chien/julius_k9/1996217
3182550821438,https://www.zooplus.fr/shop/chiens/croquettes_chien/royal_canin_breed_croquettes_chien/jack_russel_croquettes_royal_canin/353047
4260358519913,https://www.zooplus.fr/shop/chiens/boites_sachets_barquettes_chien/rocco_boites_chien/diet_care/752924
8595602581252,https://www.zooplus.fr/shop/chiens/croquettes_chien/carnilove/chien_adulte/2590008
4062911003682,https://www.zooplus.fr/shop/chiens/croquettes_chien/wolf_of_wilderness/wow_softandstrong_croquettes/841213
8437013127103,https://www.zooplus.fr/shop/chiens/croquettes_chien/natura_diet/1747055
3700469698554,https://www.zooplus.fr/shop/chiens/friandises_chien/bois_corne_sabot/9980000326
886284543101,https://www.zooplus.fr/shop/chiens/aliments_sans_cereales/friandises_sans_cereales_chien/2233055
5010394001595,https://www.zooplus.fr/shop/chiens/friandises_chien/friandises_batonnet_chien/9980008226
4062911031647,https://www.zooplus.fr/shop/chiens/croquettes_chien/croquettes_chien_purizon/coldpressed/1857742
4251424300115,https://www.zooplus.fr/shop/chiens/friandises_chien/biscuit_gateau_sec_friandises_chien/canibit/429785
3182550784641,https://www.zooplus.fr/shop/chiens/friandises_chien/biscuit_gateau_sec_friandises_chien/biscuits_royal_canin/215518
3760401052592,https://www.zooplus.fr/shop/chiens/croquettes_chien/9980048700
8001154002850,https://www.zooplus.fr/shop/chiens/croquettes_chien/almo_nature_holistic_croquettes_chien/almo_nature_holistic_large_croquettes_chien/1990982
8010276039309,https://www.zooplus.fr/shop/chiens/croquettes_chien/adulte/9980066380
4008239582546,https://www.zooplus.fr/shop/chiens/friandises_chien/friandise_chien_vitakraft/friandises_vitakraft_chicken/2365571
7640154288546,https://www.zooplus.fr/shop/chiens/friandises_chien/friandises_batonnet_chien/autres_batonnets_viande/466194
3760401052929,https://www.zooplus.fr/shop/chiens/friandises_chien/9980012970
8020245713581,https://www.zooplus.fr/shop/chiens/croquettes_chien/forza10_croquettes_chien/forza10_maintenance_croquettes_chien/606085
8595237016075,https://www.zooplus.fr/shop/chiens/croquettes_chien/fitmin/1747020
4048422146124,https://www.zooplus.fr/shop/chiens/friandises_chien/9980052275
4015598322201,https://www.zooplus.fr/shop/chiens/croquettes_chien/bosch_croquettes_chien/my_friend/739345
52742364308,https://www.zooplus.fr/shop/chiens/boites_sachets_barquettes_chien/hills_science_plan_boites_chien/boites_hillsscienceplan/461111
3700525900867,https://www.zooplus.fr/shop/chiens/complements_alimentaires_chien/complements_alimentaires_chien_huile_liquide/9980000727
9120063683420,https://www.zooplus.fr/shop/chiens/boites_sachets_barquettes_chien/dogs_love/1851849
9421038210017,https://www.zooplus.fr/shop/chiens/croquettes_chien/riche_en_viande/9980066649
5701170343878,https://www.zooplus.fr/shop/chiens/complements_alimentaires_chien/complements_alimentaires_chien_huile_liquide/9980007024
3283021704226,https://www.zooplus.fr/shop/chiens/friandises_chien/petites_friandises/9980003354
8606014105568,https://www.zooplus.fr/shop/chiens/boites_sachets_barquettes_chien/nourriture_humide/9980066383
5060144750099,https://www.zooplus.fr/shop/chiens/complements_alimentaires_chien/anti_stress_chien/1991188
8410650540672,https://www.zooplus.fr/shop/chiens/friandises_chien/biscuit_gateau_sec_friandises_chien/biscuits_divers/1233322
4032254748052,https://www.zooplus.fr/shop/chiens/croquettes_chien/green_petfood/584479
3760185060653,https://www.zooplus.fr/shop/chiens/croquettes_chien/croquettes_small_mini_breed/9980004907
5430002585222,https://www.zooplus.fr/shop/chiens/pathologies_canines/qualite_alimentaire/9980005510
5060318130153,https://www.zooplus.fr/shop/chiens/croquettes_chien/simpsons_premium/adult/365458
4062911039575,https://www.zooplus.fr/shop/chiens/friandises_chien/briantos_fitbites/meat_rolls_strips/2205112
8721551680061,https://www.zooplus.fr/shop/chiens/friandises_chien/bois_corne_sabot/9980073780
4260677550512,https://www.zooplus.fr/shop/chiens/complements_alimentaires_chien/complements_alimentaires_chien_huile_liquide/9980050417
7613287748157,https://www.zooplus.fr/shop/chiens/friandises_chien/friandises_batonnet_chien/batonnets_soins_dentaires/1331729
4260748896983,https://www.zooplus.fr/shop/chiens/croquettes_chien/adulte/9980180132
7311030410329,https://www.zooplus.fr/shop/chiens/croquettes_chien/bozita_croquettes_chien/2572527
8429037014507,https://www.zooplus.fr/shop/chiens/croquettes_chien/senior/9980002095
8410650604794,https://www.zooplus.fr/shop/chiens/croquettes_chien/croquettes_chien_trainer_natural_nova_foods/croquettes_moyen_chien_trainer_fitness/2387388
5411468165104,https://www.zooplus.fr/shop/chiens/friandises_chien/biscuit_gateau_sec_friandises_chien/9980012483
3700525918220,https://www.zooplus.fr/shop/chiens/complements_alimentaires_chien/complements_alimentaires_chien_huile_liquide/9980000773
8594062087175,https://www.zooplus.fr/shop/chiens/croquettes_chien/calibra_veterinary_diet/1909728
3182550761895,https://www.zooplus.fr/shop/chiens/croquettes_chien/royal_canin_veterinary_diet/sterilisation_castration/864524
5902811742634,https://www.zooplus.fr/shop/chiens/croquettes_chien/4vets/1991211
3760401051137,https://www.zooplus.fr/shop/chiens/friandises_chien/friandises_chien_poisson/9980012994
8595602530717,https://www.zooplus.fr/shop/chiens/croquettes_chien/brit/1991168
4002633560520,https://www.zooplus.fr/shop/chiens/croquettes_chien/belcando/adulte/2174245
4002633560223,https://www.zooplus.fr/shop/chiens/croquettes_chien/belcando/adulte/2175374
8445291002821,https://www.zooplus.fr/shop/chiens/croquettes_chien/purina_pro_plan_croquettes_chien/purina_veterinary_diets/2430987
5430003885048,https://www.zooplus.fr/shop/chiens/complements_alimentaires_chien/pelage_peau_chien/9980048618
8595237035359,https://www.zooplus.fr/shop/chiens/croquettes_chien/fitmin/1967937
3760443280083,https://www.zooplus.fr/shop/chiens/complements_alimentaires_chien/ossature_articulations_chien/9980066004
4037901131454,https://www.zooplus.fr/shop/chiens/friandises_chien/friandise_chien_hansepet/2147434
3182550948784,https://www.zooplus.fr/shop/chiens/croquettes_chien/royal_canin_veterinary_diet/troubles_intestinaux_chien_royal_canin_veterinary/1897747
5998274312620,https://www.zooplus.fr/shop/chiens/croquettes_chien/julius_k9/1996163
8436001970523,https://www.zooplus.fr/shop/chiens/croquettes_chien/adulte/9980052716
8010276042361,https://www.zooplus.fr/shop/chiens/croquettes_chien/croquettes/9980066385
4260488282589,https://www.zooplus.fr/shop/chiens/friandises_chien/bois_corne_sabot/9980175772
4019181254108,https://www.zooplus.fr/shop/chiens/complements_alimentaires_chien/complements_alimentaires_chien_comprimes/estomac_intestin_complement_chien/2113313
4000158914354,https://www.zooplus.fr/shop/chiens/friandises_chien/friandise_chien_rinti/chicko_plus/2540842
4011905029955,https://www.zooplus.fr/shop/chiens/complements_alimentaires_chien/pelage_peau_chien/pelage_peau_comprimes_chien/15866
5400585324877,https://www.zooplus.fr/shop/chiens/friandises_chien/9980064779
4002633513212,https://www.zooplus.fr/shop/chiens/boites_sachets_barquettes_chien/belcando/single_protein/629432
5060084773806,https://www.zooplus.fr/shop/chiens/croquettes_chien/burns_chien/burns_chien_adulte/2277053
3760098110582,https://www.zooplus.fr/shop/chiens/complements_alimentaires_chien/complements_alimentaires_chien_huile_liquide/9980006804
3283021704271,https://www.zooplus.fr/shop/chiens/complements_alimentaires_chien/complements_alimentaires_chien_huile_liquide/9980011100
4260275027232,https://www.zooplus.fr/shop/chiens/boites_sachets_barquettes_chien/fleischeslust/2530197
8683769632679,https://www.zooplus.fr/shop/chiens/complements_alimentaires_chien/complements_alimentaires_chien_huile_liquide/9980049760
8606014105506,https://www.zooplus.fr/shop/chiens/boites_sachets_barquettes_chien/chiot/9980066356
4062911066205,https://www.zooplus.fr/shop/chiens/friandises_chien/wolf_of_wilderness/a_decouvrir/2480753
8683769633201,https://www.zooplus.fr/shop/chiens/friandises_chien/biscuit_gateau_sec_friandises_chien/9980050134
8720165908257,https://www.zooplus.fr/shop/chiens/complements_alimentaires_chien/chien_croissance_performance/9980011663
7613036713320,https://www.zooplus.fr/shop/chiens/croquettes_chien/purina_pro_plan_croquettes_chien/puppy_optistart/1187350
4000819008057,https://www.zooplus.fr/shop/chiens/friandises_chien/friandises_comprimes_chien/friandises_diverses_chien/1993724
8713447010120,https://www.zooplus.fr/shop/chiens/croquettes_chien/croquettes_chien_fokker/1746472
4008429169564,https://www.zooplus.fr/shop/chiens/boites_sachets_barquettes_chien/james_wellbeloved/chien_adulte/2219948
4033766697982,https://www.zooplus.fr/shop/chiens/friandises_chien/friandises_os_chien/9980008574
3666639116092,https://www.zooplus.fr/shop/chiens/friandises_chien/bois_corne_sabot/9980064994
8716793909162,https://www.zooplus.fr/shop/chiens/friandises_chien/friandises_batonnet_chien/batonnets_enrobes/1359571
3760443010215,https://www.zooplus.fr/shop/chiens/alimentation_barf/9980065166
7350055513424,https://www.zooplus.fr/shop/chiens/friandises_chien/friandises_os_chien/9980008457
3700469697854,https://www.zooplus.fr/shop/chiens/friandises_chien/bois_corne_sabot/9980000321
4260358519890,https://www.zooplus.fr/shop/chiens/boites_sachets_barquettes_chien/rocco_boites_chien/diet_care/752921
3182550707046,https://www.zooplus.fr/shop/chiens/croquettes_chien/royal_canin_size_croquettes_chien/royal_canin_size_geant_croquettes_chien/15568
3700971800957,https://www.zooplus.fr/shop/chiens/croquettes_chien/adulte/9980002733
8010276042422,https://www.zooplus.fr/shop/chiens/croquettes_chien/chien_grandes_races_divers/9980066305
8010276040060,https://www.zooplus.fr/shop/chiens/croquettes_chien/adulte/9980066240
3561963603457,https://www.zooplus.fr/shop/chiens/croquettes_chien/virbac_vet_hpm/adulte/1020618
3182550780896,https://www.zooplus.fr/shop/chiens/croquettes_chien/adulte/9980006808
3760401053209,https://www.zooplus.fr/shop/chiens/friandises_chien/friandises_chien_boeuf/9980012980
3666639116085,https://www.zooplus.fr/shop/chiens/friandises_chien/bois_corne_sabot/9980064893
4062911067066,https://www.zooplus.fr/shop/chiens/friandises_chien/wolf_of_wilderness/oreilles/2480562
3760401052554,https://www.zooplus.fr/shop/chiens/croquettes_chien/9980048732
3760368528628,https://www.zooplus.fr/shop/chiens/friandises_chien/petites_friandises/9980011313
5400274994152,https://www.zooplus.fr/shop/chiens/friandises_chien/friandises_chien_volaille/9980005566
4048422108733,https://www.zooplus.fr/shop/chiens/friandises_chien/friandises_os_chien/os_boeuf_fourres_chien/184116
4260697461065,https://www.zooplus.fr/shop/chiens/friandises_chien/chiens_ages/9980064457
4018653143360,https://www.zooplus.fr/shop/chiens/friandises_chien/friandises_chien_favoris/2164200
8595237034055,https://www.zooplus.fr/shop/chiens/croquettes_chien/fitmin/1746901
4008429171031,https://www.zooplus.fr/shop/chiens/boites_sachets_barquettes_chien/james_wellbeloved/chien_adulte/2220796
3701451023507,https://www.zooplus.fr/shop/chiens/friandises_chien/friandises_chien_volaille/9980005576
8595602530779,https://www.zooplus.fr/shop/chiens/croquettes_chien/brit/1991202
5430003157350,https://www.zooplus.fr/shop/chiens/complements_alimentaires_chien/complements_alimentaires_chien_huile_liquide/9980001132
4062911037069,https://www.zooplus.fr/shop/chiens/boites_sachets_barquettes_chien/rocco_boites_chien/diet_care/2000787
4260748894422,https://www.zooplus.fr/shop/chiens/boites_sachets_barquettes_chien/petit_chien/9980180098
4262365731494,https://www.zooplus.fr/shop/chiens/friandises_chien/bois_corne_sabot/9980066576
7613039746370,https://www.zooplus.fr/shop/chiens/croquettes_chien/purina_pro_plan_croquettes_chien/purina_veterinary_diets/2265026
6420612233230,https://www.zooplus.fr/shop/chiens/croquettes_chien/golden_eagle/1990764
8059149252520,https://www.zooplus.fr/shop/chiens/croquettes_chien/croquettes_chien_trainer_natural_nova_foods/croquettes_grand_chien_trainer_fitness/1991137
8009722003964,https://www.zooplus.fr/shop/chiens/complements_alimentaires_chien/complements_alimentaires_chien_huile_liquide/9980007047
4062911050839,https://www.zooplus.fr/shop/chiens/friandises_chien/briantos_fitbites/2076513
3065890135383,https://www.zooplus.fr/shop/chiens/boites_sachets_barquettes_chien/cesar_boites_chiens/barquettes_les_classiques/1020910
5905342292487,https://www.zooplus.fr/shop/chiens/croquettes_chien/pan_miesko/1930986
8059149252735,https://www.zooplus.fr/shop/chiens/croquettes_chien/croquettes_chien_trainer_natural_nova_foods/croquettes_grand_chien_trainer_fitness/2022718
8015579035461,https://www.zooplus.fr/shop/chiens/croquettes_chien/prolife/1991555
5400585317343,https://www.zooplus.fr/shop/chiens/friandises_chien/friandises_chien_volaille/9980069106
4255634606272,https://www.zooplus.fr/shop/chiens/boites_sachets_barquettes_chien/mjamjam/2118628
9003579111369,https://www.zooplus.fr/shop/chiens/boites_sachets_barquettes_chien/diabete_croquettes_boites_chien/9980068164
93123457,https://www.zooplus.fr/shop/chiens/complements_alimentaires_chien/ossature_articulations_chien/9980012179
5998274315171,https://www.zooplus.fr/shop/chiens/croquettes_chien/fitactive/1999984
3701730400166,https://www.zooplus.fr/shop/chiens/friandises_chien/entrainement_training/9980007934
3760235630331,https://www.zooplus.fr/shop/chiens/complements_alimentaires_chien/complements_alimentaires_chien_huile_liquide/9980054663
4260488280608,https://www.zooplus.fr/shop/chiens/friandises_chien/friandises_sans_cereales_chien/9980062218
8859387701145,https://www.zooplus.fr/shop/chiens/friandises_chien/bois_corne_sabot/9980066698
4062911118096,https://www.zooplus.fr/shop/chiens/boites_sachets_barquettes_chien/rocco_boites_chien/diet_care/1889533
8410650172873,https://www.zooplus.fr/shop/chiens/friandises_chien/friandises_batonnet_chien/9980006837
4260488285009,https://www.zooplus.fr/shop/chiens/croquettes_chien/adulte/9980062277
3666639124677,https://www.zooplus.fr/shop/chiens/friandises_chien/bois_corne_sabot/9980067335
3597133093612,https://www.zooplus.fr/shop/chiens/complements_alimentaires_chien/complements_alimentaires_chien_huile_liquide/9980063801
8716081990094,https://www.zooplus.fr/shop/chiens/croquettes_chien/cavom/1746536
4006381333931,https://www.zooplus.fr/shop/chiens/complements_alimentaires_chien/complements_alimentaires_chien_huile_liquide/9980060090
6420612235104,https://www.zooplus.fr/shop/chiens/croquettes_chien/golden_eagle/1991349
4260358516547,https://www.zooplus.fr/shop/chiens/boites_sachets_barquettes_chien/lukullus_boites_chiens/lukullus_boites_patee_chien/652548
8711231131570,https://www.zooplus.fr/shop/chiens/complements_alimentaires_chien/vitamines_chien/pate_huile_vitamines_chien/1746317
8436020788307,https://www.zooplus.fr/shop/chiens/complements_alimentaires_chien/hygiene_dentaire_chien/1747022
9003579012109,https://www.zooplus.fr/shop/chiens/boites_sachets_barquettes_chien/royal_canin_veterinary_diet/obesite_surpoids/2555616
4251276203213,https://www.zooplus.fr/shop/chiens/friandises_chien/friandises_chien_dokas/autres_friandises/2591185
3770026798027,https://www.zooplus.fr/shop/chiens/friandises_chien/petites_friandises/9980002746
4251424302003,https://www.zooplus.fr/shop/chiens/friandises_chien/friandise_chien_caniland/gibier/2279639
4033766700767,https://www.zooplus.fr/shop/chiens/friandises_chien/friandises_batonnet_chien/9980008287
4251276200601,https://www.zooplus.fr/shop/chiens/friandises_chien/friandises_batonnet_chien/batonnets_fourres/138429
8436586310851,https://www.zooplus.fr/shop/chiens/croquettes_chien/primal/1746552
8059149431550,https://www.zooplus.fr/shop/chiens/croquettes_chien/croquettes_chien_trainer_natural_nova_foods/croquettes_grand_chien_trainer_fitness/212970
8683769643002,https://www.zooplus.fr/shop/chiens/complements_alimentaires_chien/complements_alimentaires_chien_huile_liquide/9980050763
3760443010246,https://www.zooplus.fr/shop/chiens/alimentation_barf/9980065170
8716793903566,https://www.zooplus.fr/shop/chiens/friandises_chien/friandises_chien_bandes/autres_bandes_macher/1359498
8595602526338,https://www.zooplus.fr/shop/chiens/croquettes_chien/brit/brit_premium/1746528
9003579026588,https://www.zooplus.fr/shop/chiens/boites_sachets_barquettes_chien/royal_canin_boites_chien/royal_canin_veterinary_diet/1414310
5025730009319,https://www.zooplus.fr/shop/chiens/friandises_chien/natural_trainer/2301420
3700971800315,https://www.zooplus.fr/shop/chiens/croquettes_chien/croquettes/9980066912
3561963601118,https://www.zooplus.fr/shop/chiens/croquettes_chien/virbac_vet_hpm/besoins_specifiques/655060
3666639132962,https://www.zooplus.fr/shop/chiens/friandises_chien/bois_corne_sabot/9980069136
074198613632,https://www.zooplus.fr/shop/chiens/croquettes_chien/croquettes_chien_taste_of_the_wild/croquettes_taste_of_the_wild_chien/1931248
5400585121124,https://www.zooplus.fr/shop/chiens/friandises_chien/9980003828
4251276205521,https://www.zooplus.fr/shop/chiens/friandises_chien/friandises_chien_dokas/autres_friandises/2590750
4011905311869,https://www.zooplus.fr/shop/chiens/friandises_chien/friandises_chien_volaille/9980005634
5400585227758,https://www.zooplus.fr/shop/chiens/friandises_chien/friandises_chien_boeuf/9980015120
4000819004370,https://www.zooplus.fr/shop/chiens/friandises_chien/friandises_chien_boeuf/abats_friandises_boeuf_chien/138430
3182550798945,https://www.zooplus.fr/shop/chiens/croquettes_chien/adulte/9980006884
3701730400692,https://www.zooplus.fr/shop/chiens/friandises_chien/entrainement_training/9980061622
3336024829516,https://www.zooplus.fr/shop/chiens/friandises_chien/friandises_chien_boeuf/9980063681
4016598065259,https://www.zooplus.fr/shop/chiens/friandises_chien/friandises_os_chien/os_chien/2133094
8683769679568,https://www.zooplus.fr/shop/chiens/complements_alimentaires_chien/complements_alimentaires_chien_huile_liquide/9980051326
3700525923750,https://www.zooplus.fr/shop/chiens/complements_alimentaires_chien/complements_alimentaires_chien_huile_liquide/9980000744
4027245902100,https://www.zooplus.fr/shop/chiens/croquettes_chien/macs_croquettes_chien/1991472
3182550895101,https://www.zooplus.fr/shop/chiens/croquettes_chien/royal_canin_care_nutrition/relax_care/2145790
8010276033246,https://www.zooplus.fr/shop/chiens/croquettes_chien/croquettes/9980066382
3760404050175,https://www.zooplus.fr/shop/chiens/croquettes_chien/adulte/9980013848
3082855956869,https://www.zooplus.fr/shop/chiens/complements_alimentaires_chien/complements_alimentaires_chien_huile_liquide/9980001007
3760368526860,https://www.zooplus.fr/shop/chiens/friandises_chien/petites_friandises/9980052232
2001003000019,https://www.zooplus.fr/shop/chiens/croquettes_chien/adulte/9980066544
5400585211214,https://www.zooplus.fr/shop/chiens/friandises_chien/9980005569
3700454506222,https://www.zooplus.fr/shop/chiens/complements_alimentaires_chien/complements_alimentaires_chien_huile_liquide/9980007108
8424160027387,https://www.zooplus.fr/shop/chiens/friandises_chien/friandises_chien_poisson/9980000178
5060318130122,https://www.zooplus.fr/shop/chiens/croquettes_chien/simpsons_premium/adult/365456
3561963601231,https://www.zooplus.fr/shop/chiens/croquettes_chien/virbac_vet_hpm/9980052264
8683769632723,https://www.zooplus.fr/shop/chiens/complements_alimentaires_chien/complements_alimentaires_chien_huile_liquide/9980049848
4062911037366,https://www.zooplus.fr/shop/chiens/boites_sachets_barquettes_chien/lukullus_boites_chiens/lots_decouvertes_lukullus/274259
4008239591548,https://www.zooplus.fr/shop/chiens/friandises_chien/friandises_batonnet_chien/autres_batonnets_viande/1004715
8710255153889,https://www.zooplus.fr/shop/chiens/croquettes_chien/iams_croquettes_chien/senior_mature/494082
8445290041012,https://www.zooplus.fr/shop/chiens/complements_alimentaires_chien/estomac_intestin_chien/2597779
7613036710992,https://www.zooplus.fr/shop/chiens/croquettes_chien/purina_pro_plan_croquettes_chien/puppy_optistart/2184458
052742170008,https://www.zooplus.fr/shop/chiens/croquettes_chien/hills_science_plan_croquettes_chien/hills_science_plan_adulte_croquettes_chien_light/296251
4011905919867,https://www.zooplus.fr/shop/chiens/friandises_chien/friandises_chien_volaille/9980005625
4001967158618,https://www.zooplus.fr/shop/chiens/croquettes_chien/happy_dog_medium_croquettes_chien/happy_dog_medium_flocons_chien/1397972
3561963601071,https://www.zooplus.fr/shop/chiens/croquettes_chien/virbac_vet_hpm/9980006833
3700525907743,https://www.zooplus.fr/shop/chiens/complements_alimentaires_chien/complements_alimentaires_chien_huile_liquide/9980000739
8718444638070,https://www.zooplus.fr/shop/chiens/complements_alimentaires_chien/complements_alimentaires_chien_huile_liquide/complements_alimentaires_chien_huile_peau_pelage/1691618
5404040804171,https://www.zooplus.fr/shop/chiens/croquettes_chien/edgard_cooper/adulte/2579544
5060333439323,https://www.zooplus.fr/shop/chiens/croquettes_chien/applaws/lot_economique_croquettes_applaws/456813
5902921395843,https://www.zooplus.fr/shop/chiens/croquettes_chien/dolina_noteci/1990836
4032254791539,https://www.zooplus.fr/shop/chiens/friandises_chien/friandises_batonnet_chien/batonnets_soins_dentaires/1891024
8594062088844,https://www.zooplus.fr/shop/chiens/croquettes_chien/calibra/1747082
3760401051076,https://www.zooplus.fr/shop/chiens/friandises_chien/friandises_chien_boeuf/9980013057
4062911042728,https://www.zooplus.fr/shop/chiens/boites_sachets_barquettes_chien/wolf_of_wilderness/adult_red/1919978
4062911013902,https://www.zooplus.fr/shop/chiens/boites_sachets_barquettes_chien/greenwoods/adult/1227148
4040345007636,https://www.zooplus.fr/shop/chiens/friandises_chien/bois_corne_sabot/9980007999
4260488283401,https://www.zooplus.fr/shop/chiens/friandises_chien/viande_de_cerf/9980175778
3760401051410,https://www.zooplus.fr/shop/chiens/friandises_chien/friandises_chien_boeuf/9980012927
8445291369979,https://www.zooplus.fr/shop/chiens/friandises_chien/friandises_comprimes_chien/friandises_diverses_chien/2455113
7350118550618,https://www.zooplus.fr/shop/chiens/croquettes_chien/senior/9980066589
8859387701138,https://www.zooplus.fr/shop/chiens/friandises_chien/bois_corne_sabot/9980066566
3701208901706,https://www.zooplus.fr/shop/chiens/complements_alimentaires_chien/complements_alimentaires_chien_huile_liquide/9980066180
8001154122060,https://www.zooplus.fr/shop/chiens/croquettes_chien/chien_grandes_races_divers/9980004513
3760401050956,https://www.zooplus.fr/shop/chiens/friandises_chien/friandises_chien_boeuf/9980012939
3182550821773,https://www.zooplus.fr/shop/chiens/croquettes_chien/royal_canin_breed_croquettes_chien/beagle_croquettes_royal_canin/353044
5414970060684,https://www.zooplus.fr/shop/chiens/croquettes_chien/arion/1991545
5701170320848,https://www.zooplus.fr/shop/chiens/boites_sachets_barquettes_chien/senior/9980006708
5010394004220,https://www.zooplus.fr/shop/chiens/friandises_chien/friandise_pedigree_chien/9980010444
5998274314440,https://www.zooplus.fr/shop/chiens/croquettes_chien/fitactive/1999963
5411290319362,https://www.zooplus.fr/shop/chiens/friandises_chien/petites_friandises/9980005185
8683769632716,https://www.zooplus.fr/shop/chiens/complements_alimentaires_chien/complements_alimentaires_chien_huile_liquide/9980049849
8410650235257,https://www.zooplus.fr/shop/chiens/croquettes_chien/affinity_advance_veterinary_diets/peau_pelage/692610
5056273609292,https://www.zooplus.fr/shop/chiens/croquettes_chien_races/races_moyennes/9980065892
3700469699735,https://www.zooplus.fr/shop/chiens/friandises_chien/bois_corne_sabot/9980055613
8606014105582,https://www.zooplus.fr/shop/chiens/boites_sachets_barquettes_chien/adulte/9980066276
4066736010931,https://www.zooplus.fr/shop/chiens/boites_sachets_barquettes_chien/terra_canis_boites_chien/boites_chien_terra_canis_lots_econmiques/2178966
3760080532897,https://www.zooplus.fr/shop/chiens/croquettes_chien/adulte/9980014583
9003579008409,https://www.zooplus.fr/shop/chiens/boites_sachets_barquettes_chien/royal_canin_boites_chien/medium/697260
4048422107798,https://www.zooplus.fr/shop/chiens/friandises_chien/friandises_os_chien/os_balle_macher_chien/179040
8710255121420,https://www.zooplus.fr/shop/chiens/croquettes_chien/senior/9980006944
4062911002128,https://www.zooplus.fr/shop/chiens/croquettes_chien/lukullus_croquettes_chiens/mono_proteine/1013341
5400585178074,https://www.zooplus.fr/shop/chiens/friandises_chien/9980004748
9120134040671,https://www.zooplus.fr/shop/chiens/croquettes_chien/wow/1852939
5060481898492,https://www.zooplus.fr/shop/chiens/pathologies_canines/forte_teneur_en_viande/9980066365
8410650221588,https://www.zooplus.fr/shop/chiens/croquettes_chien/affinity_advance/maxi/276677
4019181504050,https://www.zooplus.fr/shop/chiens/complements_alimentaires_chien/ossature_articulations_chien/ossature_articulations_comprimes_chien/2122420
4032254791348,https://www.zooplus.fr/shop/chiens/friandises_chien/friandises_batonnet_chien/batonnets_soins_dentaires/1905510
3665549206664,https://www.zooplus.fr/shop/chiens/friandises_chien/9980062466
5400585146813,https://www.zooplus.fr/shop/chiens/friandises_chien/friandises_chien_volaille/9980003652
4011905258416,https://www.zooplus.fr/shop/chiens/friandises_chien/petites_friandises/9980005363
3336024823439,https://www.zooplus.fr/shop/chiens/friandises_chien/friandises_chien_volaille/9980005558
8032644301313,https://www.zooplus.fr/shop/chiens/complements_alimentaires_chien/complements_alimentaires_chien_huile_liquide/9980013828
4000158925190,https://www.zooplus.fr/shop/chiens/boites_sachets_barquettes_chien/rinti_boites_chien/lot_economique_rinti/1746314
4015598024129,https://www.zooplus.fr/shop/chiens/croquettes_chien/bosch_croquettes_chien/my_friend/1998577
8410650216409,https://www.zooplus.fr/shop/chiens/croquettes_chien/ultima_croquettes_chien/croquettes/1883192
4027941291591,https://www.zooplus.fr/shop/chiens/friandises_chien/friandises_chien_volaille/volaille_classique/201116
8595237035410,https://www.zooplus.fr/shop/chiens/croquettes_chien/fitmin/1746846
4062911048102,https://www.zooplus.fr/shop/chiens/boites_sachets_barquettes_chien/wolf_of_wilderness/wolf_of_wilderness_junior/564310
8718444631682,https://www.zooplus.fr/shop/chiens/friandises_chien/friandises_comprimes_chien/friandises_diverses_chien/1691619
9003579008324,https://www.zooplus.fr/shop/chiens/boites_sachets_barquettes_chien/royal_canin_boites_chien/medium/697258
8429037001033,https://www.zooplus.fr/shop/chiens/croquettes_chien/chien_grandes_races_divers/9980009492
3336024823606,https://www.zooplus.fr/shop/chiens/friandises_chien/petites_friandises/9980058049
0064992571207,https://www.zooplus.fr/shop/chiens/croquettes_chien/acana/9980066201
3561963630231,https://www.zooplus.fr/shop/chiens/boites_sachets_barquettes_chien/virbac_veterinary_hpm/2237733
8445290020208,https://www.zooplus.fr/shop/chiens/complements_alimentaires_chien/anti_stress_chien/1364817
3336024828854,https://www.zooplus.fr/shop/chiens/friandises_chien/friandises_chien_volaille/9980005587
4028691532088,https://www.zooplus.fr/shop/chiens/complements_alimentaires_chien/complements_alimentaires_chien_huile_liquide/9980006773
8009470011556,https://www.zooplus.fr/shop/chiens/croquettes_chien/monge/1991644
8005852150172,https://www.zooplus.fr/shop/chiens/croquettes_chien/schesir/2124521
8710255120041,https://www.zooplus.fr/shop/chiens/croquettes_chien/adulte/9980012501
7613035120440,https://www.zooplus.fr/shop/chiens/croquettes_chien/purina_pro_plan_croquettes_chien/adult_optibalance/41472
5906679369231,https://www.zooplus.fr/shop/chiens/complements_alimentaires_chien/complements_alimentaires_chien_huile_liquide/9980000202
4062911013315,https://www.zooplus.fr/shop/chiens/boites_sachets_barquettes_chien/rocco_boites_chien/boites_chien_tour_du_monde_rocco/1186422
3595897787631,https://www.zooplus.fr/shop/chiens/complements_alimentaires_chien/complements_alimentaires_chien_huile_liquide/9980006667
7311030450417,https://www.zooplus.fr/shop/chiens/croquettes_chien/bozita_croquettes_chien/sans_cereales/1546923
8410650619569,https://www.zooplus.fr/shop/chiens/friandises_chien/natures_variety/2254173
5430001795073,https://www.zooplus.fr/shop/chiens/croquettes_chien/adulte/9980005494
4008429171055,https://www.zooplus.fr/shop/chiens/boites_sachets_barquettes_chien/james_wellbeloved/chien_age/2219889
5902921395836,https://www.zooplus.fr/shop/chiens/croquettes_chien/dolina_noteci/1990844
4260650920578,https://www.zooplus.fr/shop/chiens/complements_alimentaires_chien/estomac_intestin_chien/9980010711
4260748894903,https://www.zooplus.fr/shop/chiens/boites_sachets_barquettes_chien/petit_chien/9980180124
5701170110531,https://www.zooplus.fr/shop/chiens/croquettes_chien/specific_veterinary_diet/chien_age/875141
5060560754343,https://www.zooplus.fr/shop/chiens/complements_alimentaires_chien/ossature_articulations_chien/ossature_articulations_comprimes_chien/2001415
4011905919935,https://www.zooplus.fr/shop/chiens/friandises_chien/petites_friandises/9980005633
4260198350004,https://www.zooplus.fr/shop/chiens/friandises_chien/pate_creme/169711
5400585147056,https://www.zooplus.fr/shop/chiens/friandises_chien/petites_friandises/9980005650
4017721727334,https://www.zooplus.fr/shop/chiens/boites_sachets_barquettes_chien/animonda_boites_chien/9980008363
8710255174754,https://www.zooplus.fr/shop/chiens/croquettes_chien/eukanuba_special_breed_croquettes_chien/eukanuba_special_care_croquettes_chien/2622694
5701170821314,https://www.zooplus.fr/shop/chiens/boites_sachets_barquettes_chien/adulte/9980006740
4260650920592,https://www.zooplus.fr/shop/chiens/friandises_chien/friandises_soin_dentaire_chien/2468120
5900469571392,https://www.zooplus.fr/shop/chiens/croquettes_chien/tropidog/1991347
3666639116061,https://www.zooplus.fr/shop/chiens/friandises_chien/bois_corne_sabot/9980065099
4048422152569,https://www.zooplus.fr/shop/chiens/friandises_chien/friandises_comprimes_chien/snacks_recompense_8in1_delights_minis/1418217
5404040804058,https://www.zooplus.fr/shop/chiens/croquettes_chien/edgard_cooper/chiot/2578052
3336024826348,https://www.zooplus.fr/shop/chiens/friandises_chien/9980005618
8710255128122,https://www.zooplus.fr/shop/chiens/croquettes_chien/iams_croquettes_chien/9980068191
8595602526505,https://www.zooplus.fr/shop/chiens/croquettes_chien/brit/brit_premium/1746527
4260358519906,https://www.zooplus.fr/shop/chiens/boites_sachets_barquettes_chien/rocco_boites_chien/diet_care/752925
8002754002264,https://www.zooplus.fr/shop/chiens/croquettes_chien/croquettes/9980012304
4008239584083,https://www.zooplus.fr/shop/chiens/friandises_chien/friandises_batonnet_chien/batonnets_enrobes/1834830
3700525923019,https://www.zooplus.fr/shop/chiens/complements_alimentaires_chien/complements_alimentaires_chien_huile_liquide/9980000751
3700469699728,https://www.zooplus.fr/shop/chiens/friandises_chien/friandises_batonnet_chien/9980055907
8413037331641,https://www.zooplus.fr/shop/chiens/croquettes_chien_races/races_moyennes/9980065994
3336024828663,https://www.zooplus.fr/shop/chiens/friandises_chien/friandises_chien_porc/9980005622
4260748897010,https://www.zooplus.fr/shop/chiens/croquettes_chien/adulte/9980180135
4062911053342,https://www.zooplus.fr/shop/chiens/croquettes_chien/croquettes_chien_purizon/purizon_senior/2113152
7613035846807,https://www.zooplus.fr/shop/chiens/croquettes_chien/purina_one_croquettes_chien/9980063896
3336024823415,https://www.zooplus.fr/shop/chiens/friandises_chien/friandises_chien_volaille/9980005613
8683769633171,https://www.zooplus.fr/shop/chiens/friandises_chien/biscuit_gateau_sec_friandises_chien/9980050111
3182550938983,https://www.zooplus.fr/shop/chiens/croquettes_chien/royal_canin_veterinary_diet/allergies_intolerance_alimentaires_chien/1422246
5411290208895,https://www.zooplus.fr/shop/chiens/friandises_chien/friandises_chien_volaille/9980003850
4260578753050,https://www.zooplus.fr/shop/chiens/aliments_sans_cereales/nourriture_humide/2188685
3701451008719,https://www.zooplus.fr/shop/chiens/friandises_chien/friandises_chien_volaille/9980003831
3760401051168,https://www.zooplus.fr/shop/chiens/croquettes_chien/adulte/9980048672
8410650235301,https://www.zooplus.fr/shop/chiens/croquettes_chien/affinity_advance/affinity_advance/1101576
8429037001026,https://www.zooplus.fr/shop/chiens/croquettes_chien/adulte/9980009493
5701170121018,https://www.zooplus.fr/shop/chiens/boites_sachets_barquettes_chien/adulte/9980006972
5430003157275,https://www.zooplus.fr/shop/chiens/complements_alimentaires_chien/estomac_intestin_chien/9980001188
4032254770688,https://www.zooplus.fr/shop/chiens/croquettes_chien/josera_croquettes_chien/chien_profiline/2168381
6420612233032,https://www.zooplus.fr/shop/chiens/croquettes_chien/golden_eagle/1990765
4260697461669,https://www.zooplus.fr/shop/chiens/friandises_chien/petites_friandises/9980061290
3760401051342,https://www.zooplus.fr/shop/chiens/friandises_chien/friandises_chien_volaille/9980012989
4015598021593,https://www.zooplus.fr/shop/chiens/friandises_chien/biscuit_gateau_sec_friandises_chien/biscuits_chien_bosch/1228427
8437024553045,https://www.zooplus.fr/shop/chiens/friandises_chien/petites_friandises/9980009405
8710255119595,https://www.zooplus.fr/shop/chiens/croquettes_chien/adulte/9980006903
4250078948445,https://www.zooplus.fr/shop/chiens/friandises_chien/chiens_ages/9980014752
8010276036087,https://www.zooplus.fr/shop/chiens/croquettes_chien/adulte/9980066702
5400585390346,https://www.zooplus.fr/shop/chiens/friandises_chien/petites_friandises/9980015115
8595602508938,https://www.zooplus.fr/shop/chiens/croquettes_chien/carnilove/9980009654
4062911039070,https://www.zooplus.fr/shop/chiens/friandises_chien/briantos_fitbites/biantos_chews/2005012
9003579013342,https://www.zooplus.fr/shop/chiens/boites_sachets_barquettes_chien/adulte/9980063786
4891234567898,https://www.zooplus.fr/shop/chiens/complements_alimentaires_chien/estomac_intestin_chien/9980012176
8683769633140,https://www.zooplus.fr/shop/chiens/friandises_chien/friandises_batonnet_chien/9980050162
8424160027424,https://www.zooplus.fr/shop/chiens/friandises_chien/friandises_chien_volaille/9980000157
5060184241236,https://www.zooplus.fr/shop/chiens/croquettes_chien/lilys_kitchen/2040416
3605874644106,https://www.zooplus.fr/shop/chiens/complements_alimentaires_chien/ossature_articulations_chien/9980179912
3065890159877,https://www.zooplus.fr/shop/chiens/boites_sachets_barquettes_chien/pedigree_pur_boites_chien/sachets_fraicheur/633446
8005852126702,https://www.zooplus.fr/shop/chiens/friandises_chien/friandises_batonnet_chien/9980057130
8720828441503,https://www.zooplus.fr/shop/chiens/complements_alimentaires_chien/complements_alimentaires_chien_huile_liquide/9980013406
5023538101211,https://www.zooplus.fr/shop/chiens/friandises_chien/bois_corne_sabot/9980066646
8410650582832,https://www.zooplus.fr/shop/chiens/croquettes_chien/affinity_advance/maxi/402842
4251276200151,https://www.zooplus.fr/shop/chiens/friandises_chien/friandises_chien_dokas/autres_friandises/2590863
3701451024740,https://www.zooplus.fr/shop/chiens/friandises_chien/friandises_chien_boeuf/9980005632
8594062086703,https://www.zooplus.fr/shop/chiens/croquettes_chien/calibra/1747052
8595602582044,https://www.zooplus.fr/shop/chiens/croquettes_chien/carnilove/chiot/2589027
8011259002617,https://www.zooplus.fr/shop/chiens/croquettes_chien/exclusion_croquettes_chien/62868
9003579008249,https://www.zooplus.fr/shop/chiens/boites_sachets_barquettes_chien/royal_canin_boites_chien/mini/697256
4032254795995,https://www.zooplus.fr/shop/chiens/croquettes_chien/josera_croquettes_chien/chien_profiline/2502417
8011391069912,https://www.zooplus.fr/shop/chiens/friandises_chien/bois_corne_sabot/9980062805
5414970060707,https://www.zooplus.fr/shop/chiens/croquettes_chien/arion/1991126
7613034994769,https://www.zooplus.fr/shop/chiens/friandises_chien/friandises_batonnet_chien/autres_batonnets_viande/1838056
3336024826225,https://www.zooplus.fr/shop/chiens/friandises_chien/friandises_soin_dentaire_chien/9980005544
3182550813211,https://www.zooplus.fr/shop/chiens/croquettes_chien/royal_canin_breed_croquettes_chien/cocker_croquettes_royal_canin/353050
3760443280120,https://www.zooplus.fr/shop/chiens/complements_alimentaires_chien/foie_reins_chien/9980065999
8710255206356,https://www.zooplus.fr/shop/chiens/boites_sachets_barquettes_chien/eukanuba_boites_chien/2405619
7392552005033,https://www.zooplus.fr/shop/chiens/croquettes_chien/carrier/1991543
3182550888745,https://www.zooplus.fr/shop/chiens/complements_alimentaires_chien/complements_alimentaires_chien_huile_liquide/9980182300
8594062088868,https://www.zooplus.fr/shop/chiens/croquettes_chien/calibra/1747109
3666639128248,https://www.zooplus.fr/shop/chiens/friandises_chien/bois_corne_sabot/9980066105
